time,asset,PriceUSD,CapMrktCurUSD,TxCnt,AdrActCnt,CapMVRVCur,HashRate,FlowInExUSD,FlowOutExUSD,IssTotUSD,FeeTotNtv,NVT_Tx_Basis,Activity_Velocity,FearGreedValue
2020-01-01,btc,7170.63186879018,130044373322.33379,251867.0,524360.0,1.28743526,112929774.50430365,80693523.99722832,60461560.137709655,15596124.314618642,9.88624584,,0.4803322145091159,37.0
2020-01-02,btc,6946.82526914085,125997729470.88751,291935.0,671016.0,1.24755453,96717718.31238091,279146401.7905443,163300993.21011442,12243779.536860747,13.72092988,,0.4350641415405892,39.0
2020-01-03,btc,7315.3093603156,132696546617.94122,323153.0,721747.0,1.31328518,115924073.72193182,216666040.39154914,205689398.86137316,15453591.023666704,16.61093093,,0.447737226479639,38.0
2020-01-04,btc,7343.16419438925,133217241900.65343,282301.0,611397.0,1.3185072500000001,115238132.457305,130594582.24770047,84164077.07311237,15420644.808217425,12.14848956,,0.46173108471255175,38.0
2020-01-05,btc,7345.53069181765,133275140628.50085,288212.0,597061.0,1.31891454,111808426.13417092,73508053.6842539,73310955.70164922,14966518.784578461,11.89008149,,0.48271784625021563,39.0
2020-01-06,btc,7765.7977346581,140913446583.57416,297843.0,724219.0,1.39343235,92602070.72462001,225051208.75834584,213023108.54888564,13104783.677235544,20.52394116,,0.4112609583565192,41.0
2020-01-07,btc,8136.08684190532,147650387097.9029,347212.0,775757.0,1.45871525,120725662.57431954,266022946.8711053,217389815.20929217,17899391.052191705,25.8148978,,0.4475783009370202,40.0
2020-01-08,btc,8059.69952887201,146278447249.11566,318633.0,754553.0,1.44434936,97403659.57700774,271938035.0991,237663445.54866293,14305966.663747817,31.09413688,,0.42228047599042084,51.0
2020-01-09,btc,7817.13609322034,141891415486.24527,322838.0,773570.0,1.40023893,107692778.54641,227419124.35212043,202798693.87280872,15341129.582944917,29.98803411,,0.4173352120687204,44.0
2020-01-10,btc,8129.81791992987,147582148237.8166,332463.0,792103.0,1.4552017800000001,102205248.42939548,279460974.9529646,306581176.6416583,15141785.875869382,32.45580749,,0.41972193010252457,41.0
2020-01-11,btc,8032.00549503215,145822905688.42953,303555.0,640445.0,1.43755242,111808426.13417092,107299098.87441549,122332572.61455959,16365211.196128005,17.8069863,,0.47397512666973746,50.0
2020-01-12,btc,8164.54999316189,148244692101.63885,278853.0,581504.0,1.46084233,103577130.9586491,72209962.22979395,86471930.78924923,15410588.112093067,14.32472421,,0.47953754402377285,45.0
2020-01-13,btc,8121.92566762127,147485275164.18646,299786.0,705443.0,1.45276596,98089600.84163456,238965373.02899513,220054176.86450118,14517942.13087302,18.08368461,,0.42496133635176764,49.0
2020-01-14,btc,8830.16787346581,160362182649.78302,346978.0,850757.0,1.57463765,99850250.9686384,521290743.95279205,372374724.1900447,16004679.270656781,26.53385378,,0.4078461887471981,56.0
2020-01-15,btc,8811.44820251315,160038851605.64972,328833.0,759192.0,1.56868373,110915119.36618419,444069161.0713882,391837341.55480456,16631608.482243571,31.00065728,,0.43313549141719093,54.0
2020-01-16,btc,8718.68699801286,158371394895.92358,326587.0,739283.0,1.5507862700000001,116791417.08094886,250180267.73538142,281535519.8849583,17328390.40855056,23.75953935,,0.4417618151641523,55.0
2020-01-17,btc,8912.54190414962,161910403912.36758,323884.0,756728.0,1.58368313,116791417.08094886,263279634.88343608,279906482.4566171,17713677.03449737,24.37864596,,0.4280058356503261,54.0
2020-01-18,btc,8928.1807565751,162209239871.51685,290970.0,649187.0,1.58583813,96958912.29361789,130389651.33304174,113057563.86467446,14731498.248348914,18.18036187,,0.448206757066916,51.0
2020-01-19,btc,8687.35483664524,157850148001.62515,282105.0,622774.0,1.54314165,110180582.1518386,134070757.30180939,137951725.73655674,16288790.318709824,16.02521748,,0.45298133833461257,53.0
2020-01-20,btc,8636.2587862069,156938136300.68027,312967.0,741539.0,1.5341389200000002,111649656.58052978,208230851.22751337,224076867.93753913,16408891.69379311,17.8483709,,0.4220506271416608,48.0
2020-01-21,btc,8730.86756019871,158674065182.0027,311835.0,756250.0,1.5503965000000002,112384193.79487537,245495964.85373366,249511518.96250662,16697784.208880033,20.60207064,,0.4123438016528926,49.0
2020-01-22,btc,8647.90047399182,157183091622.76913,326380.0,771727.0,1.53544323,114587805.43791209,255656417.0119228,305104340.3554035,16863405.92428405,21.32645178,,0.4229215771898612,52.0
2020-01-23,btc,8366.38461396844,152082924891.57297,337280.0,789764.0,1.48547764,116791417.08094886,221365610.50674182,223660853.68517497,16628189.420262275,21.59230675,,0.4270642875593215,49.0
2020-01-24,btc,8423.39095815313,153135182382.82776,311823.0,720051.0,1.49494018,111649656.58052978,227287040.4196245,239153054.53840595,16004442.820490947,15.67738221,,0.43305682514155247,40.0
2020-01-25,btc,8344.77456896552,151723062490.33078,283292.0,665971.0,1.4807681000000001,120464103.15267676,70461158.39108236,76971427.2658962,17106787.866379317,11.37557861,,0.42538188599803894,41.0
2020-01-26,btc,8573.87480958504,155903844151.00034,256739.0,544915.0,1.5209573299999999,105038821.65141945,118956185.43586081,77242675.56258245,15325801.222133258,10.36229717,,0.4711542167126983,42.0
2020-01-27,btc,8901.95928486265,161883952905.7292,285400.0,726725.0,1.5779271000000001,94755300.65058112,233057811.88337573,213911948.58233464,14354409.346841022,20.76459228,,0.39272076782827064,50.0
2020-01-28,btc,9297.3883176505,169091413723.46133,339784.0,812560.0,1.64585254,107492950.68599442,379628526.5279455,205846564.62449265,16502864.263829637,22.34831969,550305.7106771932,0.41816481244461945,54.0
2020-01-29,btc,9311.94754354179,169374825966.0464,340075.0,767507.0,1.6452865600000002,123011831.71279211,296590588.1246241,209196144.68568695,18623895.08708358,20.28226774,545633.9262637319,0.44309042132514753,57.0
2020-01-30,btc,9508.92096493279,172976113948.8801,332584.0,765495.0,1.67702648,119936535.91997233,277654483.54593325,294348199.8473516,18542395.88161894,19.90003677,554641.404770488,0.43446919966818853,57.0
2020-01-31,btc,9357.28478240795,170234553906.81723,329369.0,762130.0,1.64732688,110710648.54151301,237874893.32233518,310812807.75532216,16843112.60833431,22.2899417,545462.4165400404,0.43216905252384763,55.0
2020-02-01,btc,9381.88602863822,170699826042.57834,304884.0,743933.0,1.650978,116092416.17894764,117318311.65294734,102703974.73462285,17708309.87905464,17.75920966,545543.3923154725,0.409827229064983,57.0
2020-02-02,btc,9339.38706312098,169943267782.81882,292383.0,706042.0,1.6435675600000001,109941824.59330806,128561202.50955012,127356764.52004673,16694154.375328751,16.59845485,542867.0436348327,0.4141155908572011,57.0
2020-02-03,btc,9279.81252051432,168876392941.6707,336226.0,879860.0,1.6319591,113785944.3343328,276202335.80294806,235904372.6675901,17167653.16295149,21.95770671,537107.0498131334,0.38213579433091627,59.0
2020-02-04,btc,9161.62719772063,166740743006.20746,307816.0,764885.0,1.61069803,101484761.16305356,237210506.02278882,199821101.56142673,15116684.876239039,23.85357125,532698.4567857969,0.4024343528765762,56.0
2020-02-05,btc,9628.13677586207,175250308848.13208,363153.0,823713.0,1.6908681300000001,122243007.76458718,333077961.47592634,257957169.6620845,19135921.842025865,24.99615264,557054.905485613,0.44087321676360575,53.0
2020-02-06,btc,9739.2804364699,177289768826.43756,321928.0,765225.0,1.7057167500000001,103791233.00766842,342761690.4850656,300395018.4398062,16435035.736542957,28.15307607,563595.8051379429,0.42069718056780686,61.0
2020-02-07,btc,9800.27939982466,178417196310.33414,333319.0,865396.0,1.7097118,106866528.80048823,281245939.8868205,278892383.0671643,17027985.457195345,30.87725014,567124.7277933531,0.38516355518167406,56.0
2020-02-08,btc,9911.29340841613,180455462436.1386,315526.0,709380.0,1.7266427100000001,106866528.80048823,173420057.16191092,242981114.96901974,17220872.297123026,20.96670859,572825.1897837681,0.4447912261411373,56.0
2020-02-09,btc,10151.0832026885,184840742312.64767,318974.0,695691.0,1.7664075700000001,117630064.07535753,222111626.6836948,170816996.49476466,19413946.625141755,20.02549756,584088.8021002581,0.4584995349947031,56.0
2020-02-10,btc,9872.36187305669,179780570081.514,295461.0,703356.0,1.71346985,93796521.681004,418370390.38785833,371189971.5357402,15055351.856411451,28.26855498,568376.300071799,0.4200731919540034,57.0
2020-02-11,btc,10272.2225558738,187081233587.23752,361869.0,885934.0,1.7792319,114210895.7545908,384887509.3126293,278148840.6472272,19003611.72836653,33.94424776,590464.5691855252,0.4084604496497482,52.0
2020-02-12,btc,10360.1352229106,188700718413.703,350973.0,822547.0,1.79208365,109742275.1892226,447802070.52600306,364863356.77083784,18389240.020666316,38.29046921,594093.3292356632,0.42669051130208974,61.0
2020-02-13,btc,10235.4973226184,186448589139.1426,336765.0,815808.0,1.76851563,108969442.26535484,382864816.61377376,336372035.97617435,18040064.03111493,34.63479347,586331.858739292,0.41279933513767947,65.0
2020-02-14,btc,10361.6156901812,188763431392.39105,329123.0,741471.0,1.7883096,104332444.72214827,341693537.19946295,332863867.6609728,17485226.477180775,32.91772289,593262.3525872591,0.44387845242767415,63.0
2020-02-15,btc,9911.72432700175,180585098507.1185,316931.0,736640.0,1.71075719,109742275.1892226,220947942.88315526,228455944.89543056,17593310.680428106,27.63375097,565909.6956853232,0.4302386511728931,64.0
2020-02-16,btc,9952.04661157218,181337408895.616,299527.0,655188.0,1.71695434,109742275.1892226,175662382.36495817,164101825.18884262,17664882.73554062,22.16629317,567161.3633591366,0.45716191383236565,59.0
2020-02-17,btc,9683.0796277031,176455532970.77463,337935.0,773751.0,1.67061779,121334769.04723918,316952159.59710926,259681425.4546185,19003043.769367334,24.86386761,550357.5912436659,0.43674903166522566,49.0
2020-02-18,btc,10195.3037904734,185808950969.89786,327054.0,783570.0,1.7542542600000002,115924938.58016479,354159972.6319436,379938887.01178914,19116194.607137624,30.70683728,578549.7239952503,0.41738963972587007,53.0
2020-02-19,btc,9636.00229865576,175632690004.1369,340104.0,792783.0,1.65794069,108969442.26535484,311270880.85634005,342382565.59796077,16983454.051380776,31.31333496,546030.7738147913,0.4290001173082672,50.0
2020-02-20,btc,9614.03012244302,175247351456.8183,311982.0,766448.0,1.65435215,97376948.40733843,339718023.7035452,400407241.3719389,15142097.442847757,27.26710294,546367.4854869612,0.4070491409723817,44.0
2020-02-21,btc,9701.79750268849,176865876880.39227,341390.0,768521.0,1.66881312,119016270.27563587,250154197.63957027,351328664.10945606,18675960.192675345,23.7836571,549604.159455797,0.4442168789141741,44.0
2020-02-22,btc,9675.24905756868,176399792167.0473,300166.0,660812.0,1.66379813,114379272.73242924,133417481.595806,130201373.88664813,17899210.75650206,17.90379811,547131.211138188,0.45423811916248497,43.0
2020-02-23,btc,9972.84242308591,181843236236.8033,289114.0,622397.0,1.71384131,109742275.1892226,197777712.0766963,190282898.39691794,17701795.30097749,16.93047175,561999.402264891,0.46451702048692395,46.0
2020-02-24,btc,9648.00788310929,175937259068.28143,328045.0,758122.0,1.65765413,108969442.26535484,308870782.23295754,314254429.4463745,17004613.893980123,22.98117293,541199.1103407079,0.43270740065583113,46.0
2020-02-25,btc,9344.28714009351,170415547339.4431,339313.0,743278.0,1.60369037,111005384.3400511,262374218.7682713,296810263.2736546,16819716.852168318,25.13210161,524240.9461826868,0.4565088701670169,44.0
2020-02-26,btc,8798.88894856809,160483857843.05478,328537.0,778003.0,1.5115191600000002,104700775.42728595,388780840.5730599,358540743.6702015,14958111.212565754,29.4826701,494315.1906990681,0.42228243335822613,41.0
2020-02-27,btc,8779.02948188194,160137770415.14587,338194.0,777389.0,1.5090115800000001,113169220.49861053,314144484.88326055,356325989.81534874,16131466.672958065,26.8926774,492944.9760312826,0.4350383141516023,39.0
2020-02-28,btc,8750.59344599649,159636352746.77158,361653.0,778213.0,1.50435395,121637665.56993525,305957580.9385927,349741229.54954386,17282422.055843066,25.33222814,489663.5564179054,0.46472238320357023,40.0
2020-02-29,btc,8582.09029964933,156577275161.49323,309086.0,679597.0,1.4758156900000001,107010351.35582903,113962129.72090502,133416640.33041006,14911381.89564071,18.45936649,480059.2545017081,0.45480777578476655,38.0
2020-03-01,btc,8541.77389392169,155860614930.09494,312717.0,674209.0,1.46928146,136264979.78404152,112284786.61273956,111330223.44743735,18898674.74030174,14.47682229,476800.3886473186,0.4638279821242374,39.0
2020-03-02,btc,8906.21475645821,162527106819.9153,341655.0,829550.0,1.53109223,114708937.78430595,308411031.41568005,295010985.58240175,16587824.983903416,23.27773824,496899.42696388625,0.4118558254475318,38.0
2020-03-03,btc,8768.81061420222,160036426101.82806,346828.0,840712.0,1.5070435400000002,117788372.35569674,260163316.00128627,272418862.41973233,16770350.299661746,24.9233851,487209.20403256355,0.41254079875153443,38.0
2020-03-04,btc,8756.36957218001,159827648015.21225,350503.0,857423.0,1.50859699,128566393.35556455,219391091.27003032,300800033.6200272,18278921.48192577,23.66006776,487243.7626978887,0.4087865615921196,40.0
2020-03-05,btc,9062.61580274693,165435942800.14697,350421.0,793221.0,1.56090164,125486958.78417374,285745952.73215777,314992722.39011234,18465079.69809687,24.49823848,502781.226473651,0.4417696959611508,41.0
2020-03-06,btc,9147.08505897136,166995631895.5666,338758.0,804945.0,1.57478419,119328089.64139213,241928545.0812669,383407015.0713209,17722477.30175701,26.72650429,507221.8844714302,0.4208461447676549,39.0
2020-03-07,btc,8898.30695675044,162471226444.75668,313782.0,682432.0,1.53210003,120867806.92708752,117405597.52989627,102178810.2675167,17462927.402622737,18.43739742,493573.1193110438,0.4597996576948326,38.0
2020-03-08,btc,8109.61454114553,148086770498.23337,304534.0,654911.0,1.39731984,121637665.56993525,202564656.9250872,198548054.68449265,16016488.718762422,16.31170846,450580.3445126971,0.4650005878661375,33.0
2020-03-09,btc,7896.38531987142,144207873678.32483,347351.0,809850.0,1.36296685,120142063.4511651,597544197.0782378,504168350.6256965,14805722.474758912,25.76748365,436317.830610072,0.42890782243625364,17.0
2020-03-10,btc,7909.92787545295,144468246215.19913,329508.0,807778.0,1.3667676,108616241.39191228,365205569.1669163,327515532.895987,13051380.994497368,27.85651202,438639.4778398336,0.4079190074500667,16.0
2020-03-11,btc,7939.34133477499,145017268327.98508,290284.0,728889.0,1.37532279,97919187.31543607,288530336.1176757,253102607.30975977,11809770.235477798,30.50425847,443223.25893857196,0.3982554270952093,17.0
2020-03-12,btc,4959.31341437756,90594467680.79959,346057.0,909601.0,0.8774690900000001,124250397.34983888,814650822.5417218,598738454.0256151,9360704.069637645,60.27268581,276607.6780397067,0.3804492299370823,14.0
2020-03-13,btc,5627.69238836938,102812902144.09328,279662.0,786409.0,1.00230839,102856289.19688664,1078959554.0206513,929439244.8683974,8793269.356827157,84.53514729,315615.89069055574,0.3556190226714089,10.0
2020-03-14,btc,5145.17250642899,94005928118.49553,276029.0,772769.0,0.91943052,105324840.13761191,355920510.49911857,292747675.6985985,8232276.010286384,53.38664899,289880.088103659,0.3571947114855798,8.0
2020-03-15,btc,5358.61066335476,97913564614.60316,224876.0,629326.0,0.9586443000000001,97919187.31543607,203092511.3216756,181031499.97214696,7970933.361740205,42.20753235,304432.6512429228,0.3573283163257199,12.0
2020-03-16,btc,5012.92738778492,91604630050.69981,269587.0,725120.0,0.9005596,97919187.31543607,478892984.19304943,537022508.7299114,7456729.489330068,61.87674265,286995.089219273,0.3717826015004413,9.0
2020-03-17,btc,5416.7547106955,98992369512.90936,279277.0,765477.0,0.9746562500000001,101210588.56973645,399746002.4140173,403194276.25769347,8328260.367694331,62.61810511,311807.579011287,0.3648404850831573,8.0
2020-03-18,btc,5392.48783594389,98555627712.75357,233212.0,633373.0,0.9709875200000001,82285031.35750929,245969996.22548762,355261901.05778474,6740609.794929863,60.56676788,314210.18816318235,0.36820641233522744,11.0
2020-03-19,btc,6203.5516320865,113387305928.47572,265543.0,709786.0,1.11612479,88044983.55253497,360659809.56749195,438383767.5960706,8297250.307915694,68.82659617,363417.4411363492,0.3741169873736591,12.0
2020-03-20,btc,6174.14947603741,112858311337.38545,282852.0,734614.0,1.11275432,89690684.17968515,452583125.6378878,396281291.1293737,8412278.66110097,79.23757339,364162.1082470792,0.3850348618458129,9.0
2020-03-21,btc,6175.83102220924,112898621139.26903,238359.0,637554.0,1.11317824,102033438.88331154,144504973.40617388,197186426.6325961,9572538.084424322,44.31800726,366905.511612011,0.37386480204029776,9.0
2020-03-22,btc,5830.56097960257,106596093106.52202,215499.0,579901.0,1.05120625,104501989.82403682,136104388.059196,121518588.17630197,9256015.55511908,35.51525371,349408.5669793309,0.37161343056832113,11.0
2020-03-23,btc,6486.40865733489,118595581239.08948,256978.0,667486.0,1.16908967,92159235.12041043,291747720.4320182,321238088.67292064,9080972.120268846,50.41681163,392002.68144812016,0.38499384256748453,10.0
2020-03-24,btc,6775.05761893629,123884332494.96886,280363.0,736233.0,1.21902362,108616241.39191228,272539502.89212173,358405431.08808595,11178845.071244879,44.46381529,412353.54407239665,0.3808074346029042,12.0
2020-03-25,btc,6689.96901285798,122336150605.96745,219772.0,587460.0,1.20405859,75702228.84890854,234643169.2669562,305694170.6183039,7693464.364786677,46.56217239,412534.2593422753,0.3741054710107922,13.0
2020-03-26,btc,6754.46033606078,123528980419.07896,286521.0,889704.0,1.21539093,111836546.3991491,244603603.87603003,215266407.2563,13508920.67212156,53.57566262,419165.17616794416,0.3220408135739527,14.0
2020-03-27,btc,6490.79541502046,118719519155.59431,273175.0,807651.0,1.168733,107197274.86378047,273925208.2393577,302086202.06874996,12575916.116602141,40.79857662,407211.7571155882,0.33823396491801533,12.0
2020-03-28,btc,6231.81989023963,113993258453.11455,241957.0,627230.0,1.12273873,93365368.42974424,169679781.67400858,205598009.11718684,10516196.064779375,28.732255,394242.5373190425,0.3857548267780559,8.0
2020-03-29,btc,5904.85758679135,108023566970.573,234751.0,591287.0,1.06488351,104430893.57697324,190445904.9039782,155457125.5716951,11145418.695068672,21.32088094,377229.28605926095,0.39701701542567314,12.0
2020-03-30,btc,6436.90570017534,117768692186.59363,278279.0,770915.0,1.16111925,101664512.29016598,282501992.99751663,275717082.95140237,11827814.224072188,26.21496686,414536.80460132234,0.3609723510374036,10.0
2020-03-31,btc,6432.3832421391,117698734312.41174,288338.0,816889.0,1.16086021,109963656.15058772,187408443.77212405,234616045.4298559,12784361.693751462,28.94855293,417359.34686125186,0.35297084426403097,12.0
2020-04-01,btc,6643.11000870836,121567284407.78577,285331.0,824108.0,1.20232747,105814084.22037683,239846804.60936838,267889572.91559455,12704947.89165474,27.42464444,434664.74552320933,0.3462301057628369,12.0
2020-04-02,btc,6792.74222209234,124318508345.33902,300020.0,798186.0,1.2293196,105814084.22037683,295368874.88893217,272849185.8849199,12991119.4997516,24.55164987,447381.1309805527,0.3758773017817902,14.0
2020-04-03,btc,6751.90255178258,123582214925.00829,276158.0,750332.0,1.22207588,91290582.4646388,273649960.28407615,299314552.2335162,11140639.210441258,25.84589966,448338.60576275137,0.3680477441985681,14.0
2020-04-04,btc,6859.98916867329,125574021300.84401,255653.0,657862.0,1.24154011,108580465.50718409,116688213.38739419,136971701.38809222,13462728.74352133,16.47818248,459021.7446517932,0.38861189732801105,12.0
2020-04-05,btc,6790.81247264758,124322577425.2926,237774.0,596364.0,1.22896481,121029181.2978167,96881126.71349218,121013381.06431289,14854902.283916581,13.48082669,458442.78498694656,0.3987061593255126,12.0
2020-04-06,btc,7298.17374517826,133622754419.986,282652.0,780832.0,1.31870276,88524201.17783155,400471165.4661899,391591964.0288738,11677077.992285216,21.49900893,496971.97633457225,0.3619882381869596,12.0
2020-04-07,btc,7187.59333664524,131613224221.5547,310534.0,938358.0,1.29919781,116188014.04590404,305499891.79148346,300797345.4022875,15093946.006955003,25.02642565,490734.8975761122,0.330933396422261,20.0
2020-04-08,btc,7372.19476399766,135006761796.008,283150.0,760207.0,1.3318000300000001,103260704.52088556,254411002.35105425,273341743.1927919,13269950.575195787,22.45575263,503866.7611464906,0.37246434194896916,21.0
2020-04-09,btc,7299.57918790181,133691006813.91693,289249.0,730620.0,1.3184332,112650577.82639459,309955129.34112626,433484705.62386256,14051689.936710984,23.38032638,502763.0850678041,0.39589526703347844,22.0
2020-04-10,btc,6859.82267475161,125650890516.87971,286082.0,735297.0,1.24393645,119234053.15391117,267249728.83864704,306354721.3521896,13976888.699806405,20.58873326,472120.05179202015,0.3890699948456202,15.0
2020-04-11,btc,6883.18222895967,126092446156.63507,249141.0,634944.0,1.24828502,116308064.11945938,121695812.61997771,160618007.69018978,13680324.680057345,13.783338950000001,475494.8183590381,0.39238263531902023,15.0
2020-04-12,btc,6978.66628661601,127854957413.5737,232510.0,618062.0,1.26554137,111919080.56778164,125744140.59421436,118667707.5221385,13346699.273153119,13.10795615,481646.05319697544,0.37619203251453737,10.0
2020-04-13,btc,6863.57553319696,125761070198.93243,281944.0,764583.0,1.24500204,125086031.2228148,215709402.49018562,281722411.50692415,14670892.702208502,16.39071572,472971.78853697196,0.3687552561330817,11.0
2020-04-14,btc,6875.53850344828,125994705942.76488,303129.0,843493.0,1.24727346,122891539.44697595,199917167.46723983,210074920.03098714,14438630.857241388,23.37958223,472337.2231024134,0.35937346249465024,15.0
2020-04-15,btc,6625.47577510228,121426285928.7838,309402.0,926278.0,1.20252464,123623036.70558889,354433497.61641526,329372105.6903905,13996317.574903566,26.05087792,450614.1464234541,0.3340271495166678,18.0
2020-04-16,btc,7127.79228223261,130646051882.06584,321911.0,880665.0,1.29329091,112650577.82639459,440544886.3691769,362977088.6468697,13721000.143297775,28.55316429,481233.59237457364,0.36553172886398344,13.0
2020-04-17,btc,7081.39519842197,129806876584.3978,287202.0,844316.0,1.2848303300000001,92900151.8438449,247050561.93015063,365145199.6323978,11241714.877494877,25.52914511,477869.0337395134,0.3401593716096817,15.0
2020-04-18,btc,7262.79234360023,133146355855.41402,285552.0,847811.0,1.31739282,115576566.86084642,144338600.82872158,133256938.7605166,14344014.878610454,19.1355429,487140.3124478187,0.3368109165840028,18.0
2020-04-19,btc,7150.2442154588,131096633928.62564,254065.0,718815.0,1.29699559,111187583.3091687,121845542.22650565,108913171.60938832,13585464.00937172,15.68324255,477236.08750508743,0.35344977497687163,16.0
2020-04-20,btc,6853.27341478667,125665595004.13223,307154.0,842251.0,1.24397211,117771058.63668527,249837963.05958557,287680730.8538309,13792212.747258173,21.88057006,454500.34224938805,0.3646822621760022,15.0
2020-04-21,btc,6870.42369865576,125992868717.38625,311455.0,818062.0,1.2473842,116039619.81187667,269901637.36824584,280278589.4845943,12796164.138746353,23.40630527,453861.2390066945,0.3807229769870743,17.0
2020-04-22,btc,7123.65691992987,130648436527.64308,283681.0,762361.0,1.29301523,103923467.23346883,232180232.6191151,276761468.0291533,11664988.206385162,26.32081641,466793.87333991,0.37210848928525986,19.0
2020-04-23,btc,7488.60516528346,137354908752.06412,327396.0,935989.0,1.35798226,112649865.24543951,336543625.04936177,241653489.13407978,13292274.16837814,41.22774666,488209.0326560534,0.3497861620168613,19.0
2020-04-24,btc,7506.44331648159,137695605129.5817,317682.0,893187.0,1.3603772,114236483.06579782,354415478.40200657,423174952.91627634,13511597.969666863,36.24518432,486670.4076907749,0.3556724403736284,20.0
2020-04-25,btc,7537.73820911748,138282481992.70456,278517.0,813456.0,1.3657326300000001,107890011.7843646,144344258.77221853,133632679.39937073,12814154.955499716,27.58160072,486499.51095048146,0.3423872956865522,24.0
2020-04-26,btc,7684.06852168322,140980122465.1078,257046.0,724250.0,1.39182404,108683320.69454375,163928613.58216646,162513420.46329424,13158967.343382515,21.33607092,494604.68196845567,0.35491335864687606,21.0
2020-04-27,btc,7777.49151858562,142707868307.3903,311090.0,876229.0,1.40592618,111856556.33526036,317400057.1339553,303319502.91082025,13707828.801507154,28.07740054,498616.3040646703,0.3550327597009458,28.0
2020-04-28,btc,7769.89969842197,142583524348.09668,326468.0,926669.0,1.40416612,122169572.16758937,301691569.9636058,330359299.6311145,14957056.919462292,27.51674127,495822.710448044,0.3523027100291474,26.0
2020-04-29,btc,8761.83716954997,160802206508.21957,330308.0,911617.0,1.57124906,115029791.97597697,576183498.7233881,563895535.0041202,15880829.86980932,53.53878,556070.5801560652,0.3623319881046536,26.0
2020-04-30,btc,8652.4109912332,158808556147.54883,320861.0,947585.0,1.54783671,107096702.87418543,554962982.9678564,551290664.9044564,14600943.547706025,108.68255065,547766.4140764057,0.3386092012853728,44.0
2020-05-01,btc,8855.53525827002,162552358585.9274,330551.0,955523.0,1.58149669,111856556.33526036,430441230.4976388,391627481.14989394,15607880.89270091,106.72348118,556947.8078444102,0.34593725111797413,40.0
2020-05-02,btc,8977.28170537697,164803746448.9257,292646.0,970554.0,1.6018319600000002,117409718.70651443,166647926.20140317,144836951.77555192,16607971.154947395,68.955651,562117.1225200751,0.30152469620443584,40.0
2020-05-03,btc,8896.7956383986,163344877181.00287,283545.0,909805.0,1.58639791,133275896.91009754,225392377.4443084,182196638.35719967,18683270.84063706,57.64103813,554051.9955265579,0.31165469523689143,45.0
2020-05-04,btc,8881.95430450029,163089932635.14145,324017.0,889636.0,1.58241067,125342807.80830598,315835430.5427073,377672231.3388294,17541859.751388073,66.64723602,550429.0730726755,0.3642130039701631,44.0
2020-05-05,btc,8985.8795993571,165015950017.1822,327645.0,970464.0,1.59959352,126330903.87563805,310330665.5680037,264702430.95953858,17747112.208730273,71.76537045,555783.091907546,0.3376168513206054,40.0
2020-05-06,btc,9266.8130730567,170192827716.01007,334650.0,972369.0,1.64574813,123288445.65559772,346561801.5241552,341809741.98809665,17838615.165634148,68.71352199,569689.9838298445,0.3441594703245373,42.0
2020-05-07,btc,9993.75317685564,183562058560.50378,343684.0,1020443.0,1.76246608,117684425.39852506,646018674.9282279,520865775.4192439,18363521.462472238,90.91447074,610468.4336901358,0.33679882168822756,49.0
2020-05-08,btc,9859.32360461718,181109783310.85468,324693.0,949216.0,1.7350492700000002,109678682.17413558,539386933.4302711,504741686.29336923,16884091.67290692,104.01051198,599563.3611597063,0.3420643984087921,55.0
2020-05-09,btc,9577.33892238457,175946177530.5424,310119.0,906900.0,1.68527866,108878107.85169664,332276780.05544066,320755776.66569495,16281476.168053769,85.19552167,578299.9765175935,0.34195501157790276,56.0
2020-05-10,btc,8715.03329322034,160123200654.1847,283795.0,869262.0,1.5344439200000002,136097634.81462088,303975346.8096647,328533058.9893406,18519445.74809322,62.21652357,523143.61778817634,0.32647809291099805,48.0
2020-05-11,btc,8591.65288433665,157871609470.3379,311653.0,999192.0,1.51427708,125690168.62291455,452465611.8950287,530368311.52864677,15303881.700224658,92.13805594,514005.54972442886,0.31190501925555847,40.0
2020-05-12,btc,8817.25068112215,162025014405.08948,342304.0,954129.0,1.55398556,116883851.07608612,322299163.146982,448903289.8385556,8045741.246523961,107.9413384,525136.2531319848,0.3587607126499666,39.0
2020-05-13,btc,9322.99720204559,171325501477.10483,299956.0,858458.0,1.64026769,95268344.37023449,434914011.59781474,475513572.7518725,6933979.169021407,112.15347886,555887.6970572066,0.3494125513420575,41.0
2020-05-14,btc,9801.26948772647,180121529585.91864,268116.0,880861.0,1.72149026,91265472.75803976,441066914.869124,380006213.13492465,6983404.51000511,146.44154829,588093.5697700115,0.3043794650915411,40.0
2020-05-15,btc,9326.87585891292,171410710236.33826,311224.0,895670.0,1.63770129,100071790.3048682,440162380.8311293,611033546.7312629,7286621.764775719,159.72724081,558089.6237208935,0.3474761910078489,44.0
2020-05-16,btc,9395.4753893045,172678841534.62964,295280.0,880534.0,1.64923495,100872364.62730715,184075598.63884172,132910139.64968382,7398936.869077294,107.92182736,561583.2328315366,0.3353419629452128,41.0
2020-05-17,btc,9682.5324811806,177960818089.34174,236007.0,763444.0,1.69855053,81658580.88877237,179469041.4645806,155079527.85537055,6172614.456752633,99.24350293,579977.6485436398,0.3091346582067578,40.0
2020-05-18,btc,9726.85002209235,178783137073.02304,275691.0,970423.0,1.7030904,102473513.27218504,452983209.7492968,437742897.17544264,7781480.01767388,169.12818517,584799.188564201,0.2840936375168354,50.0
2020-05-19,btc,9754.20146201052,179292877588.71863,272964.0,890493.0,1.70545218,92066047.08047871,360268629.58987,402280157.85223633,7010832.300820061,182.03040512,589115.5478730694,0.3065313259059869,50.0
2020-05-20,btc,9515.702550263,174915846484.68948,276199.0,865708.0,1.66337697,86731596.76375672,293174848.3126918,343442144.966472,6839411.208001532,191.32284729,575238.6834663113,0.3190440656664834,52.0
2020-05-21,btc,9068.80122933957,166708415917.14926,302259.0,928630.0,1.58611169,98579623.70355071,445394748.1494487,394721149.7214291,7425081.006521773,203.92754802,549870.672847257,0.32548916145289297,49.0
2020-05-22,btc,9161.81503389831,168424610263.70425,278942.0,797526.0,1.60231403,83529299.47400093,301580449.4814652,322807773.82728815,6356009.179766953,157.24802245,558078.1928283277,0.34975913010986476,42.0
2020-05-23,btc,9183.66212507305,168833062758.505,267042.0,848702.0,1.60568496,89549429.16582084,137745685.63199696,120964396.45337126,6830348.705523081,103.09663982,560192.3218813841,0.31464754413209817,40.0
2020-05-24,btc,8806.23065715956,161900721760.6346,216545.0,807939.0,1.54008682,87291880.53138837,136398916.39812377,146649189.23507148,6384517.226440681,74.66233418,539781.2699279838,0.2680214719180532,43.0
2020-05-25,btc,8909.19258153127,163800615663.85916,267395.0,828919.0,1.5590303699999999,94064526.43468578,268046224.3298033,383580137.51634526,6960306.704321304,92.89316062,548971.7935546396,0.32258278553151754,41.0
2020-05-26,btc,8835.13725336061,162445913210.84167,286759.0,852839.0,1.54624899,93312010.2232083,267513271.83759248,279529146.55826515,6847231.371354473,76.69532051,547031.5844427219,0.33624048618789715,39.0
2020-05-27,btc,9169.05743921683,168593394454.69797,299984.0,913075.0,1.60359036,103847237.18389316,311512148.91550475,305693505.7441097,7908312.041324516,79.93457174,569811.1207245343,0.3285425622210662,39.0
2020-05-28,btc,9568.26185300994,175941484285.82523,299064.0,866559.0,1.6722278400000001,98579623.70355071,349870688.80730706,299122027.24212515,7834014.392151888,89.19391746,596214.8292656224,0.34511672026947965,41.0
2020-05-29,btc,9432.41333343074,173450984634.7825,282773.0,852420.0,1.64770853,95569558.85764076,359686132.7392607,324110792.0510827,7486978.08341065,93.15375088,591193.7356380956,0.33172966378076535,48.0
2020-05-30,btc,9691.68049117475,178228052044.65002,284116.0,902498.0,1.6921543300000002,117392528.99048796,210732175.8011926,165594372.30534562,9449388.478895381,67.87440774,608107.4145781945,0.3148106699405428,48.0
2020-05-31,btc,9433.94384663939,173497171389.70322,258529.0,801889.0,1.6470495500000002,112877431.72162303,197139082.70494542,150302364.76154903,8844322.356224429,62.06383519,593775.8611035256,0.3223999830400467,51.0
2020-06-01,btc,10199.1350542373,187578142707.61478,302044.0,870833.0,1.77456298,100837172.33798319,384563028.26299006,506325197.74344534,8541775.607923739,78.16103408,643695.2959241787,0.3468449174526,50.0
2020-06-02,btc,9512.34653302163,174954690421.54974,308948.0,899961.0,1.65555855,97074591.28059575,710315932.116929,618234542.4165183,7669329.392248689,98.97509068,601755.4105131038,0.34329043147425276,56.0
2020-06-03,btc,9642.27340035067,177352731439.34332,311153.0,950153.0,1.67699652,104599753.39537065,394791989.44411165,414918319.9091754,8376725.016554644,80.4854491,611769.2348433805,0.3274767326946292,48.0
2020-06-04,btc,9813.36067913501,180508843644.39648,315771.0,884109.0,1.70498933,108319274.22458893,350241549.22129893,305846170.7611854,9261359.140933666,61.68654873,624804.6186848844,0.35716297424865034,54.0
2020-06-05,btc,9641.8916225599,177365595706.9578,331389.0,918647.0,1.67491159,122192367.72521374,411163175.19425464,541477177.5499285,10786866.252738887,56.36753873,613416.9711015841,0.3607359518944709,53.0
2020-06-06,btc,9668.67053857393,177870046318.4762,281291.0,771819.0,1.67895972,133797229.46448,132834822.12245914,153013365.51266444,11844121.409753064,31.22535054,617359.8793182875,0.3644520282605119,54.0
2020-06-07,btc,9747.58011104617,179331395772.25357,254724.0,690992.0,1.69210512,108539589.20842996,136464058.36868083,131290087.2505463,9686657.73535213,26.73099427,624683.1139939278,0.36863523745571586,54.0
2020-06-08,btc,9769.34236148451,179741658882.79865,316297.0,986341.0,1.6929366,110587505.98594747,599974548.4074733,627593134.2209107,9891459.141003067,41.62373052,625750.6992890708,0.3206771289036956,53.0
2020-06-09,btc,9779.42216566335,179936892008.73267,328115.0,910121.0,1.6935742500000002,109222228.13426913,268940351.6842398,309873673.9434025,9779422.16566335,35.03621968,627537.4797108523,0.3605179970575341,52.0
2020-06-10,btc,9888.44417469316,181952982732.76926,324907.0,909669.0,1.71128591,111952783.83762586,313628589.43426865,279935927.9355711,10135655.279060489,38.80315253,632602.6949328964,0.3571705752312105,54.0
2020-06-11,btc,9277.45116931619,170721091857.55527,336672.0,1048342.0,1.60651966,126288201.28024888,407027544.94542265,454835814.0958307,10727052.914521845,38.65136462,588542.3706540769,0.3211471065739997,52.0
2020-06-12,btc,9456.16153331385,174019304039.34656,309817.0,909615.0,1.63695561,111270144.91178666,314349086.1236786,311324209.9708444,9633464.562063485,29.24512633,600016.5396433946,0.340602342749405,38.0
2020-06-13,btc,9461.33379865576,174123830972.77356,283164.0,800767.0,1.63756141,107856950.28259078,148484242.41444632,162228489.22545934,9343067.126172563,21.00629044,601274.0444621012,0.3536159706881028,38.0
2020-06-14,btc,9342.955635301,171955158128.0987,279097.0,698545.0,1.61687359,116048617.392661,116781152.83651718,125399235.6553684,9926890.362507312,16.54032953,590646.5362153953,0.3995404734125933,40.0
2020-06-15,btc,9441.38321127995,173774840415.62903,292792.0,867844.0,1.63326898,94204171.7658072,323221001.6816119,324030920.14017296,8143193.019728957,35.15348673,595647.3561246091,0.3373786072151216,37.0
2020-06-16,btc,9520.09194827586,175232451346.34097,343031.0,986219.0,1.6460272800000002,106884937.53919552,329900868.674931,342214082.19806606,8925086.201508619,51.12808062,595535.4326509112,0.3478243676100339,39.0
2020-06-17,btc,9448.69356060783,173926399830.38492,330975.0,918592.0,1.63347313,108283617.57348618,281096037.0452012,284863966.8065297,8149498.196024253,46.74662944,587192.7909731278,0.36030686093499614,38.0
2020-06-18,btc,9389.99076639392,172853049353.4523,283106.0,854866.0,1.61930293,96513659.14158547,239968356.55402127,382228307.6078321,7218555.401665326,45.46982149,584919.8510179495,0.3311700313265471,40.0
2020-06-19,btc,9285.99158293396,170946908488.14093,345029.0,947402.0,1.601515,112206937.0507864,377819084.9312535,354624222.80110925,8299354.977247227,49.09985578,573886.0733735169,0.3641843694651267,39.0
2020-06-20,btc,9357.29246446522,172267506962.9833,281510.0,760742.0,1.61343538,107498953.67802612,141854180.13162884,136686035.4777186,8012181.672698345,29.45312391,577318.0044186171,0.3700466123863281,38.0
2020-06-21,btc,9284.76937182934,170940831096.1998,256980.0,710176.0,1.6005863,114560928.73716654,130917220.78062344,120559312.00944807,8472352.051794272,24.76545336,570112.8030926335,0.36185396296129413,37.0
2020-06-22,btc,9684.62018474576,178311094487.316,307776.0,850006.0,1.66795041,112206937.0507864,340326863.2876052,323209912.7373859,8655629.290116522,37.15312529,591847.0034417368,0.36208685585748807,38.0
2020-06-23,btc,9611.72599824664,176978474354.71844,351192.0,1034537.0,1.65453862,123976895.48268713,530835485.88359475,619413406.8151323,9491579.423268557,45.34851055,582971.0436535738,0.3394678005716567,41.0
2020-06-24,btc,9292.94354354179,171116880435.06366,311143.0,917620.0,1.60043802,109068281.46894622,335366996.0041736,335748708.36226815,8073244.70345193,41.88712373,562923.824231344,0.33907608814106055,50.0
2020-06-25,btc,9247.12143249561,170281277784.0368,315538.0,901033.0,1.59283584,110637609.25986633,398193946.2427211,372811278.8138924,8149025.762386756,40.70263507,559092.8034922904,0.35019583078533195,43.0
2020-06-26,btc,9159.43777206312,168676013923.73868,328405.0,929963.0,1.57369557,128684878.8554474,292630411.40714496,311039049.08879906,9388423.716364698,33.82777488,550874.4771966448,0.35313770547860507,40.0
2020-06-27,btc,9002.16561718293,165787526267.54556,272210.0,761896.0,1.5467905000000002,108283617.57348618,147891658.40938845,140360061.0017283,7764367.844820277,22.83566607,542193.9852972983,0.3572797337169377,43.0
2020-06-28,btc,9108.06567457627,167746363406.58917,265941.0,686270.0,1.5648643400000002,117699584.31900674,141030485.47826886,124113870.22122556,8538811.569915254,19.62706147,548125.6689518176,0.3875165751089221,40.0
2020-06-29,btc,9184.24736627703,169157750925.37515,314488.0,962232.0,1.5775246200000002,113776264.8417065,313152154.2391997,310477815.01573896,8323224.175688558,33.58240058,551935.9728967485,0.3268317827717224,41.0
2020-06-30,btc,9143.96758530099,168424268927.21072,306323.0,926238.0,1.56990039,115344545.21897343,248963037.43650022,278109729.42721844,8401020.218995284,44.57266433,549710.8850153914,0.33071737501592463,44.0
2020-07-01,btc,9241.33961239041,170227137442.6157,378081.0,1078007.0,1.5861884000000002,127111309.03923196,348207822.4813409,283474678.0051384,9356856.35754529,62.00664121,551294.2347712982,0.35072221237895485,42.0
2020-07-02,btc,9094.38728679135,167529570926.75986,339419.0,951042.0,1.56106575,128680584.45946935,309610967.3256139,297971767.52708673,9321746.968961135,55.86321829,541077.9861366925,0.35689170404671927,42.0
2020-07-03,btc,9066.69069661017,167028603057.3506,327948.0,944676.0,1.5561961000000002,127895946.74935065,223572002.15672305,313719387.228201,9236691.147171611,53.37312751,539674.1906482051,0.3471539448445816,41.0
2020-07-04,btc,9126.21955493863,168134212097.31125,292761.0,799989.0,1.56620843,123188120.4886384,161767111.60050985,145602875.88505855,8955102.938283531,31.92033391,542528.3719848645,0.36595628189887613,40.0
2020-07-05,btc,9079.61401808884,167284838602.93985,273114.0,771473.0,1.5581512700000002,127895946.74935065,111863327.16175753,97436450.33593456,9249856.780928006,25.05190941,538646.1030443573,0.35401627795139945,38.0
2020-07-06,btc,9338.94259117475,172071754943.9324,337284.0,989688.0,1.60183713,120834207.3582823,331902785.2165056,276131161.96816224,8988732.244005697,36.81814867,552725.6779285867,0.34079831219535855,40.0
2020-07-07,btc,9252.15873261251,170482056186.43045,349022.0,969354.0,1.58667765,126326671.32911325,310013177.1761611,341664723.86877376,9309984.724691339,41.41658898,546308.9732418967,0.36005628490726815,43.0
2020-07-08,btc,9434.56795645821,173852067499.54385,347004.0,1024085.0,1.6156130100000001,118480294.22792618,572903503.8943753,496807769.6880193,8903873.508907435,48.54780381,555702.8316314222,0.338842967136517,44.0
2020-07-09,btc,9231.50234751607,170119612182.24487,360126.0,1033334.0,1.58050888,128680584.45946935,347579324.9995777,302830724.61014,9462289.906203972,53.8696232,542320.3302620635,0.3485088074136726,44.0
2020-07-10,btc,9285.22101542957,171118891700.69153,345294.0,976205.0,1.58940706,126326671.32911325,328569468.0116794,329532444.2732714,9343253.646776006,48.38790157,543311.391941623,0.35371054235534544,41.0
2020-07-11,btc,9237.17100818235,170242376319.11676,310565.0,885970.0,1.58104284,122403482.7785197,155310157.64877766,129045264.74098818,9006241.73297779,33.38960187,538854.1208908719,0.3505366998882581,44.0
2020-07-12,btc,9289.09797691408,171208222386.19006,280425.0,745665.0,1.5896958200000002,119264931.93804488,109575017.274672,114196369.18266399,8824643.078068376,23.79991734,541829.8931620682,0.3760737060208002,41.0
2020-07-13,btc,9236.62250116891,170249528195.09436,311275.0,909653.0,1.5805788500000002,121474836.12740125,315046111.7782764,382751011.4037128,8486146.922948936,41.91947706,537672.637943263,0.3421909233520914,43.0
2020-07-14,btc,9260.3569868498,170695336818.95126,357160.0,993499.0,1.58381858,124167138.54257391,292728369.53108543,274919434.2292264,8334321.28816482,62.00847811,538222.8421152564,0.3594970905858989,43.0
2020-07-15,btc,9196.72555897136,169530356543.2783,318436.0,971186.0,1.57234112,118993507.76996668,340396221.6494329,353994223.65122604,7932175.794612798,66.36944265,535305.38950272,0.32788363917931274,44.0
2020-07-16,btc,9132.59231209818,168355901495.54816,347671.0,966383.0,1.5613078599999999,117268964.1790976,315474531.951069,313383728.306451,7762703.465283453,78.42071329,527754.3563986319,0.3597652276581852,43.0
2020-07-17,btc,9156.46870976037,168802806794.04153,290533.0,847984.0,1.56536628,101748071.86127587,320969026.11964065,339851554.5355123,6752895.673448273,77.54075651,532403.5564282924,0.3426161342666843,41.0
2020-07-18,btc,9175.90530859147,169168582934.48605,313304.0,892684.0,1.56854068,112095333.40649036,150121138.00493595,131056347.88123165,7455423.0632305695,74.50556433,531653.1699562877,0.35096853981924175,44.0
2020-07-19,btc,9218.84231081239,169967724887.16434,274629.0,872974.0,1.57544863,112957605.20192489,158158844.5619894,183788745.05568013,7547927.1419776445,46.59487063,533108.6119148206,0.31459012525000746,41.0
2020-07-20,btc,9167.19056750439,169023500679.14856,312187.0,940265.0,1.56656719,121580323.1562703,303244679.22961146,255173167.3720255,8078586.687613243,79.51494325,529885.2014208802,0.33202022833988293,44.0
2020-07-21,btc,9388.57434979544,173112681691.1186,313100.0,927506.0,1.6036542,107783974.42931765,302246317.31935775,296664140.13004047,7334823.710777688,104.7056034,545029.2034272796,0.337571940235427,44.0
2020-07-22,btc,9531.2574301578,175752143889.948,362798.0,1017627.0,1.6267058200000002,124167138.54257391,431213008.136824,336219313.36045575,8578131.68714202,142.10036019,550143.9321427977,0.3565137324383099,50.0
2020-07-23,btc,9609.16671537113,177196924217.30652,336506.0,977856.0,1.6387837,117268964.1790976,446213657.95317656,461891739.11089724,8167791.70806546,134.74488564,553369.2725586805,0.34412633352968125,55.0
2020-07-24,btc,9548.1007270602,176080450187.27267,369218.0,1083981.0,1.62771038,138825759.0649611,425355455.820101,426796091.6203252,9607776.356604327,123.60039598,547390.9227076581,0.34061298122384065,53.0
2020-07-25,btc,9702.45279047341,178935530196.2443,290603.0,972156.0,1.6530963,122442594.95170484,259938900.22153866,239723201.926588,8610926.851545151,88.52578136,555133.0184926165,0.29892630400882164,55.0
2020-07-26,btc,9933.90655423729,183213878780.36783,301312.0,999311.0,1.6912535700000002,136238943.6786575,310311980.5410839,239047652.9970418,9809732.722309323,76.19883384,566187.2869867687,0.30151974710575585,55.0
2020-07-27,btc,11046.5083295149,203744198144.59204,325521.0,1022491.0,1.8722293900000002,128082098.07778554,819178956.592499,602691398.6451938,10287060.88186075,124.39804418,628866.5284607497,0.31836074840756545,58.0
2020-07-28,btc,10944.6129789012,201874736728.9706,354433.0,1059084.0,1.84950049,121437040.3952344,679684951.1865335,565232943.7659411,9918555.512129212,188.97272261,619809.2759566844,0.33465995142972604,76.0
2020-07-29,btc,11115.7712819988,205042054834.9217,348023.0,1039672.0,1.87484925,123949530.88617033,514809072.8130173,496554544.2865728,10282088.43584889,175.19797667,631615.5486131244,0.3347430728152725,71.0
2020-07-30,btc,11135.3907261835,205413351537.44217,329417.0,968423.0,1.87475515,113062072.09211469,539445888.2789124,566904423.6863691,9395485.925217329,179.7369445,633456.3344818386,0.3401581746819313,76.0
2020-07-31,btc,11338.1973407949,209165345431.3837,355688.0,1062923.0,1.9051762600000002,128137015.03773022,536395693.61912996,607650469.502814,10842151.207135122,171.2763798,643062.1126248688,0.33463195358459646,75.0
2020-08-01,btc,11797.5821265342,217650107985.90485,292274.0,954055.0,1.97908671,114737065.75273862,429828677.31671983,359108230.0711826,10101679.69584491,123.59327892,669183.6191860802,0.3063492146679175,75.0
2020-08-02,btc,11094.0206841321,204680087352.34372,287133.0,950873.0,1.8599879000000001,118087053.07398653,345228003.62463874,292821715.8604027,9776605.727891413,106.96085099,628338.945056834,0.30196777066968983,80.0
2020-08-03,btc,11236.0956805377,207312688746.4309,334722.0,1080975.0,1.87772343,135674486.51053798,472959680.47185683,508724114.48811847,11376546.876544422,130.13640793,636599.4750711794,0.3096482342329841,75.0
2020-08-04,btc,11202.651909059,206705783553.83926,331448.0,1003351.0,1.87038652,121437040.3952344,355495463.7722427,459854469.5548583,10152403.29258472,113.52550008,635961.5374142727,0.3303410272177932,72.0
2020-08-05,btc,11721.4384715956,216287626623.5641,291603.0,957619.0,1.95126913,108037091.11024292,409867134.5099386,419935078.4648848,9450409.767723953,138.97675331,669517.1985087448,0.3045083691948468,75.0
2020-08-06,btc,11769.3091081239,217182425567.12646,355285.0,1120216.0,1.95155359,130649505.52866612,525678369.0928351,483505001.1178577,11475076.380420802,191.7937623,672647.0371236327,0.31715758389453463,79.0
2020-08-07,btc,11598.9690585038,214050110955.4352,327415.0,1049182.0,1.91764781,127299518.20741823,446973337.8283733,571709969.8882769,11019020.60557861,136.31258215,664259.4494888867,0.31206692451833906,77.0
2020-08-08,btc,11743.0086350088,216718673196.2909,277399.0,951540.0,1.9374292300000002,118924549.9042985,276474763.97072506,214125611.90729854,10421920.16357031,77.86909416,675022.0478446281,0.29152636778275215,77.0
2020-08-09,btc,11680.5173661601,215576777624.0283,275199.0,911571.0,1.9247074400000002,130649505.52866612,227754291.44308415,277112380.38516515,11388504.432006098,64.51935152,671855.9206972339,0.30189529943361515,79.0
2020-08-10,btc,11870.3695447107,219090872112.69235,307280.0,967780.0,1.95320633,114926419.49958968,529587561.4205385,591866097.5947889,10164003.922658537,134.0279181,683111.5295134878,0.3175101779330013,78.0
2020-08-11,btc,11392.6440884278,210284480461.03638,348465.0,1086328.0,1.8719479200000002,129741892.84212302,445790299.1904019,462861343.00299627,10965419.935111757,151.46100591,656289.194829309,0.32077328394370763,84.0
2020-08-12,btc,11575.5124736996,213671208433.45825,342524.0,1049344.0,1.8998291100000002,132269332.31307347,398413195.32368493,439861187.0788191,11358471.614817733,123.88813011,665073.3669275877,0.3264172664064406,75.0
2020-08-13,btc,11773.4481155465,217335699187.2392,330257.0,952528.0,1.92924287,123844534.076572,387717166.0211923,533541329.2647446,10816855.456158347,111.10851906,677791.5467560474,0.3467163170006551,75.0
2020-08-14,btc,11774.4082518995,217365712666.77783,364429.0,1086754.0,1.9265623,140694130.54957497,592318123.739177,644057109.2189298,12289538.612920104,104.97094339,672351.3378523716,0.33533716001965486,78.0
2020-08-15,btc,11866.9103613092,219084951477.1745,309355.0,973628.0,1.93989709,131426852.48942332,209902294.35826716,320993316.689173,11570237.60227647,65.83429852,677965.0149383902,0.3177342886605562,79.0
2020-08-16,btc,11899.6427535944,219700556192.07544,293129.0,892624.0,1.94366153,128056933.19482274,227094761.0886944,289030604.12537694,11304660.61591468,62.0881681,678482.7961963889,0.3283902292566635,82.0
2020-08-17,btc,12315.7624166569,227392906120.48355,289826.0,878796.0,2.00437877,105309977.95626877,730424661.6484069,757657860.2534392,9621689.388013203,84.36692232,703974.6276601423,0.32979895220278654,83.0
2020-08-18,btc,11992.6959962595,221438441189.45932,345122.0,1008612.0,1.95013602,117947175.31102097,546416325.18327,548290999.3070917,10493608.996727062,157.16400815,683121.8636524039,0.3421751872870836,82.0
2020-08-19,btc,11736.8490645237,216724493356.5639,336660.0,988648.0,1.9075114100000001,116262215.6637207,581326780.4641379,706176178.0393707,10123032.318151692,149.28061929,670510.5931909243,0.340525647146406,80.0
2020-08-20,btc,11867.5203439509,219148207449.64774,331546.0,994559.0,1.9266648700000002,123002054.25292186,462190368.97316974,426497760.16584474,10829112.313855195,128.9816647,678380.9609325937,0.33335981073018295,75.0
2020-08-21,btc,11524.6989491525,212828757688.56958,313078.0,1095556.0,1.86965642,130584372.66577318,359161504.63523054,435095025.2579635,11164552.106991485,138.27114309,662933.4105019484,0.28577087798341666,81.0
2020-08-22,btc,11682.2891503799,215748935172.86255,308966.0,950674.0,1.8943344400000002,114577256.0164204,210466093.57196105,209924294.34589273,9929945.777822915,88.82807921,670659.3559706853,0.32499679174985324,78.0
2020-08-23,btc,11665.6092735243,215452337487.7431,287940.0,906460.0,1.89095764,132269332.31307347,144169963.5078086,157802596.6010307,11446879.099645719,58.90756952,670733.1064288666,0.31765328861725833,76.0
2020-08-24,btc,11771.4080537405,217417299095.42206,334304.0,944242.0,1.90603293,128593100.89647324,343191787.27801186,372262203.99994,10962123.75004584,79.47876827,676189.9888782548,0.3540448317274597,78.0
2020-08-25,btc,11358.4543202805,209799151719.143,301021.0,951716.0,1.83853818,111720008.69546545,360753880.17033917,470739992.0167738,9086763.4562244,92.25996052,656390.9712283629,0.3162928856927907,75.0
2020-08-26,btc,11472.0491204559,211907514133.8888,328396.0,1030264.0,1.8556766,123939384.64653216,426513063.52966505,445560483.964605,10181443.594404612,108.35942946,664444.5089188631,0.31874936909374685,76.0
2020-08-27,btc,11314.6737410286,209009655884.56293,324735.0,947577.0,1.82960462,112592821.26339878,410870823.35353017,367798346.4460206,9122455.703704309,121.61482967,655701.947347926,0.34270038213253384,75.0
2020-08-28,btc,11527.8830322326,212959896208.12213,352344.0,1080096.0,1.86186629,142268448.5731322,461665496.3694508,641518480.8145077,11744030.839086961,102.85521471,668344.9903442075,0.32621544751577636,74.0
2020-08-29,btc,11490.7623477499,212284634016.18933,291205.0,972062.0,1.85563351,127430634.91826549,220443999.8801412,248238133.49230897,10485320.642321784,64.38627267,666305.6094444258,0.2995745127368419,79.0
2020-08-30,btc,11698.9758329632,216140533746.53055,266126.0,821271.0,1.88762446,110847196.12753214,252368939.2316691,193958956.3776213,9286062.06741454,63.86730363,680009.5760695693,0.32404163790027896,75.0
2020-08-31,btc,11678.3482268849,215770383728.23535,310357.0,935410.0,1.88187726,130921885.18999885,468827606.1432063,872660219.0805538,10948451.462704593,94.76992915,680708.6119465064,0.3317871307768786,75.0
2020-09-01,btc,11970.364856166,221177235000.27524,371778.0,1074307.0,1.92471346,134413135.46173215,554212483.3688583,489835321.1293871,11521476.174059775,123.86992608,694609.7353185227,0.3460630899733503,75.0
2020-09-02,btc,11414.5209336645,210917142600.07455,320017.0,1029017.0,1.83478767,125685009.78239882,605992474.2220552,697614823.4142598,10273068.84029805,129.63903054,660283.5049204283,0.3109929184843399,83.0
2020-09-03,btc,10261.4944095266,189619829718.60858,309835.0,983249.0,1.65212902,112592821.26339878,618895832.8629138,583798416.0383358,8273329.867680822,136.01387206,596643.3815022405,0.3151134656633264,79.0
2020-09-04,btc,10471.9664133255,193517929900.993,300021.0,1004854.0,1.68560929,117829696.6709988,648802445.8075519,647320431.4468044,8835721.66124339,155.41992666,610789.1161588695,0.2985717328089454,40.0
2020-09-05,btc,10128.64358609,187182381369.08313,324594.0,984198.0,1.63131545,123066572.07859881,385261354.7540099,318238372.3164382,8925867.160241812,117.95895392,587666.2431281201,0.32980558789999576,41.0
2020-09-06,btc,10253.2998980129,189495704608.09775,258964.0,988383.0,1.65140122,130921885.18999885,225678224.9744727,225090025.3687324,9612468.654387094,68.47597667,596013.9767689398,0.2620077439616019,41.0
2020-09-07,btc,10367.8783543542,191624618868.97644,328020.0,1086059.0,1.6700552700000002,151709442.06778005,384492243.7487084,381825699.8323385,11339866.950074906,97.73599556,601309.0787856368,0.30202779038707844,41.0
2020-09-08,btc,10108.6354501461,186842946951.56564,329714.0,974053.0,1.62894233,133652505.32879294,377783736.78229564,435888951.39482784,9792740.592329035,81.98502093,587539.0826443287,0.33849698117042915,41.0
2020-09-09,btc,10223.1114091175,188968383425.9782,321941.0,968245.0,1.64757745,128478859.9612268,382574646.56068784,414593300.96525514,9520272.499740671,93.03114274,595599.4290572589,0.33249952233164126,38.0
2020-09-10,btc,10334.6307302162,191039959916.7766,343183.0,1103924.0,1.66531058,136239328.01257607,372510733.45018476,482693554.389668,10205447.846088497,110.61035344,601253.8801504467,0.3108755675209525,38.0
2020-09-11,btc,10387.0207419638,192017369942.6865,308280.0,951505.0,1.67381361,118993843.45402217,383419166.94071543,377280858.33723503,8958805.389943777,91.52153463,608168.3739194955,0.32399199163430564,41.0
2020-09-12,btc,10436.9778322618,192951979972.30695,297027.0,890683.0,1.6819008100000001,146586618.7477084,205075541.67461973,219462910.79116902,11089288.946778163,57.793151280000004,611981.9317575212,0.3334822826976601,41.0
2020-09-13,btc,10322.5236148451,190846477252.03787,256977.0,803998.0,1.66341746,139688424.92428684,169220708.36070633,175822769.6081971,10451555.160030663,49.54046694,607792.9188232704,0.31962392941275974,38.0
2020-09-14,btc,10662.719912332,197147876035.17258,353963.0,1016193.0,1.71735678,151760264.11527455,413210544.1228393,418722007.5285023,11728991.9035652,76.15743176,623314.0775948494,0.3483226119447782,39.0
2020-09-15,btc,10779.3810249562,199315386280.44418,335248.0,976024.0,1.7348274,134514779.55672064,396940940.97109264,441943290.9994863,10509896.499332296,77.9277518,630870.3828804597,0.34348335696663196,47.0
2020-09-16,btc,10968.3205465809,202819584769.55255,340027.0,1064243.0,1.76292263,133652505.32879294,478305004.4006857,499220418.7030664,10625560.529500246,76.27787119,641717.5783678837,0.3195012793130892,43.0
2020-09-17,btc,10936.2927505552,202239512659.74203,347774.0,1101957.0,1.75667708,153484812.57112998,420538735.9157307,491171722.9625155,12166625.68499266,70.92270701,638711.0017807435,0.31559670658655464,48.0
2020-09-18,btc,10920.1128439509,201951566927.16638,326660.0,974291.0,1.75269523,142275247.6080699,448777394.0437103,522084982.12124425,11261366.370324366,70.31945472,636826.029677473,0.3352797059605395,49.0
2020-09-19,btc,11073.7795478083,204803721045.65717,292875.0,892685.0,1.77573693,128478859.9612268,219213596.81303626,431528415.1709548,10312457.20389648,45.95832196,646992.35809203,0.32808325445145825,48.0
2020-09-20,btc,10921.2180998247,201991869981.67358,261651.0,820833.0,1.75066035,135654384.57842135,221928668.1845887,198648226.52235657,9692581.063594421,33.79408106,640007.771777674,0.3187627690407184,52.0
2020-09-21,btc,10455.3799623027,193385500705.58487,299730.0,946997.0,1.67690819,139219832.7594406,418279967.0672246,415573622.5967821,9475188.090836821,62.31195942,615145.331455114,0.3165057545060861,48.0
2020-09-22,btc,10519.8391641146,194586236941.46976,311008.0,968239.0,1.68568673,123857644.31701958,450160136.61786693,445777088.0073119,8481620.326067396,74.59113089,618263.324542114,0.32120994919642776,39.0
2020-09-23,btc,10233.2995687317,189295175073.38925,349540.0,1013565.0,1.64062817,136339422.42648664,667352151.39958,755810467.5387889,9082053.367249385,96.51095568,600012.2828890369,0.34486194767972456,43.0
2020-09-24,btc,10739.0427094097,198659587209.19556,318555.0,943668.0,1.7205347500000001,131538738.53823009,405001291.243197,377444766.13711643,9195305.319932055,81.64235754,630135.6707476816,0.3375710525311868,39.0
2020-09-25,btc,10683.6305806546,197645812953.46774,345399.0,1140261.0,1.71066582,162263115.42307213,431766081.2393294,533663739.8598437,11284584.80081642,75.64534972,627413.6627765595,0.3029122279899076,46.0
2020-09-26,btc,10742.0304202221,198736273241.69925,281747.0,952990.0,1.71935636,144020516.64769718,159279401.00024423,196641176.68139368,10070653.518958218,42.28706526,631552.4575746846,0.2956452848403446,45.0
2020-09-27,btc,10758.8242899474,199057194328.15533,258919.0,784428.0,1.7216752400000002,145940790.2029998,209418776.5199515,248415163.8146825,10220883.07545003,36.87713689,633090.1325368385,0.3300736332716323,47.0
2020-09-28,btc,10727.3750541204,198483977030.04514,297685.0,884124.0,1.71621999,123857644.31701958,525924068.2255469,459967082.0557887,8648946.137384573,58.79373725,632176.9889066919,0.33670050807352814,43.0
2020-09-29,btc,10841.1427444769,200598525114.73715,345931.0,998051.0,1.7314035300000001,135379285.64883533,519489191.7791766,546705018.3179966,9553757.043570269,83.15732602,640795.9014695633,0.3466065361389348,45.0
2020-09-30,btc,10772.351766803,199336157853.55048,351403.0,1118241.0,1.71995233,149781337.31360504,403652746.00562865,365487255.3356344,10503042.972632924,93.96886874,634491.4365786117,0.3142462134727666,49.0
2020-10-01,btc,10606.6173325541,196277557842.57623,304377.0,922880.0,1.69356781,119056960.428763,444584776.8853103,519949631.9130023,8220128.432729428,104.92605554,625143.7224410482,0.3298121099167822,45.0
2020-10-02,btc,10570.1056777908,195610887017.89536,315938.0,996361.0,1.68748627,130578601.76057877,379286091.31124663,589634199.7694134,8984589.82612218,121.31761787,621894.4010706177,0.31709189741469207,41.0
2020-10-03,btc,10555.7054339567,195354357355.87143,303899.0,1002444.0,1.68506329,144980653.4253485,214487931.5187471,185730202.87512672,9961947.003296636,69.1389914,622541.679983338,0.3031580816484512,40.0
2020-10-04,btc,10665.618622443,197399052168.17538,274508.0,923546.0,1.7021694900000002,151587945.74942547,164383933.23670393,164247050.04789966,10532298.389662463,57.06685152,627946.6766177141,0.2972326229554348,42.0
2020-10-05,btc,10772.6355995909,199389146257.06778,295868.0,946902.0,1.7183515200000001,134303836.4311297,347317579.66685563,396930182.1312612,9426056.149642037,100.04754586,636602.7625400019,0.31245894506506483,42.0
2020-10-06,btc,10596.3735493863,196135347147.17117,318289.0,978521.0,1.69012311,124710705.25747761,350001815.8534749,311943097.44157,8609553.508876368,114.46013121,627031.0177725106,0.3252755944941396,47.0
2020-10-07,btc,10667.1943941555,197456284574.17596,369576.0,1063425.0,1.7003992700000001,144856280.72214702,401987234.0972853,618297530.6147898,10067164.709484253,108.33383901,627839.2843542364,0.3475336765639326,43.0
2020-10-08,btc,10902.5293637054,201823517432.12747,329472.0,1033122.0,1.73638098,155408725.0131643,457103560.55986196,365559865.8903447,11038810.980751717,103.39374193,642726.2237659943,0.31890909302095977,46.0
2020-10-09,btc,11074.1036797779,205009453844.92093,339374.0,1006667.0,1.76179817,136222462.66586015,503215699.6368831,512327439.9171908,9828267.015802886,110.16141041,650571.4006199169,0.337126378434974,48.0
2020-10-10,btc,11302.8542864407,209254297811.47684,294652.0,917402.0,1.79700041,137181775.7832253,311681589.0039746,267404940.73076293,10101926.018506376,75.12837831,664220.6607858085,0.3211808999762372,53.0
2020-10-11,btc,11378.2625284629,210660289442.90372,257292.0,791020.0,1.80770338,134303836.4311297,168904795.71935585,155469033.14623177,9955979.712405037,51.72072143,668659.7196352155,0.325266112108417,55.0
2020-10-12,btc,11548.401556692,213821025341.3694,315903.0,945894.0,1.8328491100000002,142937654.4874166,413069508.4495131,362411953.51210564,10754448.949669424,75.1001319,681633.1799617845,0.3339729398854417,52.0
2020-10-13,btc,11434.9687849211,211732652073.08148,330320.0,1049377.0,1.81348383,159245977.48262516,356543023.51658434,378348664.3779349,11863780.11435564,73.30905492,675354.6395671408,0.3147772440219292,56.0
2020-10-14,btc,11417.10811391,211412571561.06912,318750.0,952949.0,1.8088016900000001,142937654.4874166,409450667.6898984,458407396.923217,10632181.931078687,74.9332009,675972.112179888,0.3344879946355996,53.0
2020-10-15,btc,11502.5812390415,213006147807.5566,337702.0,1035214.0,1.8205045800000001,144856280.72214702,316727096.538325,487668457.2449985,10855561.044345416,76.76943659,681851.6583998447,0.32621467638575213,56.0
2020-10-16,btc,11338.9871765634,209987678424.63257,319791.0,973228.0,1.7940757,148693533.19160783,447083129.96552014,656753546.0284024,10984643.827295793,63.13531232,672717.5511884243,0.3285879567788843,52.0
2020-10-17,btc,11362.8022174167,210439860963.43692,278655.0,851147.0,1.7973264100000002,152593470.69353917,143199539.91625196,264587403.46813598,11149749.675840138,35.50804748,675264.8033982647,0.32738763104375623,56.0
2020-10-18,btc,11489.6225650497,212797199544.38446,234650.0,744786.0,1.8166568300000001,119288755.69898535,120105524.74560538,135130615.89384037,8617216.923787275,37.25801212,684948.554867909,0.3150569425311432,55.0
2020-10-19,btc,11745.8119675628,217551213059.64398,303148.0,930306.0,1.85166488,124259120.51977639,386915616.1902591,429670876.100792,9176415.599658437,51.19663268,699975.6692955768,0.32585837348141367,55.0
2020-10-20,btc,11929.4572507306,220963353768.35657,331386.0,1011847.0,1.87699868,143146506.83878234,387557131.669297,389411597.5263883,10736511.52565754,78.26525349,709293.3765928053,0.32750603599160744,56.0
2020-10-21,btc,12848.4906177674,237996587309.02542,308240.0,1013298.0,2.013415,129229485.34056745,718537919.7708844,632181398.9457152,10439398.626936013,119.36065891,767604.5550395806,0.3041948173192881,61.0
2020-10-22,btc,12997.4993417884,240767851351.292,341549.0,1048775.0,2.02018679,136187996.0896749,695456670.0186647,726909158.5666827,11129108.811406318,166.80996828,774491.2945793392,0.325664704059498,73.0
2020-10-23,btc,12953.4296969608,239962077749.97925,321018.0,977710.0,2.00849858,130223558.30472566,416443116.0713442,504635584.45166576,10605620.564386655,140.25215872,774067.4730605473,0.3283366233341175,74.0
2020-10-24,btc,13113.8669231444,242946632969.98502,304224.0,1098917.0,2.02902772,151099090.55204803,243162595.26258793,226330483.99930528,12458173.57698718,93.3237912,781670.8843910114,0.27683983412760016,73.0
2020-10-25,btc,13041.6410374635,241618117679.51013,242596.0,851199.0,2.01568826,116306536.80651072,175875254.96481794,189619443.51594496,9536700.008645184,63.99985103,778857.3151039055,0.28500503407546296,76.0
2020-10-26,btc,13080.6561698422,242349930927.4959,255058.0,825846.0,2.01954164,109348026.05740325,427934789.11616695,480741391.3863344,8992951.116766512,117.7810379,785068.9993878554,0.30884450611857417,75.0
2020-10-27,btc,13675.5239275278,253379717438.1369,255102.0,827512.0,2.10370037,98413223.45166297,427822684.9777608,553393244.7133526,8461730.430157825,195.65821025,829515.697690779,0.30827589207165573,61.0
2020-10-28,btc,13290.3288497954,246251140475.4076,259212.0,817505.0,2.04049323,99407296.41582118,608088053.5444447,553372975.1619385,8306455.531122125,226.40877873,814962.7090761383,0.31707695977394634,70.0
2020-10-29,btc,13475.2173007013,249685959749.55634,277836.0,887772.0,2.06357066,107359880.12908687,563503761.326383,526773533.30567974,9095771.677973377,261.20613671,828930.547965757,0.3129587326475717,67.0
2020-10-30,btc,13603.2960908825,252068603711.57968,267995.0,901403.0,2.0801745,110342099.02156149,540581768.8042942,668977886.0161082,9437286.663049735,264.8941163,841624.8745894805,0.29730875091385317,74.0
2020-10-31,btc,13807.2336110462,255857310085.0028,274513.0,875335.0,2.10747626,112330244.9498779,351635325.15934587,313314932.1555739,9751358.737801379,255.82083537,857278.9121587749,0.3136090753825678,73.0
2020-11-01,btc,13736.89941128,254564701609.4508,276664.0,897445.0,2.09316771,124259120.51977639,234594647.6172503,212228254.103331,10731952.6650625,179.25705954,852727.8795507535,0.3082796160210375,72.0
2020-11-02,btc,13595.5647603741,251953637578.66876,225214.0,777173.0,2.06586073,94436931.59503014,407842721.3821219,723731192.653641,8072366.576472122,215.46989198,851176.1328815968,0.2897861866019535,71.0
2020-11-03,btc,13996.915398597312,259403733547.65454,330051.0,1029970.0,2.09497527,123534519.48211516,576312325.7449416,740014309.7223111,12247300.973772649,283.29122639,875102.9421930158,0.32044719749118905,71.0
2020-11-04,btc,14129.148195499705,261868434425.51367,319925.0,1175181.0,2.10823433,132689483.09191571,509531362.3386743,587970068.1530669,14040841.019277832,205.82925032,888734.1398237034,0.27223466002258373,74.0
2020-11-05,btc,15606.46683372297,289263271222.87427,319993.0,1071518.0,2.30749272,122675182.48120517,1100483549.2898858,1024891120.6147176,14338441.40348298,266.01134465,982836.474294524,0.29863520724803505,72.0
2020-11-06,btc,15618.972471361778,289509996782.305,334639.0,1080743.0,2.29919169,127682332.7865603,879222078.4439914,868034968.8222929,14935642.4257397,228.91087168,984240.303443525,0.30963790651431466,90.0
2020-11-07,btc,14866.356304500296,275573226966.5251,273328.0,1055012.0,2.1871147300000002,121840657.43031262,386157744.95780903,296530645.37828493,13565550.127856521,136.73902777,939291.7128209441,0.2590757261528779,88.0
2020-11-08,btc,15500.000707188785,287332273623.7842,243396.0,920529.0,2.26976446,115164457.02317227,240811828.62109438,281084879.4293156,13368750.609950326,93.51738948,981031.9434217684,0.26440883448538827,82.0
2020-11-09,btc,15319.819972530682,284009875050.11597,320528.0,1188873.0,2.23751677,154387134.41512182,713736571.1851122,888174958.0529945,17713541.8432386,141.12679205,969141.7923117076,0.26960659380774904,90.0
2020-11-10,btc,15319.275676212741,284013859076.82196,308276.0,1026623.0,2.23228692,122675182.48120517,740368492.7240137,789298134.6409425,14074584.527520455,156.33777491,971766.0331006334,0.3002816028863565,90.0
2020-11-11,btc,15731.241105786092,291666002991.4365,318925.0,1004339.0,2.28563276,122675182.48120517,673889523.4933541,696884108.5016115,14453077.765940972,105.98483935,997926.8430500537,0.31754716286034895,86.0
2020-11-12,btc,16289.814897720635,302038563120.4417,329630.0,1064270.0,2.35643005,133524008.14280823,727177667.8377088,863149746.6643095,16289814.897720635,105.30762673,1034436.5874913698,0.309724036193823,87.0
2020-11-13,btc,16330.06276797195,302799008120.85767,301426.0,999523.0,2.35455292,115998982.3411126,741710577.1536775,677446588.4929659,14186742.02967563,100.3890895,1039375.7825022081,0.3015698488178861,89.0
2020-11-14,btc,16102.010016949156,298584647008.3884,272079.0,915336.0,2.317866766319,118502557.09321824,369489936.66306907,252125362.13763794,14290533.890042376,56.23647606,1025736.6439891827,0.2972449461181468,90.0
2020-11-15,btc,15986.7549905903,296462424309.67584,248137.0,845204.0,2.29883051,125178757.6338828,184616925.39446354,305810317.5478173,14987582.803678406,42.34032535,1016763.6459419501,0.293582377745491,86.0
2020-11-16,btc,16743.05393980129,310504166190.32697,312340.0,1041491.0,2.39979607,135735925.23468184,669718859.8074832,792326573.7285312,16743053.93980129,84.52964229,1063724.3130455771,0.2998969746258009,90.0
2020-11-17,btc,17682.16918702513,327937646387.3307,350945.0,1142716.0,2.51738625,137334451.1504863,934389440.6975443,723044686.0467914,17350628.51476841,91.44362315,1120765.8418339796,0.3071148036782543,86.0
2020-11-18,btc,17804.690023962594,330228752696.0765,362407.0,1197076.0,2.51023261,147831351.5740522,1092392371.486985,1121478386.9941573,18806203.83781049,98.6483144,1121183.2603844523,0.3027435183731025,91.0
2020-11-19,btc,17818.668662185857,330503275790.7681,309724.0,1052034.0,2.504430386254,119839616.50472265,603751837.9895338,584850373.0168086,15257235.04199664,92.83101157,1126462.3046213477,0.29440493368085063,94.0
2020-11-20,btc,18663.78185312683,346198155989.3956,346562.0,1177776.0,2.596127396527,146956610.2686377,1149787766.3677068,983265638.2951391,19596970.94578317,74.90910661,1176298.0038410549,0.29425119886973417,86.0
2020-11-21,btc,18706.58933541788,347011959222.6888,308830.0,1007240.0,2.589987418208,147831351.5740522,497329137.76936114,346764074.78957975,19758834.985535137,46.76982834,1178404.4640821922,0.30661014256780905,91.0
2020-11-22,btc,18482.692631735823,342878718720.17664,273653.0,875364.0,2.55377715,152205060.20050347,410362419.147123,432616282.6456612,20099928.237012707,32.02519045,1159999.2803823291,0.31261623735954414,94.0
2020-11-23,btc,18373.257759789598,340865435612.13654,301519.0,1014814.0,2.52775968,128587033.61766668,846527929.7920593,714504316.7523296,16880430.566806693,58.86318321,1146750.613538684,0.29711750133522,90.0
2020-11-24,btc,19150.251048509646,355296694015.8317,330918.0,1052398.0,2.61774563,118964874.63947392,1021682729.2521237,996892786.5009278,16277713.391233198,86.72336781,1184510.5659581956,0.31444187465198525,88.0
2020-11-25,btc,18748.393713033314,347859153595.5024,362628.0,1127776.0,2.555478063978,135584967.55994713,988394428.0713814,860711042.0190394,18162506.409501024,97.856615,1145608.504632462,0.3215425758306614,94.0
2020-11-26,btc,17113.716871420223,317545276569.07196,321713.0,1115848.0,2.326869284941,131211259.21341324,1347791205.500285,1026363627.6056376,16044109.566956459,103.38698218,1040406.206528749,0.28831256586918647,93.0
2020-11-27,btc,17101.603018059614,317336964123.96155,323696.0,1099990.0,2.31953985,134710225.69469845,1043597585.3137158,918941322.8584299,16460292.904882379,84.44098525,1032990.8446115945,0.2942717661069646,86.0
2020-11-28,btc,17745.377312448858,329299905495.8758,292638.0,1038684.0,2.40313103,134710225.69469845,334903998.5305278,419014088.19862646,17079925.663232025,55.62880464,1069678.469191864,0.2817392007578821,87.0
2020-11-29,btc,18190.866880420806,337583882703.102,259705.0,875712.0,2.45853128,135787629.27682322,368679144.39443177,435793432.1410196,17053937.700394504,39.65689557,1098749.389379286,0.29656439560038006,89.0
2020-11-30,btc,19664.407606662764,364943559264.76215,262264.0,903580.0,2.63721867,107610727.91731204,1118400159.726543,934749978.6140696,13887987.872205578,75.91554544,1182704.5714681451,0.29024989486265745,88.0
2020-12-01,btc,18820.60778959673,349301709105.5422,378285.0,1179012.0,2.51290662,144750713.6586849,1125199889.034762,1006687863.7027936,17879577.400116894,147.17867432,1125728.0329879816,0.3208491516625785,95.0
2020-12-02,btc,19214.872229047338,356634805528.82,327335.0,1015318.0,2.55197705,124752259.7979457,718995395.6291386,662622629.7013729,15732176.637532508,128.55952506,1148381.6612679427,0.3223965299541621,92.0
2020-12-03,btc,19470.31120806546,361394948313.36755,343706.0,1165469.0,2.57495934,149512250.29219425,703103192.6160777,721131810.9888684,19105242.872914232,145.3310132,1160544.7076960783,0.2949078868678618,92.0
2020-12-04,btc,18732.967090999413,347725717595.1267,315591.0,1070208.0,2.47230116,137132255.04506996,735187944.8952557,962328360.7326262,16859670.381899472,106.80439393,1119093.5838441518,0.2948875358808755,92.0
2020-12-05,btc,19114.633130917588,354827495085.072,283933.0,1077064.0,2.51909742,137132255.04506996,337142110.58817023,312526147.2376343,17203169.817825828,71.55543218,1140559.1229889756,0.2636175751858757,93.0
2020-12-06,btc,19356.313676797196,359330296296.33527,256611.0,906549.0,2.54722977,129513796.43145503,234948685.96977794,292281096.2036553,16452866.625277616,46.2850412,1153283.3199408653,0.28306357405942756,95.0
2020-12-07,btc,19182.176832846293,356115606012.0854,305857.0,1017188.0,2.51748691,142846099.0052812,569448486.2434058,537658213.4353722,17983290.7807934,69.46375134,1144891.0000729552,0.30068876156620017,94.0
2020-12-08,btc,18340.97813769725,340515325198.1123,329557.0,1057637.0,2.40341294,137132255.04506996,590845552.0179468,705522596.8615928,16506880.323927525,72.56967384,1092068.5653434163,0.3115974573506789,95.0
2020-12-09,btc,18574.69673524255,344870639715.8821,323845.0,1059284.0,2.422360712922,132370718.71629885,858086624.3640465,933547314.5357643,16136767.788741965,73.17642539,1105413.5799877485,0.30572065659445435,86.0
2020-12-10,btc,18294.84695149036,339689620040.4412,311527.0,995137.0,2.38235433,123799952.47124383,888127032.4919202,991748965.8801193,14864563.148085918,72.52959727,1091067.925990163,0.31304935903297737,94.0
2020-12-11,btc,18061.760025716,335377356184.36597,304342.0,1078069.0,2.34803699,131418411.08485878,780702516.6528984,656237457.3849179,15578268.02218005,71.18650492,1076856.915574833,0.28230289526922675,89.0
2020-12-12,btc,18813.2837685564,349347444447.47363,296177.0,962538.0,2.43833504,125704567.12464757,689775615.0290493,533854319.3397866,15520959.10905903,48.85952084,1118621.9873907676,0.3077042153140967,90.0
2020-12-13,btc,19156.0825055523,355731616571.5449,274709.0,938739.0,2.46411643,148342069.0427936,410663357.51489013,349268307.6207428,18677180.44291349,38.59964076,1135613.494307816,0.29263618535077374,91.0
2020-12-14,btc,19286.7512992402,358175636273.79315,313940.0,977389.0,2.474236613553,134574370.80097473,750259875.2685907,623773831.456401,17478618.36493643,59.86704038,1143207.0744301511,0.3212027145793538,95.0
2020-12-15,btc,19432.5884640561,360900992195.4811,322798.0,1047043.0,2.48407194,129933875.82961448,886073238.1977774,798275322.4478678,17003514.906049088,70.23419998,1155613.5227719313,0.30829488378223247,91.0
2020-12-16,btc,21370.7203186441,396914973278.8657,313973.0,1098912.0,2.70395115,132718173.76280425,1217887075.2496102,1063406650.4879931,19100081.284788165,83.08817579,1278009.8026052606,0.28571259573105035,92.0
2020-12-17,btc,22789.2674160725,423279795671.9301,308001.0,1066159.0,2.8389800971890002,119724785.58585908,1686941962.2857962,1212038686.9857762,18373846.854208454,164.4657575,1363170.8771945573,0.28888843033731365,92.0
2020-12-18,btc,23048.7645610754,428122220496.3029,377227.0,1194851.0,2.82221791,145711560.75178188,1569080222.0477161,1197318456.2892044,22616600.225555237,195.70631342,1373920.0458610305,0.3157104944465879,95.0
2020-12-19,btc,23856.7735192285,443154244629.2185,339766.0,1158142.0,2.9068771748930002,146639659.56785926,743958093.6165544,469798393.18715626,23558563.850238144,114.96731243,1417135.7609974376,0.29337162455035737,93.0
2020-12-20,btc,23528.5506135593,437079507304.86615,282293.0,1075417.0,2.8508324949209998,140142965.92487437,395374518.07302284,508877794.08253413,22205069.64154659,73.67000639,1396331.8846043108,0.2624963153827771,92.0
2020-12-21,btc,22937.4183435418,426117800653.2763,274086.0,1126710.0,2.76690892,126221478.78335665,1192602854.7711315,1001054875.2158227,19496805.59201053,142.0157836,1365586.9500138245,0.2432622413930825,92.0
2020-12-22,btc,23756.8887685564,441362670574.1378,322307.0,1095221.0,2.831513764707,132718173.76280425,1233813715.916125,1671727072.5087745,21232719.336897284,133.41413968,1415837.8435810762,0.2942848977512301,88.0
2020-12-23,btc,23307.2709018118,433031966997.9192,337585.0,1138302.0,2.75180066,142927263.4125759,1266908739.9859009,1937060715.5411904,22433248.242993858,142.74145818,1393110.9379677933,0.29656892459118933,93.0
2020-12-24,btc,23707.6330440678,440489071172.94824,271363.0,969168.0,2.77320466,116940488.24665305,1216919822.3171575,870881208.9568279,18669761.022203393,106.72663836,1425346.9579623796,0.2799958314760702,86.0
2020-12-25,btc,24669.1643220339,458376575230.92346,298020.0,1021183.0,2.87742129,133646272.28188917,647628815.1971256,485732434.57271117,22202247.88983051,88.26712103,1487642.0605444717,0.2918379957363176,94.0
2020-12-26,btc,26478.0681052016,492010402696.7509,277615.0,957062.0,3.06732801,127149578.49040844,756723617.9186006,637633521.9480872,22671845.81507887,71.30821168,1599584.6085860005,0.2900700268112202,93.0
2020-12-27,btc,26430.8565971946,491157576017.431,304240.0,1049825.0,3.033869719213,137344635.42361856,1438176079.723863,876254508.4395854,24448542.352405004,89.69825858,1588597.2961257927,0.2898006810658919,91.0
2020-12-28,btc,27039.3490199883,502492068165.23956,314503.0,1154354.0,3.03336124,147934525.66917643,1179165565.5176427,1187898448.870188,27039349.0199883,102.75293568,1615508.9827651875,0.27244935262493136,92.0
2020-12-29,btc,27231.2034552893,506083309589.8401,334580.0,1146131.0,3.00690895,140537799.38571763,1094160713.6751704,1427840497.1000595,25869643.282524835,104.81623265,1635260.9690044567,0.2919212550746817,91.0
2020-12-30,btc,28844.6136781999,536099036611.89905,340919.0,1221579.0,3.14848763,159029615.0943647,1469104163.6642916,1776677305.8683333,31007959.70406489,107.45673782,1729536.839269223,0.279080599781103,91.0
2020-12-31,btc,29022.6714126242,539438485763.34326,338444.0,1193822.0,3.140996404211,153482070.67763954,1409915226.9012532,1677297905.7430007,30111021.590597607,109.73464271,1741366.1750418544,0.2834961996009455,95.0
2021-01-01,btc,29380.6937327878,546120334521.1261,261318.0,1001890.0,3.145922773591,137764026.73355144,1111052079.7005703,1453812452.1840472,27360771.038658638,48.65132609,1774036.2551524271,0.2608250406731278,94.0
2021-01-02,btc,32022.6810578609,595259096891.8091,297595.0,1140633.0,3.36183826,139613208.60028526,2190849731.5486727,2966657205.3675766,30221405.248356223,81.97052081,1930600.3074377137,0.26090337558180415,94.0
2021-01-03,btc,33277.8353050848,618623608665.4475,359641.0,1184688.0,3.43360474,146085344.09831175,1782612309.780376,993018771.4981586,32861862.36377124,85.00530179,1982716.2297770309,0.30357444322893457,93.0
2021-01-04,btc,31802.1467136178,591225447115.9058,370865.0,1270082.0,3.2392637,159954206.02773148,2228827993.8892393,2142486141.6656923,34386071.134099245,109.54747814,1880907.6951516082,0.2920008314423793,94.0
2021-01-05,btc,34013.1741724138,632363459585.743,355008.0,1230529.0,3.40781574,145160753.60874838,1679194083.5642207,1614501049.5090835,33375427.156681042,114.15544995,2005982.1843009507,0.28850031165458107,93.0
2021-01-06,btc,36643.2777223846,681302148777.4781,398455.0,1344921.0,3.60095708,163652569.02152643,1846248817.6539698,2156623605.2329555,40536625.98038796,128.44155786,2143110.1743677794,0.29626647215710067,95.0
2021-01-07,btc,39215.6511490356,729171021092.3743,402123.0,1292297.0,3.742047073313,155331252.39643878,2854278651.7156034,2674105521.823806,41176433.70648738,122.79717236,2270577.351241444,0.3111691816973962,91.0
2021-01-08,btc,40775.4045634132,758210602558.8112,358440.0,1237271.0,3.78863874,136839436.2439882,2755775263.189729,2483510299.6270366,37717249.22115721,135.8746709,2346884.589167368,0.2897020943673617,93.0
2021-01-09,btc,40370.6823495032,750719944876.221,318922.0,1094947.0,3.6883279,134307072.19635198,1318832065.0768015,1256258770.8953242,35072030.29113091,108.18061856,2317870.8098387895,0.2912670658945136,93.0
2021-01-10,btc,38329.3401665693,712797906122.6934,332604.0,1177151.0,3.47615243,162879650.92477036,1526544516.6930006,1085229052.224307,38089781.790528245,91.96246653,2186824.620326538,0.28254998721489427,94.0
2021-01-11,btc,35269.5137177089,655929285013.3878,333441.0,1211948.0,3.17723254,157757649.32336253,2735018636.048131,2326215119.940653,33946906.95329481,137.49163569,2008064.1718679394,0.2751281408113219,90.0
2021-01-12,btc,33712.4685452952,627003122628.9136,336350.0,1202314.0,3.024579234512,151611247.72948113,1840592630.352543,1999737356.597446,31184033.40439806,163.45319692,1916669.5525314608,0.27975221115282695,84.0
2021-01-13,btc,37296.5475277615,693697236158.0138,320071.0,1163164.0,3.31893271605,155708849.33841553,1524378109.938521,1532957895.0504842,35431720.15137342,137.09102501,2119134.255257695,0.27517271855043657,78.0
2021-01-14,btc,39045.518340152,726263096560.8241,338553.0,1167975.0,3.43968572,150586847.08139154,1846218121.306633,2131264248.3725872,35873069.97501465,142.05322602,2211247.0799454516,0.2898632248121749,83.0
2021-01-15,btc,36710.3174248977,682862938504.5984,345053.0,1209589.0,3.21691863,158782049.8075481,3063126913.6493607,2055686174.6900585,35563120.00536965,146.268094,2086406.422206591,0.28526466427852765,88.0
2021-01-16,btc,36177.2610970193,672980587612.2975,308421.0,1115276.0,3.16002808,150586846.5896793,786799889.8635733,748650980.1409545,33237858.63288648,87.66722907,2063269.2606982985,0.27654230880965786,84.0
2021-01-17,btc,36069.939466803,671014140602.7698,268872.0,1002014.0,3.14208979,136245242.43354535,737276829.0762447,791773163.2650796,29983137.181779996,64.49934386,2060268.0328185793,0.26833158019748227,79.0
2021-01-18,btc,36594.2964018118,680801989756.2803,313873.0,1077578.0,3.16789734,148538046.4408284,1139945425.3128626,964195448.0120173,33163581.114141945,85.27979158,2081240.2018451046,0.29127636236077575,79.0
2021-01-19,btc,36250.1461893629,674433161169.6399,326366.0,1095890.0,3.12779915,152635647.7219547,2493217032.1488585,1738720662.755555,33757948.6388442,98.06347951,2060857.1327117828,0.2978090866784075,80.0
2021-01-20,btc,35515.480012858,660796011360.799,315516.0,1107233.0,3.05640832,144440445.15970212,1808307409.4373627,1456307408.3875346,31298016.76133111,95.2507255,2024061.06592934,0.28495899237107275,78.0
2021-01-21,btc,31022.9510280538,577233663032.7885,288464.0,1059467.0,2.671999724485,132147640.82461096,1608605313.3353457,1761929527.7554052,25012254.266368378,121.05707506,1764802.635793966,0.2722727560178845,75.0
2021-01-22,btc,32986.4357568673,613796635287.0494,326671.0,1115180.0,2.83570647,144440445.15970212,1701955565.0749853,1594848425.6918044,29069296.510739308,114.46279896,1870735.8043642452,0.29293118599687945,40.0
2021-01-23,btc,32036.2822723553,596147845572.6093,303320.0,1128728.0,2.7508041800000003,160859266.69140872,642598228.6547987,512175820.4117859,31235375.215546418,73.30004331,1811876.0114956405,0.2687272753045907,74.0
2021-01-24,btc,32216.1042904734,599522055193.0248,254109.0,1004162.0,2.763770318383,143884925.71895775,465973319.3374155,521553041.3070298,27987740.602348767,58.54660223,1832100.7412504137,0.2530557818359986,70.0
2021-01-25,btc,32419.7059462303,603339325091.3531,312958.0,1121794.0,2.777191691556,144920068.40457904,1339127888.76075,1170023831.2323582,28367242.702951513,100.70751127,1844077.0241518444,0.2789799196643947,74.0
2021-01-26,btc,32640.6391426067,607483795108.3151,335923.0,1182517.0,2.79160837,166658079.04619855,1224844546.269248,1224215639.9690158,32844643.13724799,82.21951972,1856472.2335433231,0.28407456298725514,71.0
2021-01-27,btc,30358.9347235535,565045318370.5283,323598.0,1106142.0,2.58416695,146990355.43205088,1708618290.2368433,1801415150.14613,26943554.56715373,83.11742251,1730050.7267024263,0.2925465265761539,78.0
2021-01-28,btc,33511.287595149,623747780660.8579,325159.0,1097896.0,2.83537151,150095785.47638997,2058429089.8641605,1853601307.8244958,30369604.38310378,86.63632959,1912563.8048453054,0.29616557488140954,55.0
2021-01-29,btc,34166.1494259497,635969224450.955,339577.0,1208741.0,2.87127647,157341788.91318125,3001623012.4306383,2449081723.3036337,32457841.954652216,169.10207572,1933467.8420146063,0.2809344599049755,77.0
2021-01-30,btc,34349.9170952659,639419076068.8511,313065.0,1087755.0,2.878188037248,140779494.68088102,1007353520.3577211,1251428687.729494,29197429.530976016,138.18802212,1940696.2513707054,0.28780837596701464,76.0
2021-01-31,btc,33157.8325745178,617258425467.5242,287082.0,1063553.0,2.77012967,149060642.12827694,844533846.6024226,1210379632.5826914,29842049.31706602,98.23914303,1888288.229185075,0.2699273096874345,78.0
2021-02-01,btc,33570.2718468732,624961266006.2303,283467.0,999221.0,2.798474060738,123182058.42545108,1297627876.5575922,1471108912.8046412,24967889.686111942,131.19975697,1930284.124345629,0.2836879929465053,77.0
2021-02-02,btc,35596.1489094097,662710063272.541,363397.0,1202183.0,2.95247741,158376932.26129428,1338231504.0656822,1131682582.0482924,34038817.394623026,145.95035951,2044984.408121266,0.30228093393435107,76.0
2021-02-03,btc,37578.3732068966,699649284857.6385,345764.0,1187019.0,3.10161426,155271502.21695518,1489329608.9301672,1495161155.7783725,35229724.88146556,136.15536292,2171581.276420677,0.2912876710482309,78.0
2021-02-04,btc,37129.2029376972,691323581111.5704,367536.0,1226684.0,3.046232040351,165622935.5324627,1763334598.7771003,2300403847.1993227,37129202.9376972,165.7297522,2153998.2399433255,0.2996175054048149,80.0
2021-02-05,btc,38045.4136084161,708423060288.5243,360061.0,1257476.0,3.09428668,174939225.66548,1941577383.2009027,1886321752.4118078,40185468.123889506,145.13815235,2206878.0330015924,0.28633627997671524,81.0
2021-02-06,btc,39341.727081239,732600102916.4373,328082.0,1147256.0,3.18428793,169173097.2862373,1288150512.6055791,857921159.3113369,39095841.286981255,113.57962539,2279870.8555349824,0.28597104743840956,84.0
2021-02-07,btc,39003.0121817651,726330767434.7867,286807.0,1159518.0,3.141200247585,166219497.49211165,862897672.5720327,1234773097.8665335,38027936.87722097,84.7209373,2271924.7344455007,0.24735019206256392,86.0
2021-02-08,btc,46121.9340724722,858949072826.5894,340919.0,1249543.0,3.65741696,172612555.61907768,3159642620.023839,2458728191.671665,46698458.248378105,138.95588944,2684505.2758081397,0.27283494845715595,83.0
2021-02-09,btc,46548.1619912332,866928505326.4626,359788.0,1174227.0,3.61855022,152367873.85185274,2557842713.4920225,2602208161.389145,41602419.77966467,195.65241814,2702373.9288183646,0.30640412799228767,95.0
2021-02-10,btc,45078.128350263,839590396720.4329,340736.0,1191329.0,3.46683384,152367873.85185274,2173746213.9014854,1760052996.946955,40288577.21304756,170.13010658,2611148.8815700705,0.28601335147553697,92.0
2021-02-11,btc,47892.8409181765,892053672305.5281,301861.0,1052110.0,3.64585169,137450738.2222654,1755453547.3333433,1799458115.1941025,38613602.9902798,186.19209735,2785663.975472418,0.2869101139614679,93.0
2021-02-12,btc,47525.2091431911,885248328501.2935,347247.0,1157108.0,3.5797515300000002,151302363.39685816,1820369075.2739193,1827918890.4008777,42178623.1145821,200.91605395,2763736.303583656,0.30009904002046484,92.0
2021-02-13,btc,47208.6250270602,879397542244.0934,333184.0,1217682.0,3.54773666,167285007.94710624,830240088.4395837,966693766.0327127,46323463.30780282,141.32937643,2737910.657483632,0.2736215202327044,92.0
2021-02-14,btc,48829.8275096435,909642134133.6622,297041.0,1122976.0,3.65475277,157695421.52382416,1101306765.3789957,976908968.2727073,45167590.44642024,107.39254078,2823231.093092605,0.26451233151910636,95.0
2021-02-15,btc,48110.2417334892,896282713832.7703,312281.0,1140491.0,3.56148121,161957460.27513483,1356116263.8037498,1529841125.5345843,45704729.64681474,120.87031658,2782258.804296281,0.27381277011392463,93.0
2021-02-16,btc,49140.3826578024,915511120381.0225,293716.0,989854.0,3.6125173,128926662.25397788,1994779179.217516,1589808248.9362538,37162414.384963065,120.26319298,2852272.501726445,0.29672658796145696,95.0
2021-02-17,btc,52224.9391139684,973022997734.0734,318209.0,1134666.0,3.79432537,147040324.64554748,2714689284.812839,2329895240.6928153,45044009.98579775,143.18250904,3030542.521092168,0.2804428792261335,95.0
2021-02-18,btc,51650.0699485681,962356492673.0549,317446.0,1138881.0,3.70969063,145974815.72488672,1707677200.223873,2207467513.6736784,44225372.393461436,147.39607271,2987689.305254276,0.278735003920515,91.0
2021-02-19,btc,55820.5044038574,1040114403936.8182,340244.0,1248515.0,3.90986635,163253417.20803395,2852217033.689742,2359851832.643931,53378357.33618864,160.89002525,3224240.80195839,0.2725189525155885,93.0
2021-02-20,btc,55861.8205670953,1040935228534.2341,321732.0,1187083.0,3.8779697300000002,157667240.26214835,2056758045.1796484,2215563485.9321966,50973911.26747446,147.5233192,3220221.1712950435,0.27102738393187337,91.0
2021-02-21,btc,57500.7161102864,1071525228027.2616,272006.0,1047141.0,3.95810037,152267677.5909614,3198822028.500439,1149107541.3487866,50672506.07218989,114.8744249,3308312.2210118556,0.2597606244049273,91.0
2021-02-22,btc,53952.1533386324,1005442646562.8401,284119.0,1094544.0,3.68695731,143628376.07300296,3221423299.793443,2646692380.4562483,44847727.462738186,133.0178034,3114186.6965691135,0.2595775044219328,94.0
2021-02-23,btc,48560.4890350672,905003103158.0413,288011.0,1054613.0,3.2893319500000002,137148899.93453413,3784980163.9998364,3096738374.3379993,38544888.17158459,183.70472996,2818027.853054381,0.2730963870159006,94.0
2021-02-24,btc,49567.3456890707,923816728819.2361,354258.0,1230122.0,3.32994398,171706104.45129374,2366919978.604657,3042642320.4921365,49257549.778514005,186.14182683,2866835.4325836515,0.28798606967439,76.0
2021-02-25,btc,47568.131170076,886602532433.4716,328850.0,1217040.0,3.17682646,168466365.60452226,3532330387.595121,3130706175.862578,46378927.8908241,156.28767244,2750225.3820741763,0.2702047590876224,79.0
2021-02-26,btc,46231.7675784921,861734772437.3928,305149.0,1114180.0,3.06572143,150107852.2114718,2035289282.2260537,1981649091.1001234,40163848.08381501,145.08174198,2683320.5066345213,0.27387764993089087,55.0
2021-02-27,btc,45834.5133611923,854375146984.0432,322758.0,1202477.0,3.04478896,169546279.07180414,974133376.7112336,824280135.176242,44975116.23566994,104.57838827,2657538.973867774,0.2684109550536102,56.0
2021-02-28,btc,45359.4641642314,845557162612.1532,252499.0,1033508.0,3.00886446,141468550.69351333,1195826888.2274826,928590414.3367854,37138061.284464456,82.67390202,2640253.9300189638,0.24431257426164094,55.0
2021-03-01,btc,49634.4471092928,925288521256.2084,278708.0,1073523.0,3.269931,140388638.7813056,1609448447.037358,2041911210.212024,40327988.2763004,124.44157775,2890749.4173914436,0.25961996156579786,38.0
2021-03-02,btc,48304.7054879018,900542565669.1764,340722.0,1119669.0,3.17061495,154427502.970451,1847216059.5777543,2145432327.1101713,43172330.52981223,131.05953998,2820575.1802835455,0.3043060047210381,78.0
2021-03-03,btc,50690.4671835184,945068375223.4532,332985.0,1185450.0,3.3135168,164146716.40061718,1610825636.7579932,1851455262.402443,48155943.82434248,133.69680132,2964271.0763364094,0.2808933316462103,78.0
2021-03-04,btc,48472.7954751607,903761087528.4237,290966.0,1042797.0,3.161905493951,138228813.401816,1558636690.059163,1326658723.4225993,38778236.38012856,111.7907491,2859232.728383665,0.2790245848424957,84.0
2021-03-05,btc,48800.8173594389,909922405336.2163,315193.0,1154593.0,3.17106851,160906977.55384567,2790461418.2722,2101716867.9359791,45445761.16597748,113.5738441,2893393.6927739796,0.27299056897105733,77.0
2021-03-06,btc,48970.5244868498,913133225105.13,288073.0,1147083.0,3.175929809802,162185767.0079194,1155846807.530865,875743997.7138869,46521998.26250731,78.13119123,2916856.65028697,0.2511352709437765,77.0
2021-03-07,btc,51086.4681794272,952634973107.2289,259265.0,1043256.0,3.30549961,155665152.07723814,1086876442.0973663,1089667257.177976,46616402.21372732,69.79926905,3052630.2399210995,0.24851522540967894,76.0
2021-03-08,btc,52088.475131502,971370359588.6669,294249.0,1164249.0,3.35002291,165260949.11257935,2161700862.6598086,2310247628.9292254,50460710.28364256,91.72593738,3129380.252206653,0.2527371722028535,81.0
2021-03-09,btc,54739.1352542373,1020849011792.8512,299423.0,1088598.0,3.49855563203,149267953.5419015,1947745250.8882957,1897196044.2932496,47896743.34745764,106.24817877,3311783.2051026514,0.2750537847763821,81.0
2021-03-10,btc,56116.040912332,1046579658341.0731,342661.0,1165773.0,3.56293331,158863750.5772427,1839307847.7226257,1841810552.2323527,52258063.099609174,109.35097211,3394500.085898577,0.29393458246159415,68.0
2021-03-11,btc,57847.2549357101,1078915001902.6392,293471.0,1084417.0,3.63177042,140738357.0301135,1774825504.9669194,1808759752.999336,47723985.32196083,112.24475589,3502781.511721873,0.2706255988240686,73.0
2021-03-12,btc,57334.641534775,1069407948747.6105,320069.0,1186618.0,3.5705863820959998,159929951.1007959,1719442649.6653423,1898862928.7632303,53751226.438851565,116.41990764,3482891.647334961,0.2697321294637364,70.0
2021-03-13,btc,61288.7941276447,1143215732518.7434,276253.0,1104466.0,3.78957634,152466553.57723358,1658063814.333548,1412625296.337221,54776859.75158245,116.32658912,3748091.620821567,0.2501235891371939,74.0
2021-03-14,btc,59905.6184704851,1117474232904.1155,305716.0,1155175.0,3.68484058,167393348.6243582,2927113145.521705,1186934028.0679586,58782388.1241635,88.24994026,3659979.108899725,0.26464907914385266,78.0
2021-03-15,btc,56121.121924021,1046930473230.8708,295380.0,1167577.0,3.43735753,157797551.589017,1970955505.5132914,2224277748.082827,51912037.77971943,113.71255622,3435724.703531203,0.252985456205458,76.0
2021-03-16,btc,56500.4460257159,1054059319176.537,319854.0,1161912.0,3.44231318,158863750.5772427,1997337507.2149086,2029923989.7216282,52616040.36144793,109.85439687,3448554.9515846064,0.2752824654534939,71.0
2021-03-17,btc,58683.0659824664,1094827655431.3871,290856.0,1110541.0,3.55383882,145003154.51834372,2101735891.80923,2308444518.622677,49880606.08509644,106.30343068,3593421.1932316343,0.261904783344334,71.0
2021-03-18,btc,57731.4798410871,1077129119414.3889,335857.0,1219716.0,3.48651656,162062350.6125748,2214905539.390287,1897278400.223059,54844905.849032745,138.31022438,3527718.069925608,0.2753567223845551,72.0
2021-03-19,btc,58168.1219222677,1085329605069.3691,315088.0,1158820.0,3.50341884,158461331.28345832,1650519964.4731336,1582879612.9252234,53805512.77809762,114.63938618,3565065.6165792937,0.27190417838836056,71.0
2021-03-20,btc,58247.8847066043,1086873922161.5631,281882.0,1124513.0,3.49731896,167389188.3483424,1167653194.3794312,1043222078.5957875,56063589.03010664,81.5996043,3586906.933450982,0.2506702901611631,75.0
2021-03-21,btc,57447.9330198714,1072003269491.2437,240660.0,1112554.0,3.4401640391740003,169563074.09425303,641862285.1439415,2143867474.515948,56011734.69437461,62.35263528,3550949.9963923735,0.21631309581377622,73.0
2021-03-22,btc,54453.1373508475,1016170477565.7163,295471.0,1144113.0,3.25092326,164128360.51207522,1672655056.3253586,2348931698.8353925,51390148.37486233,84.14870376,3361492.694202393,0.25825333686445306,70.0
2021-03-23,btc,54563.6119458211,1018286990169.8546,316687.0,1234149.0,3.23614304,174997789.2416285,3134309509.5803514,3120149403.6072664,54904634.52048248,83.26441284,3357120.646814316,0.2566035381465285,66.0
2021-03-24,btc,52595.4113237873,981605643201.5552,301818.0,1153475.0,3.1104188600000002,165215304.16762933,1858193285.7190154,1898320610.0818548,49965640.75759794,81.68687628,3256294.397618209,0.2616597672251241,65.0
2021-03-25,btc,51547.1248953828,962090739266.12,320449.0,1218346.0,3.03612207,167389188.3483424,2664090422.4120216,2638577111.068914,49614107.71180595,84.68911096,3194737.0910866465,0.2630197004791742,60.0
2021-03-26,btc,54817.8571122151,1023183245013.2985,293636.0,1085835.0,3.20883079,147824218.20034406,2309789280.809516,2491990463.9247627,46595178.545382835,80.31693783,3402247.363638166,0.2704241436313989,54.0
2021-03-27,btc,56019.8373055523,1045674049178.2086,286113.0,1149403.0,3.26897077,172823903.49571785,1078531066.2048936,1067844103.0173628,55669713.3223926,66.62915965,3492230.3683287655,0.24892313661961907,65.0
2021-03-28,btc,55713.0381396844,1040002658248.1864,244181.0,1063472.0,3.24472988,172823903.49571785,661851458.2841233,670912895.1217104,55364831.651311375,56.27167365,3476739.0313998424,0.22960736154783576,74.0
2021-03-29,btc,57571.2333477498,1074744167036.5872,307500.0,1115525.0,3.33795673,164128360.51207522,2177198080.1155157,2174164386.503031,54332851.47193887,83.21122777,3580571.7710278304,0.2756549606687434,72.0
2021-03-30,btc,58684.5483921683,1095581166692.6075,323613.0,1154381.0,3.38330063,158693646.92989737,1976936666.9080143,1603095084.7852132,53549650.40785357,96.5604676,3657436.8753053565,0.28033465554266745,72.0
2021-03-31,btc,58792.1948275862,1097648506570.546,330775.0,1234495.0,3.375535019449,170650017.74980718,2009576138.9219944,2110845788.9627607,57689841.17456896,100.75446315,3665304.16226756,0.2679435720679306,76.0
2021-04-01,btc,58818.9770985973,1098201835461.6189,315091.0,1145125.0,3.35598363,157606703.27434322,2418809852.485136,2439783143.010154,53304697.9956038,91.53904026,3656631.3366185906,0.2751586071389586,74.0
2021-04-02,btc,59031.5340192285,1102222111989.4219,302587.0,1103476.0,3.35413045,160833893.90764642,2079044813.6260612,2026724559.505317,51652592.26682494,90.08651483,3675527.2901621107,0.27421257915894864,74.0
2021-04-03,btc,57282.3896247808,1069609423123.5428,278911.0,1020968.0,3.25187507,150672055.36305547,1106063081.4516587,1059341890.9165477,46899956.50528928,82.3372467,3570671.441635307,0.273182900933232,73.0
2021-04-04,btc,58202.199391993,1086837744784.4451,247000.0,1032167.0,3.298301283114,167924581.3805305,1055179851.2218143,1323877639.980627,53109506.94519361,66.82380236,3633497.8920589318,0.2393023609551555,74.0
2021-04-05,btc,58755.8525295149,1097233663848.4355,289931.0,1229289.0,3.32023402,179426264.28801888,1747041427.3521554,1864659271.2640967,57286956.216277026,95.87102016,3670145.5605672863,0.23585259446720827,71.0
2021-04-06,btc,58084.0664231444,1084740698496.7766,310254.0,1180036.0,3.22914317,165624244.46778432,2615534070.37773,3107337903.6094575,52275659.78082996,105.93561433,3623669.1414730535,0.26291909738346964,75.0
2021-04-07,btc,56266.8346762127,1050858458013.2948,318898.0,1246138.0,3.12214094,180576433.5725132,2165975480.58945,2392526527.9057803,55211831.526033714,101.65904198,3520463.424731853,0.2559090566213373,72.0
2021-04-08,btc,57963.3445994155,1082591596128.1455,280374.0,1092604.0,3.2057806,154122561.56029594,1673057350.5548086,2010999286.707202,48544301.10201048,92.97359248,3632464.1591548654,0.2566108123345695,73.0
2021-04-09,btc,58051.7625563998,1084298143058.165,322101.0,1222362.0,3.203576140634,174825592.118769,1575160651.3032553,1392057826.1307127,55149174.42857981,114.11974893,3637304.5157682556,0.2635070461941716,70.0
2021-04-10,btc,59651.5589877265,1114237875675.663,300140.0,1163952.0,3.27565104,180576433.5725132,1982501461.3389747,2009936407.7343156,58533092.256706625,90.60469985,3727072.05957151,0.25786286719727275,70.0
2021-04-11,btc,59932.9306469901,1119547961330.9446,254567.0,1043812.0,3.28353702,166774412.0960362,1544863296.9054022,990162221.7651513,54314218.39883478,62.87370326,3767857.120034565,0.24388204006085387,76.0
2021-04-12,btc,59905.9363744594,1119097619041.5125,291473.0,1126723.0,3.26759859,165624244.46778432,2239985620.2063737,2131860917.729528,53915342.73701346,92.07152174,3768111.02730059,0.25869091160826574,74.0
2021-04-13,btc,63445.638314436,1185278789468.1714,310996.0,1178027.0,3.43453079,163323907.55503815,2906228841.400799,2403175834.90904,56308004.00406195,103.19219415,3995205.2087134696,0.26399734471281217,74.0
2021-04-14,btc,62869.4955873758,1174568449691.4595,295564.0,1149773.0,3.3762240500000003,155272729.18854782,2693100669.144676,2146837095.9210267,53046136.90184833,136.06365792,3956861.413532513,0.2570629158973119,75.0
2021-04-15,btc,63231.162987142,1181393313259.5356,358905.0,1366494.0,3.37419883,198624496.4285958,2023571930.3737676,2276688196.670962,67973500.21117765,155.969935,3968847.3107517813,0.262646597789672,79.0
2021-04-16,btc,61571.1100905903,1150416986978.1597,218612.0,933121.0,3.2766491699999998,120743465.93956694,2458956128.8804927,2547409251.2129455,39636402.120817505,144.49069834,3910043.29172206,0.23428044165761996,78.0
2021-04-17,btc,60280.8761758036,1126344072578.019,195677.0,828375.0,3.19962738,106676264.94260553,1135120471.8248553,2463003264.58295,34284748.3249883,163.61708924,3868706.5666694795,0.2362178964840803,76.0
2021-04-18,btc,56389.5579812975,1053678758609.2681,276174.0,1057891.0,2.959841879616,145361065.15215346,2660300672.0033193,3442818162.147823,43701907.43550556,215.78695653,3603421.367682717,0.26106092215549614,79.0
2021-04-19,btc,55798.1370771479,1042661468497.9923,207290.0,884672.0,2.92575459,113709865.44108623,1927910545.7129204,1950174709.5643926,33827620.603020914,217.61944285,3604565.806961721,0.2343128300658323,74.0
2021-04-20,btc,56474.3737586207,1055343018461.8728,280365.0,1126908.0,2.95532944,150050132.1511406,3272530160.7382407,3274650409.004776,45179499.00689656,302.58440416,3664842.2226396566,0.24879138314751514,73.0
2021-04-21,btc,54025.7995745178,1009620339154.9825,226747.0,918079.0,2.82653587,118398932.44007337,2721031730.091135,2369842237.15119,34103785.98141436,255.12244946,3539013.3276605424,0.24697983506865967,73.0
2021-04-22,btc,51882.0598106371,969605047752.2134,269958.0,1114976.0,2.70960708,167634132.55331036,3642866943.1062727,2701982203.0559154,46369590.95575691,295.10844137,3420367.937223782,0.24212000975805759,65.0
2021-04-23,btc,50954.9100607832,952320874673.5842,296653.0,1114180.0,2.65915763,158255998.5553361,3565517749.4227357,3033082597.2282515,42993205.363785826,268.53007604,3358120.067610823,0.2662523111166957,55.0
2021-04-24,btc,50279.9484464056,939751744133.4487,291934.0,1125210.0,2.61911452,169978664.36473995,1074138295.0299375,1049627304.5060414,45566203.279555075,168.04298337,3311370.683901489,0.259448458509967,37.0
2021-04-25,btc,48946.9407428404,914880447463.5385,241657.0,1026103.0,2.54988868,165289599.0538168,1369015903.1621463,1084328764.5778787,43134491.529628105,115.17065981,3224756.8469865764,0.23550949563542842,31.0
2021-04-26,btc,53943.3499783752,1008308106916.2404,241837.0,943203.0,2.79947785,133638399.34274958,2066066746.21896,2243528601.70233,38434636.85959233,169.69908618,3583692.04919048,0.2563997357938853,27.0
2021-04-27,btc,55027.0309848042,1028613088872.3914,297541.0,1092574.0,2.84255929,166461864.9595316,2086040518.9366028,1594149237.406349,48836489.99901373,160.90589258,3667998.2771838554,0.27233029524773605,50.0
2021-04-28,btc,54787.3787071888,1024181924008.5573,276370.0,1113474.0,2.82520447,166461864.9595316,1712416437.923663,1409739013.1674142,48623798.60263006,136.99695418,3677678.789433682,0.2482051668920873,59.0
2021-04-29,btc,53567.0811938048,1001410824175.2203,256358.0,986056.0,2.75289848,143016531.6526599,1837172789.0247414,1800552048.7259877,40844899.41027616,142.35402283,3623201.912436637,0.2599832058219817,52.0
2021-04-30,btc,57741.44441654,1079500865486.8407,292939.0,1122022.0,2.9509244,169978664.36473995,2761538421.139722,2370885950.7071843,52328184.00248937,145.11131759,3910614.6247543464,0.2610813335210896,51.0
2021-05-01,btc,57863.5903927528,1081834705464.8834,260173.0,1040203.0,2.95232813,158215613.46069756,852909892.7297559,747351188.1302911,50268994.153703995,98.81034028,3928593.3332646047,0.25011752513692037,68.0
2021-05-02,btc,56572.5968410286,1057763322365.5809,235137.0,1248724.0,2.88247785,189527186.17245042,693808276.2878956,639080042.234304,65412065.09743932,84.38782013,3847099.0633049756,0.18830181849632105,66.0
2021-05-03,btc,57243.0416054939,1070362250436.1665,288071.0,1268856.0,2.9091869200000002,181331416.76498824,2127996157.6455894,2470007633.555249,63325114.77607763,113.2496722,3893862.29308192,0.22703206668053744,61.0
2021-05-04,btc,53724.10892519,1004624064123.3466,300350.0,1293836.0,2.72676307,185429300.73110002,2134802678.089104,1569377683.6711667,60775398.221621186,97.53002835,3659422.720854937,0.2321391582859033,68.0
2021-05-05,btc,57342.0256616014,1072334244435.8468,309762.0,1208973.0,2.90068009,160841991.03347486,2447425181.671037,2224346651.712528,56266862.68044637,100.29671031,3910710.378947372,0.25621912151884285,48.0
2021-05-06,btc,56527.3529789597,1057159380527.9105,310841.0,1228892.0,2.8456443983220003,174160117.98024437,2165722662.1166377,2887361372.964853,60060312.54014468,109.21372074,3840130.429390121,0.252944115512185,65.0
2021-05-07,btc,57341.0684549386,1072438910564.6577,306397.0,1187763.0,2.86911512,176209059.22568092,3078468561.2532516,2514799285.897044,61641648.589058995,104.2027543,3903586.134396364,0.2579613946553311,64.0
2021-05-08,btc,58736.1258950906,1098593174225.6294,275777.0,1169650.0,2.93389162,175184588.60296264,1520482327.9586143,1187120799.7359307,62774234.55037808,87.09333133,4011490.2767387885,0.2357773692985081,67.0
2021-05-09,btc,58288.4256303916,1090287204598.6418,246707.0,1234486.0,2.90472472,190551658.27040735,1571580510.1057694,1391482833.8652534,67760294.79533024,68.83308148,3985246.166909627,0.19984592777884885,73.0
2021-05-10,btc,55902.9277399182,1045729267184.1483,305887.0,1315147.0,2.78208874,184404830.10838172,2689490404.42597,2652514505.3760505,62890793.70740797,102.50388293,3815197.936116436,0.23258768791625575,72.0
2021-05-11,btc,56612.1026487434,1059056066491.1912,309496.0,1258920.0,2.81280636,176209059.22568092,2046543631.6687717,2370924499.866288,60858010.34739915,81.30313479,3864574.2347146277,0.24584246814730087,61.0
2021-05-12,btc,50972.355081239,953606762907.2689,301570.0,1245595.0,2.528710162627,176209059.22568092,3740021297.2545958,2275841999.244712,54795281.71233193,77.2088848,3477060.3080149167,0.24210919279541102,68.0
2021-05-13,btc,49368.6144739918,923653159148.4513,274151.0,1187747.0,2.4489477,186999513.86234707,4141383839.1795917,3238742298.3518767,49677168.31445425,71.54922349,3405428.063821587,0.230815990274023,31.0
2021-05-14,btc,49997.3959011105,935459104298.8987,267317.0,1066269.0,2.47934018,166839066.08152366,2202541259.7897506,2369937191.1464806,41872819.067180045,73.11896291,3426977.476309353,0.25070315276914173,26.0
2021-05-15,btc,47047.9633331385,880310927346.3748,231360.0,953308.0,2.33381396,153143321.7171525,1581369889.57025,1130224230.1135182,36168121.81235022,61.6694623,3209960.537642376,0.242691763837081,27.0
2021-05-16,btc,46022.5037090006,861161597488.6411,219486.0,971649.0,2.2838578,164348930.5795564,2217918217.7877607,1861657130.021887,37968565.5599255,53.24761006,3163488.626695337,0.22589021344127355,20.0
2021-05-17,btc,43492.3954833431,813851735267.469,252917.0,962984.0,2.16428882,150653186.21518525,4065277357.5571976,2486975100.287708,32891124.08427822,76.96149261,2971905.032408317,0.26263883927458814,27.0
2021-05-18,btc,42789.8093921683,800731332066.7421,220564.0,856695.0,2.13179763,124506764.34097786,1692765680.8361056,2124584660.107807,26743630.87010519,67.70649625,2946977.3945710757,0.2574591890929677,21.0
2021-05-19,btc,37642.5200017534,704438836807.3654,264932.0,1031147.0,1.88892076,155633457.21911976,5427372508.281521,4263959865.4320736,29408218.751369845,124.84309741,2579639.173665128,0.2569294193747351,23.0
2021-05-20,btc,40799.4021475745,763545013579.125,226451.0,943686.0,2.05205637,139447577.35278136,2895477773.8898625,2821254367.7447286,28559581.50330215,131.97151192,2812085.596666879,0.2399643525494709,11.0
2021-05-21,btc,37174.3311014027,695728769937.6442,225921.0,942736.0,1.87448768,136957441.8508141,2080196774.1386452,2513655412.440627,25557352.632214356,131.84301153,2586385.6130720265,0.23964397243767077,19.0
2021-05-22,btc,37643.4197983635,704535197246.9867,221219.0,918673.0,1.90162942,144427848.35671586,1803215758.0078075,1301384086.0088263,27291479.353813536,98.81884261,2643946.985777014,0.2408027665992143,12.0
2021-05-23,btc,34774.207221917,650860805397.6799,195260.0,957018.0,1.75890282,148163050.713218,1728242842.797443,1743551289.7302349,25863316.621300768,81.12379396,2457803.942300604,0.2040296002792006,14.0
2021-05-24,btc,38630.4091186441,723066857297.3595,236897.0,975836.0,1.94867935,156878524.07365468,2303903819.0354795,2386688360.393735,30421447.180932228,98.20728103,2732291.3786425753,0.24276312823056334,10.0
2021-05-25,btc,38269.7710747516,716346014295.941,232254.0,968674.0,1.9332901100000002,153143321.7171525,2089312060.5267498,1815542372.9455175,29419886.513715293,86.01523025,2730956.9908147505,0.23976487445724776,22.0
2021-05-26,btc,39194.8588980129,733691994944.9177,228063.0,933622.0,1.97886373,151898253.06972018,1723833936.9767044,1701075846.953061,29886079.909734838,76.84605634,2815604.7489086115,0.24427766269432383,22.0
2021-05-27,btc,38510.8570417884,720916265382.9325,217523.0,864432.0,1.94636165,145672915.21125075,1422092336.043083,1338055321.8416452,28161064.21180777,66.47903988,2781380.968437843,0.251636913024969,27.0
2021-05-28,btc,35596.7179510228,666390584725.3661,217451.0,972164.0,1.80279078,148163050.713218,2348934994.176955,2061680267.128687,26475058.97607321,68.98533519,2598037.8505720394,0.2236772807880152,21.0
2021-05-29,btc,34681.8183670368,649288294161.1664,192912.0,863265.0,1.7581951500000002,144427848.35671586,1000092915.2457541,724244159.7845327,25144318.31610168,45.39305918,2555292.7360839574,0.22346788066236903,18.0
2021-05-30,btc,35652.1687703098,667486590030.1371,182281.0,990443.0,1.8057394800000002,150864303.39569443,773424811.5896769,893493682.3867466,32086951.89327882,36.75241843,2646574.461054972,0.1840398690283035,10.0
2021-05-31,btc,37312.9748970193,698613395865.977,229620.0,977895.0,1.88939041,147526659.5228379,1187188493.7097743,1030585328.0017104,32882059.12799826,46.93975809,2793110.4963309583,0.2348104857883515,18.0
2021-06-01,btc,36661.3781184687,686446041528.999,231423.0,914351.0,1.8549076100000002,148572947.21506172,931001819.4533494,950451514.9222348,32536973.08014097,46.21381566,2771743.9237423493,0.2531008332686244,20.0
2021-06-02,btc,37639.4556732905,704798573851.845,252343.0,1090605.0,1.905098964141,173683868.40164092,986132904.4201008,1013199017.1236248,39050935.26103889,50.74028197,2869609.230139168,0.23137891353881562,23.0
2021-06-03,btc,39160.1504132086,733309551805.9535,253523.0,1015474.0,1.9791401,153804388.68949127,1102832252.608169,1136847698.761565,35978388.1921354,50.31519761,3010786.6077677147,0.24965976479949264,24.0
2021-06-04,btc,36884.3735551724,690723752475.9789,235300.0,907519.0,1.866853639007,137063775.06732357,1055680579.4592633,1099212378.960867,30199080.848297402,41.83791933,2865816.723504696,0.2592783181398957,27.0
2021-06-05,btc,35409.5672366452,663134442422.8171,192819.0,762659.0,1.7937836800000002,137063775.06732357,777358794.8477125,628744374.7817681,28991583.175003257,28.98173143,2785590.7142755804,0.25282465689121875,24.0
2021-06-06,btc,35720.6043546464,668992893681.9762,188480.0,737174.0,1.81038933,156943254.77947322,545140005.1423452,673614568.8376187,33488066.582481,23.01663051,2834964.4828231493,0.2556791205332798,17.0
2021-06-07,btc,33724.9077517826,631644548545.3397,237064.0,910652.0,1.7125557800000002,139156351.95842645,1434482936.5692506,2606025882.5143366,28033829.568669286,35.42582479,2704868.8517230093,0.26032337270439204,15.0
2021-06-08,btc,33475.0489234366,626996036535.3291,245071.0,998834.0,1.7042113,155896965.58059415,2500097311.646185,2056733743.4955864,31173639.309950333,33.90502999,2711680.9721751623,0.2453570863626989,13.0
2021-06-09,btc,37372.9888953828,700034858090.9735,213689.0,817282.0,1.89766024,131832333.59289403,2021043226.5447266,1963225709.9822206,29431228.755113956,35.82918778,3069226.884046978,0.26146299563675696,14.0
2021-06-10,btc,36826.0022185856,689816389289.0381,252966.0,948298.0,1.87120729,123462026.02848256,1468189660.3292465,1150386138.141655,27159176.63620688,44.98929156,3034491.318776634,0.2667579178696992,21.0
2021-06-11,btc,37185.3931268264,696572821848.9191,212379.0,874050.0,1.8886066400000001,109860278.49629676,1713542792.2884219,1237836908.6123707,24402914.239479825,40.92023852,3090890.6088981675,0.24298266689548653,21.0
2021-06-12,btc,35669.1712817066,668199727376.6781,223896.0,1013611.0,1.81254069,138110064.26620263,683551687.7728256,568272732.8282075,29427066.307407945,34.50468002,2968502.466012522,0.22088947337785403,28.0
2021-06-13,btc,38925.4194289889,729231971944.1294,182420.0,799859.0,1.9762250000000001,136447345.89779422,1059720440.6934108,806102528.2971389,32113471.02891584,22.77602573,3258805.4423884084,0.22806519649088153,23.0
2021-06-14,btc,40455.5959833431,757932558315.0496,248537.0,972587.0,2.04984505,133766696.21889953,2229243584.205906,1799973527.7202978,34134409.11094574,39.54736393,3389432.544198209,0.25554217771777743,28.0
2021-06-15,btc,40254.6514679135,754200836376.5773,242092.0,963054.0,2.03798688,129803238.23607774,2165352034.9511447,3376152870.967027,32958495.889354177,38.10879721,3361187.762649271,0.25137946574127723,38.0
2021-06-16,btc,38265.5437726476,716962840858.3022,254125.0,954838.0,1.9378901110609998,121876323.69727893,2558179555.334806,2065535065.5340836,29416636.77522284,38.60919505,3200737.684873062,0.2661446234858688,33.0
2021-06-17,btc,38018.6432346581,712367675979.0337,236736.0,865333.0,1.9274868147950002,128812374.45379467,1719152508.9861152,1782823021.853264,30890147.628159706,31.44356138,3175016.9886863944,0.2735779174028958,26.0
2021-06-18,btc,35714.3120787259,669218352695.6392,224077.0,825241.0,1.812458657444,122867187.479562,2342596565.8711405,1741575348.1171484,27678591.861012574,32.53610872,2983576.556261826,0.27152916541955624,25.0
2021-06-19,btc,35555.9763966686,666274332004.6891,182467.0,688095.0,1.805038478086,102059035.21001478,931698933.7238615,983897858.9079862,22889159.80535541,23.01134957,2988893.5611652676,0.2651770467740646,23.0
2021-06-20,btc,35599.9418784337,667121552365.0758,168027.0,652470.0,1.8074597452870003,104040764.20142566,984641140.8284203,908851663.4829453,23362461.857722115,22.47369117,3005808.8090425152,0.25752448388431654,21.0
2021-06-21,btc,31715.1598624196,594343881161.0618,208474.0,835557.0,1.615498500377,104040764.20142566,1937457497.149393,1896218403.4569385,20813073.659712862,42.25495751,2690203.102177902,0.24950302612508782,23.0
2021-06-22,btc,32394.5555949737,607094219837.7976,196802.0,776432.0,1.6514998023070002,90168661.26154941,2009752959.5899088,1773066031.3637645,18424403.494641293,47.89336831,2763754.54518911,0.25346971788901024,10.0
2021-06-23,btc,33610.4968129749,629902934904.7166,233460.0,847730.0,1.713698226674,100077306.21860388,1636694912.0474553,1709770185.4570622,21216626.113190405,55.05415936,2865075.5970732193,0.2753942882757482,14.0
2021-06-24,btc,34658.972875979,649575438469.43,226845.0,843836.0,1.766672167447,104040764.20142566,1137565111.152415,1026623720.1120627,22744950.949861217,47.28416658,2950087.4619208705,0.2688259330011993,22.0
2021-06-25,btc,31683.5032004676,593831228445.3011,223011.0,880813.0,1.630917169218,108995085.96653052,1334091215.1852682,1481175015.5677881,21782408.450321473,45.55393556,2694491.688483273,0.2531876800183467,27.0
2021-06-26,btc,31890.6764465225,597731932924.4774,180868.0,715801.0,1.643033945428,88186933.69698328,970471111.1738199,827068313.1087729,17739188.77337814,29.53092059,2717494.9193609087,0.25267916641636434,20.0
2021-06-27,btc,34506.4911975453,646773066239.3123,123967.0,518219.0,1.7762558571090001,57470136.470381595,776046868.9822407,713245605.8805517,12508603.059110172,26.7283051,2968560.324128662,0.23921739650611035,22.0
2021-06-28,btc,34376.188538983,644349642813.4773,215492.0,776365.0,1.769776037417,87196068.48785546,1074543187.575258,1036503790.449228,18906903.69644065,51.90601631,2964302.2675118195,0.2775653204356198,25.0
2021-06-29,btc,35933.7782178843,673565423656.2108,207236.0,792995.0,1.849675862855,89177797.47926635,1021436812.6033673,1127173413.8486607,20212750.24755992,54.94764079,3111071.4985986697,0.2613332997055467,25.0
2021-06-30,btc,35065.4661533606,657308520165.8943,217133.0,790273.0,1.805586334557,87196068.48785546,953031676.9685191,1206067245.6328437,19286006.38434833,61.92774978,3053720.4128659707,0.27475695107893094,28.0
2021-07-01,btc,33505.0804935126,628078911133.4492,232056.0,817115.0,1.727368166727,95122984.45349903,635395449.4059278,989265652.037014,20103048.29610756,72.50566552,2928355.960977795,0.28399429700837703,28.0
2021-07-02,btc,33782.9459464641,633306719050.4343,189904.0,809016.0,1.7461412421950002,89177797.47926635,782301213.5279748,763453635.376108,19002907.094886057,62.93307195,2975220.039924236,0.23473454171487337,21.0
2021-07-03,btc,34588.2242916423,648430198161.1792,234315.0,1027108.0,1.787452030946,97321703.03432867,543933877.381119,336303969.6564022,27454403.031491075,57.69736962,3025206.4159196867,0.22813082947460248,24.0
2021-07-04,btc,35355.6078883694,662841855840.3813,169312.0,843475.0,1.8265447061,82108835.96327849,370765449.1565221,489889667.04483175,25411843.169765506,42.68100557,3102351.366366673,0.20073149767331575,27.0
2021-07-05,btc,33911.7538404442,635800664838.8307,223372.0,902032.0,1.7524922112280001,94246664.36212581,820704840.8387704,640551868.2891408,27977196.918366466,47.22304028,2982614.6597520607,0.24763201305496924,29.0
2021-07-06,btc,34123.9815680888,639809939899.604,232857.0,853332.0,1.7637857296150001,101386562.69452159,720939697.0890894,755516108.7123109,30285033.64167881,47.14061869,3007577.1348160645,0.27287972324956755,20.0
2021-07-07,btc,33931.6186382233,636229302844.7092,220912.0,811614.0,1.753796589122,87820755.45171145,676419423.9642366,947011810.2854588,26084931.82813416,37.55775412,2987123.257200745,0.27218850340186346,28.0
2021-07-08,btc,32819.6595312098,615408206333.4872,228850.0,802085.0,1.697989573018,99244593.40043195,874126663.7085835,1271042830.5678585,28512079.217738513,29.20520209,2901098.7193019423,0.2853188876490646,20.0
2021-07-09,btc,33914.8810742256,635972699231.9186,223467.0,818441.0,1.754049012631,93532673.91199899,918412222.8488151,809771601.8126439,27767808.87952221,26.20444929,2992455.619328403,0.2730398403794531,20.0
2021-07-10,btc,33610.9458386908,630307119097.991,193966.0,726034.0,1.738516988105,114952370.96547714,379036232.6712639,368674806.2496231,33821014.25018262,19.75597862,2980789.580890313,0.2671582873529339,20.0
2021-07-11,btc,34258.4413898305,642476387837.8834,160653.0,690684.0,1.771750243299,89248735.3238197,486594652.50643086,522533794.71011716,26764407.335805077,18.0914044,3049550.6382950395,0.23259985753253296,20.0
2021-07-12,btc,33135.2359117475,621438096852.9285,225239.0,838472.0,1.713116506244,89962724.74580109,1013104448.7470804,952978265.3739028,26093998.280501157,29.64123093,2961387.1183136003,0.2686303180070414,25.0
2021-07-13,btc,32641.9759610169,612214949439.348,227411.0,807050.0,1.6888114696879999,97102623.07819687,977859678.226092,1005049541.8497733,27745679.566864364,31.50950453,2924743.0716664917,0.2817805588253516,20.0
2021-07-14,btc,32798.2845189947,615181434967.0844,235584.0,817900.0,1.697934967437,121378279.8758915,1020784171.8363675,924734838.8706439,34848177.30143187,24.24152574,2948241.474842736,0.2880352121286221,21.0
2021-07-15,btc,31707.6900368206,594751052034.9653,224713.0,828844.0,1.643649164372,91390704.61790934,993396220.7873504,1047761305.4216287,25366152.02945648,22.47964079,2856207.0393945994,0.2711161569607791,20.0
2021-07-16,btc,31455.7175818819,590054215680.704,223179.0,764392.0,1.63221452573,107098482.18295455,773480713.3393891,827094008.546911,29489735.23301428,17.43069111,2834087.6549873147,0.2919693037080451,22.0
2021-07-17,btc,31547.9511990064,591812552914.4733,181727.0,640355.0,1.630400402935,101825980.8946451,2901894783.526739,1976697832.3299255,28195981.38411197,12.47773765,2842893.9934459,0.28379102216739155,15.0
2021-07-18,btc,31707.7038527177,594837912850.213,163158.0,651828.0,1.6392582201180002,97872242.08868939,929871052.3737264,376680558.4810778,28536933.46744593,12.23553791,2859815.8264065147,0.25030836355603014,19.0
2021-07-19,btc,30883.4697462303,579408058603.4889,228590.0,845474.0,1.597725750094,115543619.56746827,1022745429.4517385,770705444.5214543,32813686.605369695,19.32263102,2776044.889348294,0.27036904742191953,24.0
2021-07-20,btc,29766.6577182934,558478126514.6532,228207.0,822257.0,1.540648215719,82919538.21875685,1025119558.3222506,1122009430.293119,22697076.510198716,17.31679808,2661463.7266326128,0.2775373149757314,19.0
2021-07-21,btc,32119.6572258328,602653902984.2953,237007.0,815589.0,1.661721371109,98551910.00153977,931313040.6271955,1019734119.0952164,29108439.360910974,14.85813128,2870253.4964623027,0.29059612133071927,10.0
2021-07-22,btc,32306.9614285798,606199143136.722,223683.0,780869.0,1.6704925944990001,103989257.21923247,898637024.9727044,760321563.6871996,30893531.866079435,13.57207142,2888692.0399056235,0.2864539378564138,21.0
2021-07-23,btc,33439.5957028638,627479802970.8693,234138.0,803246.0,1.732406654257,91755226.9581463,735547713.8123137,714802156.0073273,28214658.87429133,19.43425167,2984448.177505869,0.29148978021677047,23.0
2021-07-24,btc,34166.914654588,641160519675.9817,196325.0,712132.0,1.769606297066,104668925.13208285,561492859.5659586,438051936.7487046,32885655.35504095,12.89541262,3041531.131366482,0.2756862491785231,22.0
2021-07-25,btc,35119.9374360023,659078087900.0309,172110.0,641796.0,1.81848487747,103989257.21923247,388267974.487884,560627513.8807945,33583440.1731772,9.56048467,3101233.298513437,0.2681693248321897,27.0
2021-07-26,btc,37444.7825102279,702742383037.9468,269826.0,958347.0,1.93010945385,101950252.50195892,1906813694.847191,1496004428.61172,35104483.60333866,18.62782094,3276772.0398177016,0.28155355001893884,26.0
2021-07-27,btc,39126.5402881356,734346228533.4617,251334.0,903400.0,2.001791162085,115543619.56746827,1683584201.597911,1476144278.4821713,41571949.05614407,15.93512278,3399173.288491461,0.2782089882665486,32.0
2021-07-28,btc,39939.1940432495,749637705826.2058,255513.0,868607.0,2.033833059073,106707930.82807882,2942200633.5229697,4213066828.991865,39190334.15493857,15.71437773,3448077.6979518645,0.2941641041345511,50.0
2021-07-29,btc,40086.1643950906,752436348341.3021,261353.0,880689.0,2.017407304464,108746935.54535238,1142950496.9289007,2184958960.71012,40086164.3950906,15.05617547,3444373.6870678673,0.29675969610157504,50.0
2021-07-30,btc,41789.6670981882,784455260094.139,250833.0,841162.0,2.099162197424,112824945.9586219,1125916131.16263,1165549331.1749942,43356779.61437026,14.24411318,3555527.453169918,0.29819820676635417,53.0
2021-07-31,btc,41793.3137481005,784564984126.0333,204354.0,720022.0,2.098153113059,112670630.57380447,577105416.3584665,595620729.9463817,41270897.32624924,11.1087788,3573355.244419951,0.2838163278344273,60.0
2021-08-01,btc,39968.9689544126,750355941541.0171,190234.0,695892.0,2.006838470091,110975800.32998534,726731687.9294603,513702344.95988137,38470132.618622124,9.80192789,3405956.5205931785,0.27336713168135285,60.0
2021-08-02,btc,39304.1862835769,737910797087.4546,236019.0,899861.0,1.9729335713830003,103048958.33872564,1089656759.7087746,926544497.3227382,35128116.49094685,13.33482268,3342613.396862431,0.2622838416155384,48.0
2021-08-03,btc,38288.8253975453,718888492618.7064,246833.0,820918.0,1.9228650347120002,121785131.92177844,1317467612.2974296,1201707069.4015336,40442571.82615722,12.82913572,3249099.1912348815,0.3006792395830034,48.0
2021-08-04,btc,39773.9113489188,746805401841.9286,237723.0,842870.0,1.995697932518,98004602.83491194,945349130.7017891,1549112297.0956428,33807824.64658098,15.02438352,3366138.7046927824,0.2820399349840426,42.0
2021-08-05,btc,40941.650434249,768772119139.3582,249454.0,854629.0,2.052274774394,115299533.17424174,1237284385.247372,955462647.5112426,40941650.434249,15.08229896,3453695.9477482517,0.29188571883238223,50.0
2021-08-06,btc,42790.3573284629,803528296774.2886,258639.0,894265.0,2.140827816615,114578911.55238023,2370768590.402432,1983463559.3412,42522917.59516001,14.12583268,3589580.7718459778,0.28921963847405413,52.0
2021-08-07,btc,44484.9005862069,835395295482.4253,207621.0,724467.0,2.222890074166,120343887.64035964,745308968.0442908,656642143.5833907,46431114.98685345,10.13663808,3723826.669835979,0.28658448210891596,69.0
2021-08-08,btc,43972.3010181181,825812457038.7324,197270.0,740945.0,2.195821362505,113858288.89282294,1180205191.4012403,964961566.1623819,43422647.25539162,10.08554291,3659776.35237502,0.2662410840210812,74.0
2021-08-09,btc,46265.6424564582,868926021044.1495,254532.0,934412.0,2.303684409546,109534557.08626235,1805482653.3178396,2095055381.7468255,43952360.33363529,13.69567669,3833072.373161827,0.272398042833354,65.0
2021-08-10,btc,45488.7912624196,854382704549.5063,259626.0,875882.0,2.261488524708,118902643.35894084,1264980753.4575098,930549946.4529741,46910315.98937021,13.91763695,3749885.882449435,0.29641664059770606,71.0
2021-08-11,btc,45676.3263611923,857947004307.331,261571.0,866724.0,2.268172978331,105931445.86386745,1234947839.0873713,1733639348.8075187,41965124.84434543,13.11044169,3750253.0797570096,0.3017927275580231,70.0
2021-08-12,btc,44405.7483483343,834123407129.095,252677.0,842547.0,2.20343699514,108813934.42670505,1199078918.7759454,861424743.3007646,41907925.0037405,13.0493474,3630267.3055089237,0.29989662297770925,70.0
2021-08-13,btc,47717.4853559322,896373859155.2133,256053.0,917929.0,2.362590119037,108438697.15589665,1227835220.2899594,1093133509.812383,42349268.25338983,23.34173343,3881360.454463291,0.27894641088798805,70.0
2021-08-14,btc,47124.2050736411,885277380213.1919,211657.0,724702.0,2.327809478249,126820808.67061575,834712888.2939355,652944608.4142195,48302310.20048213,10.94531891,3815651.065980132,0.2920607366890115,76.0
2021-08-15,btc,47074.370710111,884394736774.213,181221.0,750378.0,2.323985756424,140740165.7062498,837718349.768337,755077313.9221506,53547096.68275126,9.58486987,3801277.3587507503,0.24150628083445944,71.0
2021-08-16,btc,45984.7199070719,863969541715.8536,270372.0,978773.0,2.268193061802,124500916.20252627,1050999576.8120371,953867108.0455161,46272124.4064911,17.1662457,3689820.706408361,0.27623565423239094,72.0
2021-08-17,btc,44714.0967982466,840144904105.1235,254546.0,953226.0,2.204708913004,133007188.95670392,854504906.47822,861549292.9376193,48067654.058115095,15.65881585,3573713.869473694,0.2670363586389796,72.0
2021-08-18,btc,44954.3637469316,844697273128.4824,247197.0,876483.0,2.213680687968,104395177.76725549,1381580284.7172775,1180088852.024781,37930244.411473535,14.75854262,3587524.5987612247,0.28203285174954906,73.0
2021-08-19,btc,46646.8615049679,876544383505.9407,254656.0,888796.0,2.293129661764,119087831.92106985,978601376.0907165,1045799878.4794395,44897604.198531605,13.06267696,3705374.776641218,0.2865179411248475,70.0
2021-08-20,btc,49240.8356049094,925337170100.1697,272396.0,984372.0,2.414499299985,123727617.97079739,1717123964.7946093,2092083914.0153294,49240835.6049094,15.88210822,3889170.6195119824,0.27672058937068506,70.0
2021-08-21,btc,49070.2409701929,922183481119.9332,216018.0,787645.0,2.403261370099,131460594.72034329,1493075906.971852,1134621250.601458,52137131.03082996,11.01828419,3864492.130725749,0.274258073116696,78.0
2021-08-22,btc,49363.3160952659,927741877823.0681,191939.0,715639.0,2.414996575605,126820808.67061575,602767091.2903478,629120810.1357555,50597398.997647546,11.80095335,3876281.50359405,0.26820645604837073,76.0
2021-08-23,btc,49590.8763676213,932079739908.438,271010.0,973417.0,2.420040085444,152339630.27379438,2144111024.512446,1342130058.902524,61058766.52763373,14.28896429,3893717.9807566083,0.27841099960243143,79.0
2021-08-24,btc,47925.8622127411,900831282245.6066,263660.0,945668.0,2.3379463509600003,119087831.92106985,1064788053.4262748,1066768330.0539222,46128642.379763305,15.04173196,3756271.37708394,0.2788082075316073,79.0
2021-08-25,btc,49002.3166049094,921113698122.0674,264966.0,867743.0,2.379019545564,131199199.26766805,1491345678.5138328,2795677153.4419465,49002316.6049094,12.84157954,3835445.316170722,0.3053507778224659,73.0
2021-08-26,btc,47190.3449929866,887096494654.2288,254481.0,818959.0,2.287786761638,127844614.26004224,2196068836.6310506,964948700.3204236,43061189.80610027,11.39117027,3697579.06821473,0.3107371675505123,75.0
2021-08-27,btc,49048.4755891292,922070878172.4023,260937.0,864176.0,2.375147501066,127844614.26004224,1053100405.5024655,1100077459.5908382,44756733.97508039,12.25544326,3837586.458538979,0.3019489085556646,71.0
2021-08-28,btc,48852.4687995324,918429163463.365,212867.0,726381.0,2.363961726236,123466374.33066267,610826611.7078577,554917211.1483386,43051238.129587926,10.2964037,3817599.242444595,0.29305144270018074,78.0
2021-08-29,btc,48948.3479579193,920279421677.5841,196139.0,685753.0,2.367277866365,136601094.11880136,609351698.9139574,563130034.3332051,47724639.25897132,8.95200448,3821939.788162163,0.28601989346018175,72.0
2021-08-30,btc,47125.7685189947,886052810980.3136,249956.0,910173.0,2.277961082403,118212485.65884729,1164886277.3096867,980185880.2371857,39762367.18790178,12.53968831,3672204.8963832953,0.27462471420268453,73.0
2021-08-31,btc,47219.2443424898,887852829053.0802,273720.0,930055.0,2.2801108652210003,126093318.03610377,1416690536.1068172,1531928050.933361,42497319.90824082,14.41472193,3665079.03008597,0.29430517550037366,73.0
2021-09-01,btc,48688.5375572764,915521308402.3389,277500.0,954959.0,2.346384601556,119963781.88278574,1637388816.4528074,1614627679.0152125,41689560.28341792,17.25535838,3757261.4981215578,0.2905883917529444,71.0
2021-09-02,btc,49369.5862746932,928373472804.1525,293611.0,1026339.0,2.375035051723,130471557.96548334,1739352844.3985991,2331607534.4184875,45975427.21830804,20.24858341,3785506.1148255235,0.28607604310076884,74.0
2021-09-03,btc,49860.5341635301,937651654078.7665,278164.0,1008068.0,2.395390356338,129595910.48398069,1108825628.8641977,1861849651.0053737,46120994.10126534,17.972928070000002,3812498.1669141552,0.27593773435919006,74.0
2021-09-04,btc,49919.577563647,938810353594.9014,227677.0,776022.0,2.395772281636,135725446.6372987,648273363.6102977,975443136.2854742,48359590.76478303,11.90480788,3806124.4040735494,0.293389878122012,72.0
2021-09-05,btc,51747.6438565167,973242843766.6512,206820.0,735688.0,2.480946695916,143606279.01455522,736934130.0559024,634193333.8448827,53041334.952929616,10.5817088,3940272.0899220677,0.2811246071704309,73.0
2021-09-06,btc,52640.5883740503,990093469707.9806,269949.0,968860.0,2.51931377876,150611462.64937586,1156924541.2055726,1556050574.4670472,56588632.502104074,17.30054472,3999577.7398378127,0.2786253947938815,79.0
2021-09-07,btc,46854.4006028638,881308435814.7441,277913.0,938525.0,2.245742480847,134093473.52179763,1902273707.2378004,2084183715.3358474,44804520.57648851,18.85074144,3550762.2017342164,0.29611677898830613,79.0
2021-09-08,btc,46187.9757306254,868814300650.1481,271871.0,907794.0,2.213572688033,129989982.27183737,1381073453.4549718,1597073685.587391,40991828.46093004,14.70435625,3495243.504278558,0.2994853457943102,47.0
2021-09-09,btc,46448.7748290473,873759807785.6562,275020.0,937415.0,2.222094260363,125412870.50778997,1205784708.0840182,1214260286.2845623,39771763.44737175,13.7584358,3503891.0610746313,0.2933812665681689,45.0
2021-09-10,btc,44765.2755762712,842129122357.554,260963.0,906178.0,2.142454311237,124497447.36405553,1307639785.7058127,3430383877.9223075,38050484.23983052,14.70375485,3374674.78882342,0.287982052091311,46.0
2021-09-11,btc,45098.5916447691,848441215860.3611,210848.0,823454.0,2.157808262825,135482517.1796192,515996584.43413126,586537786.238076,41716197.27141142,9.95267928,3400363.0250084,0.2560531614394975,31.0
2021-09-12,btc,46180.6124563998,868839735686.3915,193569.0,705573.0,2.2082170161740002,134567094.03588477,443195636.77692693,476816016.6625896,42428437.69431732,8.65229485,3475972.2035557646,0.27434298081134056,32.0
2021-09-13,btc,44991.5221277031,846512959971.3958,253041.0,908372.0,2.151863481078,145552163.85144845,1340170809.1488023,1439943149.88671,44710325.114404954,15.1574732,3395056.4997390336,0.2785653895100245,44.0
2021-09-14,btc,47022.6177597896,884777283874.6703,270910.0,952892.0,2.245175277381,153790965.55401707,1050081295.0165755,1091090504.5419676,49373748.64777908,15.10542176,3540222.7884387015,0.2843029430407643,30.0
2021-09-15,btc,48167.1893676213,906356284523.2517,268455.0,976201.0,2.293761212961,129989982.27183737,929644000.5895407,1629698199.430272,42748380.5637639,17.07280917,3615582.48953293,0.27499971829571984,49.0
2021-09-16,btc,47797.3283237873,899437280895.7874,270023.0,1021047.0,2.273981867172,124497447.36405553,1021648123.155391,1255144084.299152,40627729.07521921,16.65778252,3580143.5121376757,0.26445697406681573,53.0
2021-09-17,btc,47213.7941294565,888499868900.2491,273808.0,943981.0,2.244949537952,134567094.03588477,918566277.4134451,1032927417.6146301,43377673.35643816,15.00825444,3535898.2024460463,0.29005668546294894,48.0
2021-09-18,btc,48204.0136519579,907181161197.6665,227894.0,819880.0,2.290426705637,141890473.9129272,554134165.9444797,556936813.5927025,46697638.22533421,11.56360522,3604159.2104918407,0.27796018929599453,50.0
2021-09-19,btc,47218.4739964933,888680899050.9407,199632.0,714326.0,2.242941684172,146467585.67697462,477672064.031584,518832326.1296725,47218473.9964933,8.25785104,3526809.4036041507,0.2794690379462598,53.0
2021-09-20,btc,42855.5103448276,806611150255.1008,273371.0,1014971.0,2.0405862875820002,150129275.61549583,1553917690.2134023,1294359141.2649193,43926898.10344829,14.15860665,3200037.4349589176,0.26933872987504076,50.0
2021-09-21,btc,40526.4893760958,762806301935.1322,245996.0,844883.0,1.933233183973,114073685.15409195,1078749037.4257925,848489002.4036465,31154738.707873646,14.70251214,3033845.175542752,0.29115984106675125,27.0
2021-09-22,btc,43577.5724821742,820271543076.0717,270233.0,888195.0,2.075944471859,126546634.44445217,862543020.2979761,858934074.0721649,36496216.95382089,13.87565256,3259957.919320894,0.3042496298673152,21.0
2021-09-23,btc,44861.2980329047,844481693316.983,273598.0,918846.0,2.135308888042,155822347.18556657,855682493.3269852,909625693.0277205,46263213.59643297,14.37353002,3347092.8755423115,0.29776262834033124,27.0
2021-09-24,btc,42803.307701052,805781097472.616,274940.0,958548.0,2.038939778388,139767924.24494308,1335012697.3426144,1346476695.3470078,39593059.6234731,15.59573586,3187385.601166979,0.2868296631989217,33.0
2021-09-25,btc,42735.2658240795,804538656841.3231,210070.0,702530.0,2.035666539997,135990412.4848302,441900310.0225808,520781419.81500447,38461739.24167155,8.36691295,3183728.966055336,0.29901925896403003,28.0
2021-09-26,btc,43131.2941773816,812031799027.2391,192460.0,699993.0,2.040529522117,131268523.46464118,1067955266.9868176,759355221.9121301,37470311.81660026,8.3876489,3215052.572416831,0.27494560659892314,27.0
2021-09-27,btc,42496.7852250146,800127083577.485,262162.0,901586.0,2.010425564687,146378569.14518854,858046002.2836752,1027603811.4585744,41168760.686732896,13.12109037,3162460.3223912055,0.2907786944340307,26.0
2021-09-28,btc,41223.7862743425,776198293483.3026,262395.0,935822.0,1.951689041262,143545436.00505593,790407155.1480511,926021216.3733265,39162596.96062537,13.63232636,3072795.2787540364,0.2803898604649175,25.0
2021-09-29,btc,41453.9470131502,780565646921.4586,240916.0,830989.0,1.962665363543,122769122.6843393,788198139.9054271,706583495.2033474,33681331.948184535,11.07608957,3106150.982539403,0.28991478828239603,24.0
2021-09-30,btc,43781.546015488,824440444029.2032,289577.0,1059608.0,2.069864321133,161488614.82573587,1105346222.3755202,1008193379.512444,46791527.3040528,14.7962053,3282626.523112036,0.27328691365108604,20.0
2021-10-01,btc,48078.1315543542,905390548127.17,279255.0,962201.0,2.2656562669799998,132212900.72471735,1204334953.3212516,1255467813.9944143,42068365.110059924,16.30821302,3604381.649918511,0.29022522321219785,27.0
2021-10-02,btc,47792.4391943308,900066645699.4569,260972.0,963528.0,2.248711046277,177543039.1262635,679616139.8937135,652662750.4355352,56156116.05333869,10.93187659,3566304.6634874367,0.2708504579005488,54.0
2021-10-03,btc,48202.6229177089,907836753956.0886,216090.0,808347.0,2.266397740964,141656680.12499952,649079351.505683,675509912.0425742,45189958.98535209,10.19201515,3592379.449541054,0.2673233153583795,49.0
2021-10-04,btc,49288.5013106371,928335986047.2693,265740.0,1015651.0,2.31284262096,147634521.78479335,1126765181.3899536,1124344595.6122487,48056288.77787117,13.52207286,3675682.897224119,0.2616449941958409,54.0
2021-10-05,btc,51558.0493319112,971135174368.5519,312571.0,1037679.0,2.411845063946,162177735.98974445,1524332744.007783,1572132678.436594,52847000.56520898,15.08376811,3826390.4945020466,0.30122128326775427,59.0
2021-10-06,btc,55419.800411163,1043919575657.0316,273475.0,914612.0,2.572944325306,129544410.62214965,2070163046.875003,1901541993.4225976,45374961.58663971,19.01470328,4112241.68743161,0.299006573279161,68.0
2021-10-07,btc,53805.1569125658,1013552627931.8853,324741.0,1144142.0,2.490026710036,139433297.74445093,1503347839.7862775,1449596173.925265,47415794.52919861,26.48403813,3964884.496090966,0.2838292799320364,76.0
2021-10-08,btc,53933.5275908825,1016011255921.6256,280844.0,978503.0,2.492000787508,118666635.49961804,1296260928.419782,1102106979.7769694,40450145.693161875,20.33225831,3963493.4594730763,0.2870139386389209,74.0
2021-10-09,btc,55010.9224751607,1036359022483.6368,241705.0,991926.0,2.538238578635,148333295.4425223,681746419.2866402,680248190.7755804,51572739.82046316,14.70495483,4025564.5538907405,0.2436724110467918,72.0
2021-10-10,btc,54701.2797022209,1030579975221.365,212316.0,803826.0,2.520123658863,157233293.14059362,609276028.8595498,649135352.2462269,54359396.70408202,12.89110735,3992732.902580148,0.26413178971568474,71.0
2021-10-11,btc,57289.1864570426,1079388786986.324,277496.0,1009017.0,2.631558646637,144377740.59360176,1258321693.3484967,1218826272.2873409,52276382.64205137,20.46942029,4167728.2927690297,0.27501617911293863,71.0
2021-10-12,btc,56196.1812597896,1058842478838.182,274993.0,937369.0,2.574418652958,132511077.47083984,1787495938.9721453,1314196561.9371505,47064301.80507379,19.13086031,4086094.380532056,0.29336685979587546,78.0
2021-10-13,btc,57348.8928769725,1080622323470.5659,289461.0,975651.0,2.620098281333,167122178.8388953,1412914869.027181,1558294613.7859771,60574768.10130221,16.772475,4158105.1412867154,0.2966849826423588,70.0
2021-10-14,btc,57384.0369146698,1081333675898.481,284115.0,1007101.0,2.613922367304,135477742.8955304,1359737537.3436055,1437732429.2185006,49135081.608186014,16.2725551,4152800.0977060026,0.28211172464330786,70.0
2021-10-15,btc,61446.0840073057,1157932253824.4277,297755.0,1017121.0,2.7837865062550002,139433297.74445093,2190228381.832172,2314125827.9379163,54149361.53143815,20.70380248,4432414.1168952165,0.2927429479875059,71.0
2021-10-16,btc,60932.0632119228,1148296342322.6633,269680.0,937355.0,2.755061819188,131522188.04660991,1375405963.905098,908873012.3826513,50649777.544910826,15.43466218,4370562.050142542,0.28770316475614893,78.0
2021-10-17,btc,61462.2223722969,1158348928964.852,212511.0,823877.0,2.775039217832,158222181.14082393,802262418.3737684,938463651.8404633,61462222.3722969,11.31029356,4401118.512838545,0.25794020223892644,79.0
2021-10-18,btc,61977.0575514319,1168109108621.0642,291260.0,1003479.0,2.778276503838,146581499.01401103,1915055735.7306678,1764281709.66273,57328778.235074505,15.97124705,4427454.618076308,0.2902502194864068,78.0
2021-10-19,btc,64290.8977574518,1211781363655.901,310438.0,1077371.0,2.86843851115,154737198.8888614,2525753155.179233,2741875256.5883102,62281807.202531435,14.85638411,4553264.893525983,0.28814400981648847,75.0
2021-10-20,btc,66061.7965639977,1245221514980.2717,291740.0,977215.0,2.928317326688,148747371.3620959,1857903947.5244765,1857470947.4951038,61520048.05022286,19.0739569,4665450.92399205,0.2985422859861955,82.0
2021-10-21,btc,62373.8856206897,1175764509578.1987,321169.0,1139133.0,2.756592260011,147749067.49308088,3279294217.033209,3265590721.6997566,57695844.19913797,20.07678421,4377353.543848128,0.28194161700170217,84.0
2021-10-22,btc,60750.9673718293,1145232055939.3223,281476.0,957015.0,2.683021944048,157732111.93346488,1470197763.551078,1687484224.1161554,59991580.27968144,15.85450455,4259979.53954263,0.29411869197452495,75.0
2021-10-23,btc,61250.082628872,1154696513456.678,228432.0,826969.0,2.702488997272,144754153.0109189,1091539420.1076305,992342802.141127,55507887.38241525,11.26050827,4284732.968949651,0.2762280085468742,74.0
2021-10-24,btc,60865.4470523086,1147503503631.4478,208278.0,737951.0,2.6790807168310002,152740589.71327287,725109923.7124622,1334060994.1652925,58202583.7437701,8.923639510000001,4249134.484719698,0.28223825159123034,73.0
2021-10-25,btc,63031.6729015196,1188415315425.7778,286798.0,1079523.0,2.761945352578,181691420.60296836,1185110168.7485583,2095532727.0101972,71698527.92547855,14.10333592,4386337.457259133,0.265671041747142,72.0
2021-10-26,btc,60393.9802738165,1138740201958.921,295695.0,998333.0,2.6434009638230003,149745676.66866937,1371014302.8909335,1499602467.845549,56619356.50670297,13.75170625,4184622.3294799025,0.29618874664065,76.0
2021-10-27,btc,58563.3359899766,1104280514495.5579,286086.0,944035.0,2.5637311483880003,156733808.06444988,1651375185.747216,1640928502.0140328,57465273.440164536,12.25012463,4034075.6275157635,0.30304596757535474,73.0
2021-10-28,btc,60564.5721122151,1142074087989.8005,297884.0,1055114.0,2.64447556709,152740589.71327287,2398481816.422591,1928994059.4605405,57914872.08230569,13.051825,4167623.4180472367,0.2823239953218325,66.0
2021-10-29,btc,62230.8055689655,1173560980221.0317,307314.0,1014855.0,2.709231626512,170710070.85601085,2082313445.8281612,2050845077.9939167,66509173.45183188,15.85021967,4266920.93286018,0.3028156731749856,70.0
2021-10-30,btc,61742.9165321449,1164420084616.5515,251998.0,906672.0,2.6854484387,154737198.8888614,835538490.0637796,911389894.52982,59813450.39051537,10.3453043,4238625.040709304,0.2779373356627314,73.0
2021-10-31,btc,61432.9700628287,1158628121727.8423,216741.0,893617.0,2.6600312690820003,140567236.29171762,852106287.2035377,2150915216.710403,53369892.74208243,9.47162766,4217184.707861101,0.24254350577484537,74.0
2021-11-01,btc,61092.0950592051,1152255716550.1553,289324.0,1053426.0,2.639313472843,159350397.3506241,1458609423.3702695,1188439113.2312498,56510187.92976472,14.71430043,4181171.907273172,0.27465052125161143,74.0
2021-11-02,btc,63024.7472296902,1188769633683.1074,300911.0,1035030.0,2.705646798155,170117315.37816852,2098199421.2839453,2207234092.8450947,62236937.88931907,17.69743535,4320197.572361239,0.2907268388355893,73.0
2021-11-03,btc,62955.9817630041,1187535932342.479,290879.0,1069212.0,2.692667749587,173347392.0267809,2245276146.104003,2279703496.8662434,63349456.64902288,16.44169348,4305987.29164695,0.27204988346558023,76.0
2021-11-04,btc,61393.8899780246,1158125134065.4758,286047.0,998917.0,2.6244359386980003,153966938.33685192,1289484985.8272254,1498091012.6775863,54870789.16785949,15.79292177,4220492.446107897,0.2863571247661217,73.0
2021-11-05,btc,61005.840833723,1150864132606.2607,282446.0,1037437.0,2.601770640962,166887240.27999246,1329443560.8211668,1384455642.2920117,59099408.307669155,17.41766126,4193157.2878535157,0.2722536404620232,73.0
2021-11-06,btc,61455.0536268849,1159397601037.2688,237201.0,825483.0,2.617491647791,165810547.54697624,741094411.8467587,1087803534.4619892,59150489.11587672,10.74787762,4226726.062847868,0.2873481343649718,71.0
2021-11-07,btc,63043.8290590298,1189431376523.6956,222930.0,826432.0,2.6823046385960003,164733856.36439633,666121628.7764459,621106787.9792348,60285661.53769725,9.49670334,4330233.700313205,0.26974996127933093,73.0
2021-11-08,btc,67541.7555081824,1274349562679.175,294064.0,1018796.0,2.854649564891,145353402.67446736,2628277605.3874264,2190914153.5192113,56988356.2100289,17.08037981,4629413.486723007,0.28863874612778223,75.0
2021-11-09,btc,67095.5856706605,1265995157805.92,336872.0,1195638.0,2.82534877502,163657165.1818164,1602363831.789185,1897579046.5454247,63740806.387127474,22.88777828,4562435.369893675,0.2817508309371231,84.0
2021-11-10,btc,64756.0779689071,1221912387623.9292,295892.0,1022756.0,2.721054645529,160427088.53320405,2033114051.0490558,2002903204.626097,60304097.60854474,18.41248483,4399926.498040881,0.28930849586802715,75.0
2021-11-11,btc,64962.9312939801,1225879749587.1582,293052.0,1037951.0,2.723236415073,170117315.37816852,1330432658.2960997,1611725391.7412093,64150894.65280535,15.26061088,4409144.887583963,0.28233702747046824,77.0
2021-11-12,btc,64078.968037405,1209255835198.825,287476.0,975353.0,2.650242500833,152890245.6038357,1520159257.7557065,1453489641.394416,56870084.133196935,15.32233862,4355103.737322759,0.29474046832275086,74.0
2021-11-13,btc,64397.7912063121,1215334035223.431,234794.0,828248.0,2.661045965713,164733856.36439633,674977473.691963,672247415.6912093,61580387.84103595,10.13320395,4396723.10457398,0.2834827249809236,72.0
2021-11-14,btc,65032.2256548217,1227371081397.8098,222847.0,806451.0,2.684880108371,175346393.03899404,968172291.8105688,797949415.6099789,63812871.42379379,8.81751712,4434347.763591881,0.27633049001117244,74.0
2021-11-15,btc,63753.5031592636,1203297567403.2034,291313.0,1083387.0,2.626068388319,170197841.1880367,1309529992.6100848,1046531733.3757194,60167368.60655502,12.69006693,4347343.250967013,0.2688909872464779,72.0
2021-11-16,btc,60322.4978530099,1138596574917.1836,301154.0,1030573.0,2.481173720882,169070703.8870979,1926246284.3825715,2256597370.7494946,56552341.73719678,13.05594208,4118521.41340724,0.29221995918775284,71.0
2021-11-17,btc,60154.3083661601,1135477990765.8386,288569.0,993545.0,2.470657927214,167943564.96308035,1971425817.6039164,2241373696.0494003,56018699.66598659,13.27404227,4108924.106522824,0.2904438148246934,52.0
2021-11-18,btc,56794.1556271186,1072102568248.2739,295608.0,990087.0,2.337640428663,162307875.21222878,3607130845.3722105,2826733076.5038033,51114740.06440674,11.92314855,3892447.694850673,0.2985677016262207,54.0
2021-11-19,btc,58014.0729888954,1095180607639.1605,283868.0,976682.0,2.386216999692,154417909.23642087,2087156302.6521797,1958642237.4358547,49674549.99674169,13.65636609,3975003.4790317495,0.29064526632005094,34.0
2021-11-20,btc,59749.4738229106,1127995381461.3696,248520.0,848464.0,2.455017801074,163435012.5131676,842223686.1129518,726751123.1151724,54147960.65201273,12.39554839,4083472.9574074536,0.29290576854174133,43.0
2021-11-21,btc,59032.6241017534,1114510856672.6382,218828.0,842004.0,2.424879879847,148782219.4855693,864666103.3683368,886129964.1720169,48701914.88394655,9.10203294,4029161.6203865726,0.25988950171258096,49.0
2021-11-22,btc,56383.5658760958,1064547451127.3552,286930.0,947435.0,2.319018826324,158926461.6863336,2403174217.082261,2086908744.2821715,49688017.428309426,12.74248227,3848469.135386191,0.30284927198171907,50.0
2021-11-23,btc,57642.2657980713,1088359834858.612,282832.0,909010.0,2.368765838495,148782219.4855693,1851499107.2261527,1787028165.6761823,47554869.28340882,11.97805296,3941099.0375590874,0.31114289171736287,33.0
2021-11-24,btc,57141.8303784337,1078967043352.8657,295032.0,1071921.0,2.346842971087,176960669.86290583,1647549337.27405,1413469934.9566717,56070421.05883807,14.05593146,3902571.3700573053,0.2752367012121229,42.0
2021-11-25,btc,59008.6554792519,1114264869559.638,287824.0,973237.0,2.404923210419,146527943.26061293,1793103735.2444444,2240240760.904982,47944532.57689217,14.86599631,4035486.0830903845,0.2957388590857109,32.0
2021-11-26,btc,53800.6178389831,1015965489485.0631,291679.0,996141.0,2.198435955413,148782219.4855693,3375308272.2222724,2273358771.620758,44385509.71716106,14.52545258,3686935.482733916,0.2928089497370352,47.0
2021-11-27,btc,54635.8824628872,1031787373971.6843,238622.0,777970.0,2.23272965194,161180737.91128996,671552358.319143,731477712.2832946,48830819.95120543,8.31476546,3750855.622308942,0.3067239096623263,21.0
2021-11-28,btc,57248.5696963764,1081177168314.813,215317.0,816560.0,2.336711996385,155140985.08780918,706321122.8353873,634730887.2050301,49734694.923727,7.36850222,3931129.083707299,0.2636879102576663,27.0
2021-11-29,btc,57920.7107299825,1093922763691.2257,303388.0,993217.0,2.35943908323,158774565.89045352,1568273189.521839,1712982161.3844063,51766635.21492186,11.276309059999999,3970220.9016913804,0.30545993473732325,33.0
2021-11-30,btc,57097.0127942724,1078413765008.8096,296340.0,977183.0,2.324578694477,148781761.08892423,1816480224.3559046,1488415681.00508,47818748.215203136,13.37980245,3916253.768356125,0.30325947135797493,40.0
2021-12-01,btc,57180.6098439509,1080041656303.1399,284941.0,1057704.0,2.324286205718,152112695.48981774,1671256298.0647542,1621039760.3970158,48960897.17888296,20.29842941,3925188.376658168,0.2693957855884066,34.0
2021-12-02,btc,56582.8937691408,1068806660306.1698,315565.0,1184757.0,2.300196624281,172098305.0928763,1584896973.786081,1651104430.7613482,54814678.33885515,18.61142868,3869531.6735988385,0.26635419752742545,32.0
2021-12-03,btc,53671.6160680888,1013871254042.7567,289452.0,1010596.0,2.184991514137,186532356.82816276,1647442444.7500334,1595922633.9155416,56355196.87149324,13.38733044,3667320.1359009715,0.28641712415248033,31.0
2021-12-04,btc,49159.7357983635,928688246483.0732,244342.0,961294.0,2.009166960477,172098305.0928763,2436945170.5951805,2576100053.643694,47623494.05466464,17.86675665,3356104.767705588,0.25418030280018394,25.0
2021-12-05,btc,49327.0935999416,931901019326.8503,221615.0,978899.0,2.016818310956,184311733.36128417,1298999357.4254603,1487309693.2965221,51176859.60993941,21.21370298,3368286.790869317,0.2263920996956785,18.0
2021-12-06,btc,50535.4252232612,954783478279.0153,286268.0,1078373.0,2.067537537544,190973602.1630712,2521382426.0569315,2120040756.2661326,54325582.11500579,13.321519930000001,3454470.1718597678,0.26546287787249867,16.0
2021-12-07,btc,50574.4728344828,955569896395.9673,284544.0,983177.0,2.064377234197,170987992.5600126,1263394319.3496761,2125757070.0770178,48677930.10318969,10.77686925,3480851.784776841,0.28941279138954634,25.0
2021-12-08,btc,50500.6543513735,954228172561.4714,268196.0,927369.0,2.06171865801,186532356.82816276,1368706667.9555078,1286552661.707711,53025687.068942174,10.70829969,3488533.995113826,0.2892009545283485,28.0
2021-12-09,btc,47937.8228458212,905851378783.0409,285532.0,1123743.0,1.960546627964,180980797.3615419,1207295121.7174087,1149899668.8786445,48836657.024180345,11.92808444,3314929.537815733,0.2540901255892139,29.0
2021-12-10,btc,47437.2289725307,896438217378.843,270853.0,930831.0,1.9413737226580001,173208616.0268912,1677555892.268091,1223958962.682383,46251298.24821743,11.7206627,3287624.934835339,0.2909797804327531,24.0
2021-12-11,btc,49321.7693252484,932097595289.7968,222133.0,805461.0,2.016910635367,176623989.86056373,597320695.8649635,692896312.3742793,46547419.800703175,7.61664482,3424081.4971118644,0.27578368164318323,16.0
2021-12-12,btc,50136.5722568673,947539855067.0088,211066.0,725043.0,2.049751176277,168385593.1552785,474917233.5110173,588375472.9328301,43869500.724758886,6.38712218,3486197.3732648743,0.29110825151060005,27.0
2021-12-13,btc,46785.3278410286,884245329814.8835,281785.0,996713.0,1.915299897932,169588348.35705444,1340446335.9905488,1347310918.1814792,41229570.159906454,13.55535933,3257401.7817350007,0.2827142818444226,28.0
2021-12-14,btc,48292.6822501461,912779083729.6282,281921.0,966596.0,1.974877505476,178007627.84162176,1280474713.2218118,1287791547.3356435,44670731.08138514,11.68967951,3371045.0928276842,0.29166373541789953,21.0
2021-12-15,btc,48830.6223860316,922989712159.961,280841.0,1058257.0,1.9959269776520001,169588348.35705444,1306025277.4954917,1414127755.839334,43031985.97769035,11.38951889,3412232.7796749533,0.26538071564846727,28.0
2021-12-16,btc,47663.4691077148,900962599446.6981,256019.0,873836.0,1.94871973203,138316737.3584049,1176226227.2169468,1225753171.4382384,34258118.42117001,10.31161467,3348301.7871191143,0.29298289381531545,29.0
2021-12-17,btc,46334.4837489772,875884494655.8488,260119.0,979005.0,1.896526938461,179210381.31143162,1267857819.600157,1521173754.7578268,43148987.99123502,13.21441805,3265395.4848254872,0.2656973151311791,23.0
2021-12-18,btc,46904.8736753361,886704391681.2983,234236.0,855978.0,1.919525855516,153952542.85772967,806356614.7176331,562333943.5442711,37523898.94026888,8.39016116,3312032.3265694384,0.2736472199051845,24.0
2021-12-19,btc,46876.426924021,886210279075.9625,214374.0,755797.0,1.9182491897720002,179210381.31143162,484809419.0692951,593589767.672318,43653672.57299455,7.27239759,3312154.679434322,0.2836396545633285,29.0
2021-12-20,btc,46954.7634783168,887733510019.3333,266803.0,1015255.0,1.922187343668,173196610.49845013,1494183459.9301457,1292799324.1608539,42259287.13048512,10.98791338,3326785.2315323763,0.26279407636505114,25.0
2021-12-21,btc,49082.0624666277,928001919405.3175,303464.0,1009227.0,2.007205377658,193643433.34094656,1439922850.069272,1379959210.5231028,49388825.35704412,11.92897883,3468114.506716173,0.3006895376362305,27.0
2021-12-22,btc,48692.0987391584,920673856889.8291,286626.0,992589.0,1.9908703178740002,178007627.84162176,1244417273.5596123,1314389093.4069169,45040191.33372152,10.71895576,3444592.866508845,0.2887660451606858,45.0
2021-12-23,btc,50712.9707682642,958932834186.8994,292194.0,991240.0,2.070150565572,182818645.1847934,1717378223.2600305,1320787450.0227985,48177322.22985099,11.0643089,3585640.589168634,0.29477623986118395,34.0
2021-12-24,btc,50783.8344210988,960320724015.7854,256631.0,974212.0,2.071634649338,181615889.98301744,1326829012.9494505,1064032294.7996558,47927243.73491199,11.97818783,3607715.769434202,0.26342418282673585,41.0
2021-12-25,btc,50590.4508976622,956710327599.5708,204665.0,866151.0,2.064057745187,177168715.84969082,1458125873.700662,733682058.0425463,46479976.76222715,8.17559022,3610602.336467259,0.23629251712461222,39.0
2021-12-26,btc,50798.3065859147,960683606726.7411,201930.0,774902.0,2.071542317446,161682279.2989218,630927602.4864901,593473438.0515444,42543581.76570356,7.84779528,3632151.125584049,0.2605877904560835,37.0
2021-12-27,btc,50796.3776735827,960694114316.4371,248198.0,992531.0,2.070718360007,178574457.26635152,1586224050.414049,1040350768.8473358,46986649.348064,13.42241505,3659461.9826102853,0.25006574101967594,40.0
2021-12-28,btc,47673.0440452367,901663524613.2402,269681.0,1051572.0,1.9458245865169999,161682279.2989218,1248191996.5493944,1136207706.6523693,39926174.387885734,17.78105265,3447105.3211090458,0.25645509770134617,41.0
2021-12-29,btc,46470.3215751023,878957961885.9198,276509.0,1142870.0,1.8984599956860002,174954703.60370144,1330335656.0186567,1592928574.2556176,42113728.927436456,16.51355393,3364173.9257770977,0.24194265314515212,27.0
2021-12-30,btc,47102.4630037989,890949566257.0242,245011.0,977727.0,1.923609297095,143583516.198115,1308159535.12143,1798395182.4785256,35032456.859075435,17.98870379,3443279.5457502156,0.25059244553950133,22.0
2021-12-31,btc,46355.1173302747,876856588254.3344,262509.0,1093396.0,1.893385603418,179781040.66224742,1098026464.2370567,1512890047.348388,43168203.013818316,17.56089976,3401463.476862755,0.24008593409889922,28.0
2022-01-01,btc,47560.0093816482,899699536194.4492,188065.0,695722.0,1.941966039424,207532476.14266497,725869725.6946398,810344421.3984154,51127010.08527181,9.18982843,3517499.682124712,0.27031630450093574,21.0
2022-01-02,btc,47352.5577565751,895821904623.96,194826.0,734444.0,1.9334970965070002,190640298.17523527,518572187.5067951,448529988.7743454,46760650.78461791,9.17683366,3515489.3966307323,0.26527005462635683,29.0
2022-01-03,btc,46453.432351841,878852778922.5398,241163.0,948843.0,1.897502355497,168921783.14925957,1087483717.7908385,780966352.7939895,40646753.30786087,11.99030933,3470838.6063079527,0.25416533609880665,29.0
2022-01-04,btc,45905.9611221508,868537343384.6884,274049.0,971141.0,1.876886228678,177367872.13297442,1264150958.9030356,1296492526.5601134,42176101.78097605,13.19630276,3435185.0509868525,0.28219280207508485,23.0
2022-01-05,btc,43530.9440388662,823643008455.5007,274757.0,1023484.0,1.782277170897,180987625.79562452,1137198815.9258606,1208680251.2859921,40810260.036437064,16.5224742,3254605.4785454646,0.26845265778458677,24.0
2022-01-06,btc,43144.9652928112,816379327436.9196,258406.0,937879.0,1.768057798633,176161288.73707855,1345951345.0882907,1207710589.0085754,39369780.82969022,14.40247818,3238299.862021652,0.27552168243451447,15.0
2022-01-07,btc,41512.7845808299,785531894863.5997,255659.0,961733.0,1.704571291459,168921783.14925957,1410844963.4894903,1172598087.217943,36323686.50822616,14.27397318,3122660.024672015,0.26583157695535037,18.0
2022-01-08,btc,41799.8128848627,791000850844.3613,226064.0,823193.0,1.71699299406,174267690.69443855,684923001.8869128,643232746.1339722,37619831.59637643,9.80082014,3142646.427207632,0.27461846735820156,10.0
2022-01-09,btc,41886.4985569842,792678163975.4711,203966.0,734904.0,1.72082066082,170826077.22420472,573413301.1403291,486311710.876996,36912476.853342324,7.54621252,3152486.3310016035,0.2775410121594113,23.0
2022-01-10,btc,41816.9510561075,791399129617.2528,269292.0,977953.0,1.718638590786,172037608.9072826,1114990900.171524,1127926388.9536402,37112544.06229541,11.51428992,3152994.4500798206,0.2753629264392052,23.0
2022-01-11,btc,42768.1786116306,809443647923.8131,285302.0,973363.0,1.7580398614550001,191422128.04877573,1045809951.7706188,1580694150.5076833,42233576.37898522,12.45257517,3223334.5135509036,0.29310955933192445,21.0
2022-01-12,btc,43961.0265441262,832058044393.2728,266587.0,958871.0,1.8055970501840002,168403012.11344224,1088697176.4382522,949284440.5486269,38191141.81020964,11.06096283,3320119.2290854473,0.2780217568369468,22.0
2022-01-13,btc,42626.8653924605,806853831547.6661,276789.0,943218.0,1.7520415880220002,216864310.83947846,1322841091.8117054,1150792586.6337664,47688805.65781518,10.52434377,3210046.6807572814,0.2934517789100717,21.0
2022-01-14,btc,43102.6476180596,815902410549.5798,262404.0,959705.0,1.771675205411,192633661.47646034,1088555789.5979393,900304901.6235685,42833256.07044673,9.33427454,3244992.6557618342,0.27342152015463084,21.0
2022-01-15,btc,43206.6744812975,817916391880.5941,234931.0,819060.0,1.7757522746180001,201114388.49182567,492316570.5748153,459016474.9394468,44826924.77434616,7.47314692,3252681.5241411217,0.2868300246624179,23.0
2022-01-16,btc,43168.8596671537,817247761097.5044,217903.0,768912.0,1.7740153555129998,212018180.6179535,363979560.2107744,473222560.65594774,47215940.26094936,6.44259112,3248394.3678723536,0.2833913373702062,21.0
2022-01-17,btc,42211.270399474,799161712730.787,258684.0,963405.0,1.7363067602400002,195056726.58722284,923562330.9961869,1246824590.2346394,42475090.839470714,9.08316192,3180171.2920792545,0.26851012813925607,22.0
2022-01-18,btc,42431.2319670368,803362185167.5492,267423.0,906852.0,1.745911520714,164768413.57499513,848086325.0384178,1012783139.3783448,36066547.17198128,9.49798342,3213345.9136009617,0.2948915589313361,24.0
2022-01-19,btc,41787.722012858,791223617186.8657,267790.0,940760.0,1.7219814685569999,209595115.507191,1012685689.9443197,1251255048.1726243,45182974.42640271,8.62767357,3173331.9049495948,0.28465283387899143,24.0
2022-01-20,btc,40756.1261630625,771734062475.5161,272287.0,944092.0,1.681574639726,204748985.28566605,1383031044.6142435,1095144050.765988,43048658.259734765,10.06682072,3104016.7673106417,0.28841151074259713,24.0
2022-01-21,btc,36492.2872241379,691027075447.2771,272514.0,1017544.0,1.514790775018,176007153.4708342,2099810152.1736987,1596910192.258523,30562290.55021549,12.3040866,2773075.6360888956,0.2678154458185592,19.0
2022-01-22,btc,34996.390965225,662729719330.2249,246984.0,980566.0,1.4551659029250001,177474950.51551133,1336242522.6853676,1348059684.380827,29309477.433375936,10.88333485,2643485.7729681376,0.2518790168127388,13.0
2022-01-23,btc,36271.0502650497,686900017938.7032,208492.0,764279.0,1.508378975549,186746029.7638628,914193660.2057774,798569457.5056982,31963863.04607505,7.83339096,2737337.0131960516,0.27279566755072426,11.0
2022-01-24,btc,36659.7252206312,694295100608.7682,271583.0,967257.0,1.526343091945,198665989.06991374,2120776747.7104707,1900334563.15521,34368492.39434175,11.86241961,2757628.8141428004,0.28077646375265314,13.0
2022-01-25,btc,36952.586773232,699876683066.1487,266941.0,892344.0,1.538880544803,201314869.12761322,1029558822.5828502,1017642643.46355,35104957.4345704,10.76605985,2780878.8168755523,0.29914584510009595,12.0
2022-01-26,btc,36825.8245993571,697505746691.7056,258696.0,872302.0,1.5346600001350001,172177190.40011233,1078791671.4296036,1307902422.0918386,29920982.486977644,11.93312823,2778481.571245806,0.29656701463483975,23.0
2022-01-27,btc,37021.9371332554,701250560952.0532,252850.0,894323.0,1.543763850705,173501629.47536534,1019124741.9114761,1455035831.5335245,30311711.02785286,11.54107331,2790287.067041512,0.2827278287598552,20.0
2022-01-28,btc,37768.8474836353,715434506562.4598,266473.0,953545.0,1.5765779310460002,203963747.27811924,1262167370.904658,1170432465.6133518,36352515.70299897,12.70496368,2845122.5107868444,0.2794550860211107,24.0
2022-01-29,btc,38088.2912279953,721521023451.4706,227066.0,800040.0,1.5924851033810001,197341548.08746725,947993694.1567631,1473276654.6727712,35469721.206070624,12.01508061,2853520.9358238047,0.28381830908454575,24.0
2022-01-30,btc,37983.5063845704,719570704158.3319,208908.0,780477.0,1.589486377439,193368228.95451477,1451456779.931875,1186741556.8222585,34659949.57592049,10.78983977,2840158.5568508455,0.2676670805161459,29.0
2022-01-31,btc,38462.6724029807,728682541998.969,262993.0,993797.0,1.609690053329,189394909.82156226,923517189.8485947,996882742.8600149,34376013.460164,13.30488518,2867299.7058755266,0.26463452797704157,20.0
2022-02-01,btc,38787.9640824079,734882587285.7964,274556.0,1058396.0,1.6145277447600002,203963747.27811924,1045357984.4602518,922712398.8464538,37333415.4293176,14.34357795,2891490.3031072747,0.2594076319260466,26.0
2022-02-02,btc,36942.3307493279,699950267339.7744,275434.0,954043.0,1.539179072383,202639308.20286623,673424860.6271731,721136357.6644396,35326103.77904481,12.17571845,2753782.608193575,0.2887018719282045,28.0
2022-02-03,btc,37057.6521879018,702169321610.3784,267726.0,931571.0,1.5447712603160002,194692668.02976775,953345008.1739901,862116940.968314,34046717.94763478,10.762955980000001,2758900.029719586,0.2873919432871998,20.0
2022-02-04,btc,41079.9060881356,778416466655.57,249753.0,885216.0,1.709053357873,172457231.3989618,1028277342.625864,994935177.9765581,33377423.696610175,14.3240853,3061020.253853469,0.2821379188808155,20.0
2022-02-05,btc,41508.5816925774,786570243049.2509,253867.0,951087.0,1.726159971835,157888392.03489855,550570197.2387187,632596243.0948496,30872007.63385444,13.64650025,3081053.312959752,0.2669230049406626,33.0
2022-02-06,btc,42358.2251732905,802711930524.7648,221803.0,891700.0,1.7608741451440002,206979739.90370578,740786582.3977196,525489531.1734925,41299269.54395824,10.37575597,3136455.0411090064,0.24874172928114838,37.0
2022-02-07,btc,43888.980119813,831757893938.8804,262908.0,927917.0,1.8216098270460002,180443875.51955137,1172784596.9600673,1395139561.696982,37305633.10184105,14.56867495,3252844.872140854,0.28333137554328675,45.0
2022-02-08,btc,44167.4447945646,837077702292.8624,277455.0,1014770.0,1.8315297365310002,204326153.27423212,1436843441.2756464,1517811202.508926,42511165.61476843,14.64817444,3277241.486646739,0.2734166362821132,48.0
2022-02-09,btc,44405.0732042665,841620177986.7826,263940.0,998247.0,1.840095004198,185751048.77849868,856845365.8975238,985609881.1554228,38854439.053733185,14.52683293,3296245.720804956,0.2644034993343331,54.0
2022-02-10,btc,43614.3426960842,826673340569.5298,261192.0,1029721.0,1.8066678305080002,195038601.0263654,926202733.9853343,1357665310.1048973,40070677.35202736,19.85041497,3244784.723908642,0.2536531740150973,50.0
2022-02-11,btc,42357.3217416715,802885153204.8154,258085.0,987669.0,1.754236923972,188404635.40797237,874851893.4302512,846329397.3785644,37592123.04573346,16.45993748,3153322.6191996187,0.26130717882205473,50.0
2022-02-12,btc,42173.4593962595,799449167809.6085,224735.0,1060262.0,1.7459505900830001,248110329.79467425,553936154.8361261,461112558.41438764,49290230.66937829,12.14472908,3144324.7340012565,0.21196176039507217,44.0
2022-02-13,btc,42195.5947451782,799910438394.8269,212378.0,829229.0,1.746704565079,209633326.53317943,371796403.1674647,331560433.0558238,41668149.81086347,8.79510075,3148582.539921911,0.25611501768510264,44.0
2022-02-14,btc,42646.1618590883,808492710849.5155,249689.0,899786.0,1.7651316904560002,202999360.9147864,726404184.9930557,851383606.6619743,40780392.27775319,11.2434254,3186392.988885026,0.27749820512877504,46.0
2022-02-15,btc,44511.9084880187,843912516712.5409,272685.0,1013694.0,1.8397469531310002,232188811.92841446,1621327426.7971563,1654927503.5970178,48684899.90877045,12.53663026,3323526.2550138514,0.26900129624916397,46.0
2022-02-16,btc,44065.7092673875,835495877044.4435,267496.0,925324.0,1.820760197081,206979739.90370578,994195621.6008714,1030267795.9613007,42964066.53570281,10.05474546,3290515.613322479,0.2890836074715451,51.0
2022-02-17,btc,40610.024261543,770015151406.7638,256201.0,931220.0,1.680750155719,213573837.40352312,842941602.8098077,991110509.9471184,39848586.30663907,10.08991856,3039503.6401272262,0.275124030841262,52.0
2022-02-18,btc,40044.2204856809,759320197985.6616,258376.0,940726.0,1.6583933825350001,186294129.77324113,1088927092.3696537,1209141924.4085581,33537034.656757753,9.18296682,3003273.015432891,0.27465595720751845,30.0
2022-02-19,btc,40095.887329398,760337246150.262,218004.0,839236.0,1.660632849962,207147948.8360009,496171244.95122695,454227470.8164228,37339295.07550189,6.69284896,3019657.062403482,0.2597648337297256,25.0
2022-02-20,btc,38551.6224967855,731088089618.0752,202691.0,741534.0,1.597672365828,200196675.81508097,493186237.7778352,484608672.5467357,34696460.24710695,5.82067653,2905885.8689019815,0.2733401300547244,27.0
2022-02-21,btc,37098.0360081824,703550978541.0667,238620.0,886316.0,1.53935959409,171001327.92603725,963064117.2904214,894609730.0194105,28519115.18129022,9.87642123,2809579.7472687974,0.2692267769057537,25.0
2022-02-22,btc,38202.5940818235,724534819639.9742,256251.0,886571.0,1.585255941769,211318714.25012627,893898828.5979571,893049486.0555642,36292464.37773232,8.70721149,2897795.268864407,0.2890360726890458,20.0
2022-02-23,btc,37308.2687344243,707608386323.9312,253563.0,859810.0,1.548559725335,208538204.64136493,766211286.7080421,841370945.3406931,34976501.93852278,8.1798461,2832174.1185897496,0.29490585129272745,25.0
2022-02-24,btc,38283.790402104,726142231115.2036,255800.0,958866.0,1.589005849792,183513620.16447982,1757352367.2460377,1512453584.438957,31584127.0817358,10.42032497,2905130.029575098,0.2667734594823469,23.0
2022-02-25,btc,39323.7702158387,745900830759.9186,260990.0,936543.0,1.6321205467670001,186294129.77324113,1185851610.5109897,1183457637.716276,32933657.55576491,11.41903295,2986519.4459558325,0.2786738035519992,27.0
2022-02-26,btc,39056.5781523086,740863193300.3043,221994.0,818914.0,1.621580052318,173781837.53479856,514569247.1575013,455063291.24832916,30512951.681491096,6.74253227,2968502.1954356534,0.27108341046801004,26.0
2022-02-27,btc,37664.7792828755,714494212585.6721,206112.0,768705.0,1.5647337209610002,189074637.3800357,510554466.3611291,591057611.8110644,32015062.390444174,6.86135737,2863992.461938099,0.26812886607996567,26.0
2022-02-28,btc,43179.2545140269,819144394069.7399,274389.0,981066.0,1.785886675274,214099221.8569208,1355345579.4268818,1410414962.9864058,41560032.46975089,9.57794189,3278126.256783414,0.2796845472170068,20.0
2022-03-01,btc,44334.457582408,841104392825.5334,275460.0,1065354.0,1.831088158538,225221260.2919661,1573144680.8299735,1513961283.77914,44888638.3021881,20.38178056,3365572.9244074696,0.258561942790847,51.0
2022-03-02,btc,43984.584926768,834504066221.5271,289957.0,1091796.0,1.8158560761350002,189074637.3800357,1294067116.2682652,1417773710.0131207,37386897.1877528,28.40659077,3332246.717712013,0.2655780017512429,52.0
2022-03-03,btc,42492.7744552893,806239776434.6935,270823.0,1011448.0,1.753487692697,204804563.21490383,1283954909.4311254,1126044107.0621135,39305816.3711426,20.25082778,3217963.7123372545,0.26775770973890894,39.0
2022-03-04,btc,39106.4052159556,742022224694.9856,257979.0,949176.0,1.617160596022,190365287.083752,1050759647.6458232,1114444122.3348987,33973689.53136143,15.17504806,2958181.9474379728,0.271792586411793,33.0
2022-03-05,btc,39383.8848433665,747317522202.4407,226147.0,801293.0,1.62862859109,168452736.32210043,450098906.4894958,446243400.17581916,30276361.473337997,11.20326832,2991097.6494735912,0.2822275996420785,22.0
2022-03-06,btc,38399.3426268264,728667065433.831,205542.0,771254.0,1.588284555745,179409010.71686143,369717567.69733524,403560529.9217331,31439461.775714114,9.34883795,2923245.062749431,0.26650364212049465,22.0
2022-03-07,btc,38146.734273232,723908847546.8259,255761.0,917289.0,1.5787544635519999,202691097.01043913,827484459.0694695,738308336.4371754,35285729.2027396,11.28271007,2907133.1016041483,0.27882270473100623,23.0
2022-03-08,btc,38725.477261543,734927448074.0189,258526.0,962840.0,1.603838311539,202691097.01043913,930200578.3054305,994486913.6681399,35821066.466927275,10.60010007,2959416.9726910787,0.26850359353578995,21.0
2022-03-09,btc,41989.4028179427,796906050430.487,272021.0,960901.0,1.7356540590640002,188995751.55182588,973723756.5772157,1132025207.9022093,36215859.93047558,11.37686634,3205268.2878556545,0.2830895170262077,22.0
2022-03-10,btc,39482.2584672706,749359384983.7482,259229.0,993366.0,1.630630592506,198582492.38679036,1226192524.848711,2396502955.9729943,35780796.73596398,11.55721584,3014879.0459126034,0.26096021003336134,28.0
2022-03-11,btc,38825.3644214494,736925253813.8165,252248.0,903967.0,1.6052990735380002,188995751.55182588,865170728.2200959,782629832.5618377,33486876.813500106,10.94863237,2967341.8509668154,0.27904558462864243,22.0
2022-03-12,btc,38951.1300157802,739350326402.7109,222124.0,787792.0,1.610487025913,213647371.40520012,330372242.05419624,374702677.82463217,37977351.765385695,7.7917746900000004,2978225.05519678,0.28195767410687084,22.0
2022-03-13,btc,37808.3174004091,717693726421.2742,206930.0,751546.0,1.563583025151,206799699.66195828,338439954.33788586,340028515.6420682,35681599.54663609,6.71842289,2893256.3340452956,0.27533910099980574,21.0
2022-03-14,btc,39649.0453243717,752673129199.2288,263759.0,936153.0,1.638923579978,209538768.75368094,912707116.8180585,713282759.8352182,37914399.59143044,10.45361332,3028135.4421251104,0.2817477484983758,23.0
2022-03-15,btc,39356.8139000584,747159778521.4589,266692.0,949102.0,1.62739184969,190365287.083752,744648282.3125523,1101229400.677488,34191232.07567573,9.95232555,3008544.9367638663,0.28099403436090115,21.0
2022-03-16,btc,41101.768579135,780326259892.9254,276789.0,1014991.0,1.697348146346,212277837.84540358,983392211.1696025,1270244690.8460171,39817338.311037034,10.25185389,3137900.9494216284,0.2727009402053811,24.0
2022-03-17,btc,40966.4169324956,777797289016.2968,272685.0,1009859.0,1.69308040701,217498770.49195018,1198217546.6778264,985901141.4005651,40710376.8266675,10.32467965,3120344.2460831953,0.27002284477337923,27.0
2022-03-18,btc,41826.1160710111,794157105661.4315,266839.0,1004891.0,1.7274905808079999,195149455.6100258,1795475223.8345232,1699431549.1017277,37382091.23846617,11.00062573,3182117.5754634,0.26554024267308596,25.0
2022-03-19,btc,42193.1615362361,801167113251.2291,236675.0,864890.0,1.742021306446,211525632.9748357,892688526.692001,710870785.1068516,40874625.23822872,7.64799944,3201651.5824566474,0.27364751586907005,28.0
2022-03-20,btc,41294.7235129164,784147246647.208,211211.0,780069.0,1.705071792374,210160950.38143575,462809573.9748279,488299956.1424999,39746171.38118204,6.42009386,3129830.3415256175,0.2707593815418892,31.0
2022-03-21,btc,41064.429648159,779813454595.2155,260248.0,941088.0,1.695351371558,208796269.75317717,1339449670.4655142,1789381186.6589105,39267860.851052046,9.55709531,3102965.907053892,0.276539494712503,30.0
2022-03-22,btc,42383.169518761,804895791994.0564,260695.0,920483.0,1.7481095058520002,203337543.30986008,1647323579.9822373,1769792573.5721679,39469326.614346184,10.76904702,3200749.955239596,0.28321544232756063,26.0
2022-03-23,btc,42734.2000355932,811600915721.3618,266381.0,972037.0,1.761428760821,197878816.86654297,997224032.4348755,1093909861.068736,38727868.782256335,10.85476863,3221548.9524956644,0.27404409502930444,31.0
2022-03-24,btc,43974.5935882525,835197568855.9592,269340.0,966209.0,1.810651634482,195149455.6100258,1793816341.4508426,1862719877.5388541,39302293.01950067,11.69969179,3308861.651267195,0.2787595644420617,40.0
2022-03-25,btc,44347.034279661,842314472588.2869,286600.0,1068732.0,1.8168638480569999,212890313.6030943,1984130338.430206,1724367213.2468536,43238358.42266948,12.70868332,3325008.6749074785,0.2681682592081083,47.0
2022-03-26,btc,44519.9268641145,845643141455.3472,229765.0,825356.0,1.823441620909,219713722.63981134,837617042.5263053,909495435.4876797,44798176.40701522,8.04802349,3334495.3357145796,0.278382903862091,51.0
2022-03-27,btc,46777.2056265342,888557797875.1592,219139.0,812882.0,1.912928867709,178773276.2800745,878728924.4667187,978605204.9687805,38298837.10672487,7.5739414,3497298.174897456,0.2695827930745176,49.0
2022-03-28,btc,47223.6528860316,897085228548.5029,289835.0,1029256.0,1.9260696858620001,216984359.4181528,2062291358.9804661,1923266838.7221642,46928505.055493906,10.68856005,3523211.826992185,0.2815966095898397,60.0
2022-03-29,btc,47463.7096770894,901690266879.8414,293194.0,972049.0,1.931857269809,206066906.5315186,1829428489.7777264,2421231135.9969916,44793876.00775312,10.12714519,3532510.7200502413,0.30162471233446053,56.0
2022-03-30,btc,47123.2971478667,895263051309.1228,269490.0,940234.0,1.9164629978710002,184232002.72339162,1675916598.8153906,1508786321.683038,39760281.96851253,11.31232477,3517403.778885058,0.2866201392419334,55.0
2022-03-31,btc,45562.2106665693,865644342353.455,280038.0,979952.0,1.854211355144,194529355.7761953,1179490385.879204,1161810777.7259302,39297406.69991602,16.96481317,3396642.711566242,0.28576705797834995,52.0
2022-04-01,btc,46250.3362878434,878758918482.4454,286454.0,1073859.0,1.8801795660940002,200371606.9667937,1504321404.9954085,1570692378.2350204,40758108.853662,19.60536896,3434397.4926861506,0.2667519665058448,50.0
2022-04-02,btc,45939.8973489188,872899323456.1627,250576.0,932911.0,1.8676663834520002,191845154.9534147,531090349.41289747,482186664.50523233,38761788.38815024,12.44713676,3399903.830323028,0.2685958253252454,52.0
2022-04-03,btc,46440.5438538866,882452402068.5902,223619.0,794992.0,1.886983002157,197529456.29566738,402132799.0267559,501619728.96981895,40345222.47306398,10.35102243,3428491.322496421,0.28128459154305957,48.0
2022-04-04,btc,46663.0041770894,886725621050.4031,276178.0,985718.0,1.8945865517640001,224529884.601845,1297701691.7832341,1153665271.3062422,46079716.624875784,12.56121556,3435361.213265749,0.28017952396121404,52.0
2022-04-05,btc,45693.0350619521,868334945220.4375,276073.0,952254.0,1.855218925189,206055906.26269802,1042450724.5072497,801482225.9270654,41409313.02489409,11.19517327,3355963.9817724084,0.289915295708918,53.0
2022-04-06,btc,43304.9371990064,822992941537.3003,272206.0,919776.0,1.760916830916,213161283.96368802,1299524531.2899518,1588908894.1339424,40598378.6240685,10.0718394,3180643.781272468,0.29594814389590507,48.0
2022-04-07,btc,43569.0471697837,828049823775.4827,266096.0,927811.0,1.7718229485660002,196108379.93693003,1241297320.6537282,1068465366.6766943,37578303.18393844,9.91456385,3197156.9114313014,0.28679979004344636,34.0
2022-04-08,btc,42222.0689772063,802485243344.1832,270556.0,929602.0,1.7186997485270001,190424080.64102572,827985090.5205224,839085933.5715859,35360982.76841027,11.73099289,3090647.711487632,0.2910449848429758,37.0
2022-04-09,btc,42680.9947355932,811248536966.8553,228357.0,786423.0,1.737109234767,217424508.94720334,404471392.72410566,427457461.9622537,40813701.215911,7.92912544,3121721.8130718055,0.2903742642318447,30.0
2022-04-10,btc,42264.4633909994,803368401022.6544,218201.0,754197.0,1.7204980524870002,198950530.60805637,713078291.0692972,877723121.0390854,36981405.46712448,6.72773788,3086617.5896637663,0.2893156562542678,34.0
2022-04-11,btc,39544.0251835184,751691818357.7858,279217.0,986075.0,1.612532718343,194687305.62454104,1190845239.4029086,1131407624.711293,33859571.56338763,10.71721646,2881958.305111672,0.28316000304236494,32.0
2022-04-12,btc,40096.3669748685,762229617848.9938,273114.0,970523.0,1.633029961572,217424508.94720334,786025260.995951,828894686.9930595,38342150.919718005,10.44351756,2919792.3243062864,0.281409095920447,20.0
2022-04-13,btc,41152.7554517826,782347510376.0757,283767.0,960119.0,1.6754481724999999,198950530.60805637,721608907.4493186,724625726.5557697,36008661.020309776,12.18062555,2993997.6197152673,0.29555398862016063,25.0
2022-04-14,btc,39916.4963842782,758879643233.893,259632.0,910470.0,1.624100214604,194402491.26414412,1622163039.351816,2131352576.8126457,34427978.13143995,11.20233309,2909377.921278933,0.28516260832317375,28.0
2022-04-15,btc,40527.3319567504,770532674214.2937,258904.0,893942.0,1.648615453539,221692722.3840367,761637960.0523291,1156855184.8980787,40020740.30729102,8.59006414,2957266.0523296595,0.28962057941119224,22.0
2022-04-16,btc,40439.5881209819,768898298022.5022,220729.0,774863.0,1.645198704281,188017879.7563923,495170268.1107562,467409653.24585605,33868155.05132234,6.23187348,2957457.550245454,0.2848619691480946,28.0
2022-04-17,btc,39704.7839798364,754968041603.9386,211027.0,760823.0,1.615563193564,231514551.65214053,482653869.84929574,445722523.7847961,40945558.47920629,5.46124629,2903950.207771772,0.2773667462734434,28.0
2022-04-18,btc,40818.8786025716,776186219648.7058,248528.0,930250.0,1.660587322655,188017879.7563923,808621276.3799788,842538568.5756354,34185810.82965372,8.65537877,2990379.522543448,0.26716259070142434,24.0
2022-04-19,btc,41489.6638011689,788973605180.1066,273229.0,945444.0,1.68715900189,173986693.6444649,1063406229.7694464,1013071163.5913762,32154489.445905898,9.30551921,3034411.7464512503,0.28899543494908214,27.0
2022-04-20,btc,41395.64458346,787227117424.9535,283298.0,961981.0,1.6830566185890001,224498959.6064222,1037004396.5180794,984603425.4340824,41395644.58346,8.80298881,3020675.611682829,0.29449438190567173,27.0
2022-04-21,btc,40457.4959418469,769428938686.3944,279919.0,970130.0,1.642192379664,237127026.0969115,2927965583.34486,2964225353.046931,42733230.08857579,10.9502007,2948108.0792571935,0.2885376186696628,27.0
2022-04-22,btc,39737.9735040912,755778442607.8029,261784.0,945273.0,1.614479409264,189420997.3573397,834940555.379126,582912062.3207461,33528915.14407695,10.87692103,2905672.706092467,0.27694010090206744,26.0
2022-04-23,btc,39582.4548720047,752860950838.1914,238246.0,857006.0,1.608260125691,228708314.42975506,397807667.0630971,352308233.42745084,40324625.90085479,8.36060096,2891089.403534704,0.277998053689239,24.0
2022-04-24,btc,39511.6456928697,751556383525.8639,217733.0,796298.0,1.60550883035,239933263.31929696,354589060.9568181,436714873.6350317,42228071.33425449,6.51241112,2886636.3153256774,0.2734315545185345,24.0
2022-04-25,btc,40473.7483176505,769897647999.5433,277416.0,1003326.0,1.644601591866,227305196.82880765,1240188424.9941907,748927041.7443123,40979670.17162113,12.93040811,2962129.056892285,0.2764963730631918,23.0
2022-04-26,btc,38072.800873758,724259783050.5642,277059.0,965991.0,1.549627067302,196436589.40305808,1129930386.0936046,1117730310.702338,33313700.76453825,11.49482501,2792732.181085668,0.28681323117917246,27.0
2022-04-27,btc,39218.5376174752,746096829666.1974,285596.0,967943.0,1.5960955802030001,243520196.0268335,1003585652.3046046,1012978354.2492645,41669696.2185674,11.15360634,2870568.459099094,0.29505456416338566,21.0
2022-04-28,btc,39747.9894270018,756201958477.4652,272681.0,1003139.0,1.6175078447720002,195503621.29393408,897136654.4712174,1023744224.1166267,32792091.277276486,11.28281613,2912391.5984879397,0.27182773274690747,24.0
2022-04-29,btc,38609.5059070719,734578607327.6136,290674.0,1059989.0,1.572635096383,222163205.91889024,1114510829.8920615,960560426.1286505,36196411.78787991,13.50347131,2827471.4881091034,0.2742236004335894,23.0
2022-04-30,btc,37714.0949804208,717578011718.2108,256188.0,944577.0,1.537292898922,222163205.91889024,454266226.9384124,371408198.30022997,35356964.0441445,10.38779505,2759905.1937733064,0.2712198158540807,20.0
2022-05-01,btc,38459.226979135,731795620564.7078,233382.0,834397.0,1.567381909459,247341701.32425618,498285639.82523847,385605631.845338,40141818.15947215,7.81212277,2810818.607368911,0.2797013891468929,22.0
2022-05-02,btc,38566.0628877849,733867042100.8313,269678.0,966035.0,1.5739831303190002,236974085.31819177,1151187323.852975,1302248978.6301074,38566062.8877849,10.57042025,2821290.54023982,0.2791596577763746,28.0
2022-05-03,btc,37704.4053153127,717506054791.5656,283138.0,956710.0,1.540983434257,222163205.91889024,1134979978.474021,1274510805.3781645,35347879.98310566,9.8250651,2755718.964873979,0.29594966081675744,27.0
2022-05-04,btc,39641.852176505,754411390672.5853,229490.0,862312.0,1.618770611892,216238853.30606294,1788122823.8137922,1280271136.3207326,36173190.11106081,13.02134958,2914537.953509052,0.266133371679856,21.0
2022-05-05,btc,36502.0245601403,694694154668.1462,317562.0,1189734.0,1.493350506698,232530821.92495468,1859977036.5275059,1596699875.6246877,35817611.59963767,22.09571481,2664907.044179813,0.266918487661948,27.0
2022-05-06,btc,36042.9995584453,685990134639.4475,288758.0,1086467.0,1.476077962977,210314500.6932356,2445066438.146801,1865407837.7362914,31988162.108120203,17.06765506,2624971.6965414365,0.2657770553546495,22.0
2022-05-07,btc,35508.7110227937,675852998119.4371,234267.0,837217.0,1.454866736249,211795589.91282582,616165740.3521852,568928984.67994,31735910.47662187,13.60502393,2584094.387390711,0.27981634391083793,23.0
2022-05-08,btc,34058.9066861484,648291225672.0372,223007.0,813799.0,1.397053307677,229568645.618541,1216957776.959154,956109418.7140576,32994565.852206264,12.03910615,2477087.519896846,0.2740320398525926,18.0
2022-05-09,btc,30457.9218194039,579778106079.444,287708.0,1067791.0,1.25746370058,229568645.618541,4561616725.71919,1993914797.178415,29506111.762547527,20.60049855,2212738.498178349,0.26944224103780606,11.0
2022-05-10,btc,30990.7351659848,589950045319.7169,279809.0,978190.0,1.2821998718460001,227185770.43526816,1551797680.6669624,1469202622.947521,29634890.502472963,17.03896893,2249507.1662745913,0.2860477003445138,10.0
2022-05-11,btc,28796.5568217417,548207026149.2423,253805.0,981424.0,1.198898869373,225257596.8970556,2687272583.200557,2955204033.1246614,26096879.619703416,21.75626382,2098903.090812984,0.2586089192846313,12.0
2022-05-12,btc,29030.7070417884,552689095253.705,282227.0,1058679.0,1.211574517788,209722591.14017218,2685448279.8577414,2962074246.5580015,24494659.066508964,30.04329805,2109545.7981651924,0.26658411095336737,12.0
2022-05-13,btc,29285.9346718293,557575962443.4471,267948.0,1028898.0,1.224580870454,236132103.61132318,1604454413.3519702,1400141467.6090653,27821637.938237835,31.42497929,2125577.8440150763,0.2604223159146971,10.0
2022-05-14,btc,30051.935755114,572186367858.1311,292088.0,1101356.0,1.254528110725,219043595.9365268,1375459564.8784149,1948622853.21049,26483268.384194214,25.21522374,2160287.08598862,0.26520761679239047,9.0
2022-05-15,btc,31182.6212460549,593738302710.129,233949.0,1016251.0,1.301371234936,189527081.86659092,543738317.4885833,522198907.42874736,23776748.70011686,16.17117466,2234749.1965005775,0.23020789155435026,10.0
2022-05-16,btc,29889.6124757452,569149173743.4915,272399.0,1094147.0,1.2488165944410001,254774110.96699148,1349340621.4704442,1529783435.9852252,30636852.78763883,21.27839456,2135347.142117963,0.24896014886482346,14.0
2022-05-17,btc,30438.1944476914,579623074735.8607,278212.0,1029420.0,1.272635339124,228364598.4958405,1629193480.0935214,1566579878.6374352,27965091.148816474,18.69903428,2173192.348093839,0.2702609236268967,8.0
2022-05-18,btc,28771.2204786675,547903613073.46497,264173.0,902599.0,1.204897921252,208169091.45930022,1212222277.6123347,1149486223.9489114,24095897.150884032,16.80345073,2059540.2548319937,0.2926803597167735,12.0
2022-05-19,btc,30257.8852483928,576237927167.5203,260343.0,897588.0,1.268265640482,189527081.86659092,1911370343.267501,1443275545.87132,23071637.50189951,16.81952637,2171754.879408959,0.29004732683592027,13.0
2022-05-20,btc,29224.245998422,556576449741.6575,269360.0,949339.0,1.226785298597,198848086.66294557,1129015638.4885008,1100206218.815394,23379396.7987376,17.21343134,2095516.811417883,0.28373426141768116,13.0
2022-05-21,btc,29420.0782857978,560330903433.8232,216560.0,758937.0,1.235285942059,209722591.14017218,383716326.1895171,317510458.9936099,24823191.053641893,11.49816203,2115822.1137563265,0.28534647803440866,13.0
2022-05-22,btc,30331.87514173,577719993300.8108,210953.0,749577.0,1.273331088604,189527081.86659092,483408557.93176305,472598052.78682315,23128054.795569126,11.86705488,2183480.1452430137,0.2814293928442308,14.0
2022-05-23,btc,29088.2515419638,554062243386.7935,268759.0,939531.0,1.22293867204,248560107.76942173,1114237155.1461627,1120051643.8414419,29088251.5419638,15.96576395,2096516.043780021,0.28605655374862565,10.0
2022-05-24,btc,29643.6837556984,564664143267.9167,237379.0,841611.0,1.246431579256,186420080.26780605,1149405844.0540667,1035763472.0477563,22232762.8167738,16.44777842,2148151.662146344,0.2820531100472784,12.0
2022-05-25,btc,29577.259880187,563425495600.4982,284400.0,1016156.0,1.244237310755,219464677.3862468,870724735.2956756,838768667.945536,26619533.8921683,19.14786095,2143787.8362496374,0.27987828640484336,11.0
2022-05-26,btc,29332.4860467563,558788579642.6685,260517.0,894042.0,1.235100855496,209555370.5705583,1216739985.6506963,1421411146.919918,25849253.32870399,17.47974945,2129665.0130057423,0.2913923506949338,12.0
2022-05-27,btc,28612.0413103448,545088669358.9464,275683.0,942679.0,1.20688817198,205096744.25322008,1349244359.447764,1146576688.9420514,24677885.63017239,17.596715,2081699.3754077132,0.29244631523562103,12.0
2022-05-28,btc,29045.5206344243,553373761224.6202,227772.0,783393.0,1.225163407756,219958828.41078094,332374702.01817244,534318207.73075634,26867106.586842477,11.86693737,2121562.8761867355,0.2907506194209037,13.0
2022-05-29,btc,29430.0689800117,560727563224.8401,205693.0,751185.0,1.241234457517,221445035.75646704,442263530.6587381,422817453.2925957,27406751.737635896,9.82325972,2157937.754494283,0.2738246903226236,14.0
2022-05-30,btc,31735.9549719462,604691877439.0,267947.0,925404.0,1.3375573486480001,228876076.7651775,1032044885.1978624,1109067662.6872516,30545856.660498217,13.20245416,2327686.468355791,0.28954597127308723,10.0
2022-05-31,btc,31831.4095251315,606539699591.0908,277824.0,998795.0,1.340327318645,216986411.57926878,1050266414.2278621,908674927.9447553,29046161.191682495,13.96528616,2336506.3809539103,0.278159181814086,16.0
2022-06-01,btc,29825.9221992987,568350982618.1753,274630.0,962754.0,1.258203816602,202124327.42170793,1543305483.1862578,1053632506.599348,25352033.869403895,18.9987401,2175883.326502654,0.2852545925542766,17.0
2022-06-02,btc,30504.2679997078,581301103485.3453,262596.0,945705.0,1.289506254729,185776038.0586009,754322938.5705297,920619090.7229712,23831459.374771718,19.37788756,2242313.762089819,0.27767221279363014,13.0
2022-06-03,btc,29662.6709708942,565289816719.395,269049.0,932672.0,1.255277674265,212527787.4020705,560970477.0162878,913582017.1509459,26511012.18023669,18.10616262,2186488.498176359,0.2884711881561792,10.0
2022-06-04,btc,29792.4076779077,567788127583.5594,219811.0,776053.0,1.261962571345,206582953.73904616,579227895.7441252,807161060.1303658,25882154.170182314,12.51949697,2200546.1024546083,0.2832422527842815,14.0
2022-06-05,btc,29915.4093009936,570159608584.3286,195813.0,721815.0,1.26746929363,216986411.57926878,245010003.70355904,320930489.8292956,27297810.98715666,9.15242774,2218086.1858112514,0.27127865173209204,10.0
2022-06-06,btc,31333.6770197545,597219834771.5532,268569.0,952859.0,1.32794694055,222931245.24229312,946431669.3145162,1139804660.876863,29375322.206019845,12.75982461,2329552.9469787823,0.2818559723946565,13.0
2022-06-07,btc,31175.0324289889,594227633838.3704,265801.0,941706.0,1.322740859864,240765744.0912262,948260957.5644497,856971357.8150846,31564720.33435126,11.91182851,2322413.4449998145,0.2822547589162647,15.0
2022-06-08,btc,30228.464698422,576218725147.5542,261456.0,888118.0,1.283418736198,266501680.44994769,711016072.8999883,632859172.0295416,33629166.97699448,10.74681437,2249626.9549540584,0.2943933126003527,17.0
2022-06-09,btc,30064.4855289305,573120367821.6552,264597.0,914304.0,1.278193263932,219787040.62041968,860060832.8191522,850327149.9770656,27433843.04514908,10.13805792,2243044.4511483884,0.2893971808063839,11.0
2022-06-10,btc,29070.4000300994,554196788670.7576,259531.0,900195.0,1.237117043464,221292430.34450084,808950505.2279977,760542753.098693,26708430.027653825,13.66335226,2171537.2812554524,0.2883053116269253,13.0
2022-06-11,btc,28360.7899231444,540696111012.3925,228805.0,831309.0,1.208249128114,231830164.91635683,739934416.8115733,644564201.8217282,27297260.301026486,11.08947777,2137566.955936966,0.2752345998900529,12.0
2022-06-12,btc,26830.2839456458,511538437846.9446,219703.0,762985.0,1.144614146671,191184616.35301408,895715935.8520691,1108582872.7723613,21296537.881856352,9.89591581,2026372.0182637705,0.2879519256603996,14.0
2022-06-13,btc,22316.2570400351,425493856127.2006,273372.0,1011323.0,0.9623869555670002,200216961.2007889,2901180451.9657836,2351301266.597621,18550388.66452918,28.93135694,1685289.1360175023,0.27031126554028734,11.0
2022-06-14,btc,22072.8663085915,420873377970.22205,275578.0,1075994.0,0.9587494194080001,219787040.62041968,2364418021.7931886,1786432078.9628015,20141490.506589744,25.70586325,1667609.7670794234,0.25611481104913225,8.0
2022-06-15,btc,22520.7910087668,429437386455.3185,297032.0,1063571.0,0.9825716373470001,248389462.7200627,2093463453.1650004,2385702668.897987,23224565.72779076,25.34349663,1693667.290616005,0.27927801717045686,7.0
2022-06-16,btc,20310.1769848042,387299429738.925,258005.0,911369.0,0.89010384052,179141492.0570769,1625598853.6388824,1539164438.5075727,15105694.132448124,23.85546959,1527981.6931463627,0.28309608950929865,7.0
2022-06-17,btc,20464.9290873174,390264246951.8146,248214.0,876153.0,0.9004495272280001,162582194.25337106,1748778724.2620838,2521949584.929082,13813827.133939246,22.07274902,1544279.7124003535,0.2832998346179263,9.0
2022-06-18,btc,19013.8672536528,362611174621.4809,246705.0,924686.0,0.839761069586,234840946.53228176,1706681805.8896482,1586174559.3247218,18538520.57231148,20.3023224,1428769.449497363,0.2667986754422582,6.0
2022-06-19,btc,20492.2951683226,390823129715.5468,195875.0,733337.0,0.905122908176,200216961.2007889,760481166.8164437,764337710.6869117,17034220.35866816,12.53871419,1543205.277143303,0.2671009372225866,6.0
2022-06-20,btc,20571.6292247224,392353137499.7772,239275.0,833932.0,0.909413901996,198711571.4767077,818251144.2307689,1079037808.6484952,16971594.11039598,15.40168791,1555715.144883472,0.28692387388899815,9.0
2022-06-21,btc,20688.4651312098,394600889959.4376,260657.0,927938.0,0.916201262025,225808603.85226956,1210406267.5083392,1120067276.8192432,19395436.060509186,16.78535146,1559486.9827371489,0.28089915490043516,9.0
2022-06-22,btc,20003.1683375219,381546027327.4448,247129.0,859651.0,0.887627935977,193096459.39267662,772787795.1278499,1134061705.8979485,16127554.472127032,16.45287556,1515867.7629726003,0.28747596408309883,11.0
2022-06-23,btc,21097.1028331385,402432082094.10394,258973.0,866807.0,0.9363923814230002,223431041.43862218,781481026.1046447,809934068.6879224,20042247.691481575,14.99802924,1599197.6121007325,0.29876662278915606,11.0
2022-06-24,btc,21299.0769853887,406301957818.1101,250666.0,869532.0,0.946260674502,189622395.5064278,921856294.4959223,808678727.8564428,17172380.81946964,15.90724606,1620328.7898107788,0.2882769121780452,11.0
2022-06-25,btc,21468.3431566335,409551146129.82904,217926.0,742895.0,0.9535417996710002,221961099.20676234,302163698.5601175,364066377.5289691,20260748.854072865,13.366848,1635580.1792944823,0.29334697366384216,14.0
2022-06-26,btc,21066.6209430158,401905669584.81177,207474.0,734812.0,0.93595363596,202851865.00959057,243390652.40518808,280667149.6460417,18169960.56335113,12.75874405,1604639.6532239038,0.2823497710979135,14.0
2022-06-27,btc,20751.0516960842,395902927689.18256,258934.0,953524.0,0.9231758465400001,199911982.66258603,985003652.2342486,636071080.1302992,17638393.94167157,14.60033741,1582707.306581541,0.2715547799531003,12.0
2022-06-28,btc,20263.2196393922,386614220232.3532,253741.0,922274.0,0.9024270575070001,214611394.3976086,682393409.3185649,714190552.2123786,18490187.920945384,14.31358989,1550906.4314813328,0.27512539657412005,10.0
2022-06-29,btc,20080.9480864991,383155502450.5327,257517.0,899514.0,0.8952651839820001,221961099.20676234,990662235.9451638,1324969706.7962759,18951394.756633524,12.92625421,1540809.4308865962,0.2862845936805875,13.0
2022-06-30,btc,19332.9121294565,368903228195.36633,275120.0,967680.0,0.8650159849969999,251359920.5600924,1046539721.5356412,1177789656.4592593,20662049.838356633,17.00810933,1480832.2116852796,0.28430886243386244,11.0
2022-07-01,btc,19341.8631240795,369090226458.1767,272893.0,946760.0,0.8668100067030001,196972102.43229666,1032912514.2999432,1084448450.9988396,16198810.366416581,18.17324786,1480766.8217417405,0.288238835607757,11.0
2022-07-02,btc,19231.8317083577,367007144409.22516,235532.0,844916.0,0.862322030966,202851865.00959057,305799765.8759576,345861137.81221473,16587454.848458515,13.10583932,1469100.3913081023,0.27876380610616913,14.0
2022-07-03,btc,19276.5146639392,367878517546.5238,196946.0,701943.0,0.864908319377,227840863.90077138,339026648.759821,339488720.3198997,18674123.5806911,9.53446424,1472349.9442830354,0.2805726390889289,11.0
2022-07-04,btc,20226.2984745763,386022540612.4449,251379.0,883632.0,0.9074459507430002,210201571.9354594,546833296.3330151,562034875.6294851,18077254.261652566,14.3049814,1548772.7662820069,0.2844838122657396,14.0
2022-07-05,btc,20193.3427938048,385408468112.82117,244533.0,864471.0,0.906388103368,173453043.65626052,569658286.5019351,601664652.2696337,14892590.31043104,19.58042321,1551035.8083685266,0.28287010206241736,19.0
2022-07-06,btc,20560.8438126826,392438882291.5653,264360.0,969280.0,0.9245923071910002,186599522.89308378,664275777.0091224,909794375.1134087,16320169.776316814,24.67085257,1578670.0534337081,0.27273852756685374,18.0
2022-07-07,btc,21651.4191423144,413275623808.419,284162.0,1007259.0,0.9736465162640001,227523378.27089575,910831733.7287456,932969136.3424777,21245455.033396006,24.61107664,1657830.390674968,0.282114133504888,18.0
2022-07-08,btc,21813.7871239042,416395031613.0832,264779.0,936111.0,0.9813749536340001,214480636.8679379,811147813.5055667,868229233.2045496,20177753.089611385,22.39709481,1669088.7895291788,0.28285000389911025,20.0
2022-07-09,btc,21585.1321922852,412048402705.49554,219088.0,773277.0,0.97256585657,194191928.48263425,311846972.41996473,288643844.6291227,18077548.211038854,15.61982789,1653966.4262112956,0.28332408697012845,24.0
2022-07-10,btc,20831.2733915839,397677569200.77203,198306.0,705622.0,0.938937826789,221726603.85028365,356439418.7057046,355091523.21772933,19919905.180702105,12.59707686,1601193.2892679253,0.28103715587099043,24.0
2022-07-11,btc,19971.3294704851,381276239330.9752,234215.0,839927.0,0.903257154365,178250799.86937034,660062608.363552,632265441.9245238,15352959.53043542,15.81462702,1543848.6026589833,0.2788516144855446,22.0
2022-07-12,btc,19339.1534734074,369225505108.16406,274945.0,943773.0,0.875464077465,218828216.63997763,623227676.3728105,692390771.0315349,18251326.090528235,17.14982003,1495190.1179626337,0.2913253504815247,16.0
2022-07-13,btc,20155.5278386908,384825682177.9338,225738.0,815549.0,0.9124816682200001,159411284.0458004,581105988.7456421,473951723.4207281,13856925.389099926,23.81414434,1574599.1686182194,0.2767926881156129,15.0
2022-07-14,btc,20552.8990289304,392428543677.9312,282646.0,983744.0,0.931267482062,179699992.43110403,528345023.05166173,632831403.5980281,15928496.74742106,31.14087707,1599946.7688560283,0.28731661895777766,18.0
2022-07-15,btc,20831.722700526,397770775563.7378,267630.0,943171.0,0.947404727073,205785475.23701978,854651957.7093495,615879617.6021292,18488153.896716826,25.8709279,1617155.3427349068,0.28375554379852647,15.0
2022-07-16,btc,21196.5091428989,404755787365.4628,223950.0,771028.0,0.963942951894,214480636.8679379,319753802.8305548,270770344.05085284,19606770.957181484,17.9556057,1651008.1299636369,0.2904563777190971,21.0
2022-07-17,btc,20827.8886085915,397732973007.4675,201095.0,723539.0,0.9473883158580001,179699992.43110403,557387016.0294762,225057902.98636478,16141613.671658412,15.71628374,1621129.1274669475,0.2779324956913173,24.0
2022-07-18,btc,22305.7066428989,425971905281.9996,254873.0,887138.0,1.014380417157,189844346.62375587,987904401.0466386,969824585.2462238,18262797.313873474,23.1208513,1732295.5356165746,0.2872980302951739,20.0
2022-07-19,btc,23371.2026601403,446339832050.2446,279366.0,994059.0,1.064015965884,199988700.81640768,1422111095.9493039,1507276409.8146331,20157662.29437101,26.44173796,1810206.7431595125,0.2810356326938341,30.0
2022-07-20,btc,23280.9356680304,444634259889.05206,254748.0,905497.0,1.059545792317,182598379.64141008,740501948.192833,849913124.1550138,18333736.83857394,25.4408358,1801301.6322558532,0.28133500166207065,31.0
2022-07-21,btc,23152.4093112215,442199694644.768,278928.0,964460.0,1.055572042956,198824710.56678498,2342473576.8009157,2417512321.0019016,20113655.589123677,24.49605718,1786281.3695256726,0.28920639528855524,34.0
2022-07-22,btc,22706.0835554646,433693823514.26,262220.0,848578.0,1.037202359622,181711863.29949582,851866875.606982,660986716.4317697,18732518.933258295,21.5286848,1749006.207997426,0.30901107499840913,33.0
2022-07-23,btc,22484.4592317358,429482365773.2771,219584.0,755495.0,1.027767986307,211997172.19748574,329164540.97202426,321926713.2155507,21641292.01054571,12.95300963,1731608.6768952447,0.29064917702962956,31.0
2022-07-24,btc,22653.3570260082,432730761552.05457,201963.0,736224.0,1.035693112787,216126988.5789976,272296495.97598094,403519710.1100938,22228606.581770547,10.72791437,1746091.3416935098,0.27432276046420656,30.0
2022-07-25,btc,21510.1255874342,410911525111.4701,251613.0,892636.0,0.9847441065230002,195477912.61837205,503951089.46537644,613766562.9619111,19090236.458847854,12.63441662,1659800.7035794328,0.2818763751405948,30.0
2022-07-26,btc,21181.6591967855,404657958397.2495,260791.0,945582.0,0.9704939396610001,220256802.97819823,652789491.2758789,648280215.9558576,21181659.1967855,14.39558912,1632879.8768573476,0.2757994547273531,26.0
2022-07-27,btc,22898.4150683226,437478763559.1204,265290.0,916926.0,1.048530886503,227139827.63763633,586414488.5380996,620757166.4724047,23613990.539207682,12.70102031,1763343.4181783146,0.2893254199357418,28.0
2022-07-28,btc,23838.5568838691,455461367222.4852,283820.0,1008866.0,1.090974652069,194101308.47940892,1039477353.4702631,881215227.0017991,21007728.253909644,15.94393098,1833529.5046921987,0.28132576576076507,32.0
2022-07-29,btc,23950.7403798948,457626609085.48505,280447.0,945142.0,1.096121570662,200984333.13884702,717813447.2267497,797323621.0314256,21855050.596654005,15.14116206,1840247.3915704917,0.2967247249619634,39.0
2022-07-30,btc,23623.4349611338,451391833403.0792,228995.0,785742.0,1.08119685014,177582046.91798395,326805972.97356683,301574377.04684436,19046394.437414125,12.20975627,1816881.3131034856,0.29143790200854736,42.0
2022-07-31,btc,23356.1722215079,446307219209.83734,215224.0,787873.0,1.06930792552,209243963.9195595,248244560.51869535,294543688.3951822,22188363.610432506,11.49215553,1791707.6918530902,0.27317092983259994,39.0
2022-08-01,btc,23331.4426969608,445854500671.93616,248469.0,907238.0,1.068081818605,187218281.83765957,710771906.2363087,701373418.770996,19831726.29241668,14.15151466,1790637.3408353238,0.27387411021143293,33.0
2022-08-02,btc,23031.4268834015,440143630646.2181,267917.0,946865.0,1.054827227962,213373778.31876013,698486619.1883925,782573366.028996,22311694.793295205,15.41047824,1761792.1726607769,0.28295163513278027,31.0
2022-08-03,btc,22809.7474418469,435927882119.2916,282580.0,977386.0,1.044976588452,199607727.01757267,543776678.1830907,632323805.2254982,20671333.619173754,15.6220485,1740384.410736527,0.2891181171001017,34.0
2022-08-04,btc,22628.3320821157,432479435664.96185,278115.0,948545.0,1.037537603272,183293576.20328617,493460045.1902723,406709378.6702699,18668373.967745453,17.31179787,1728106.9334659942,0.2932016931194619,30.0
2022-08-05,btc,23248.9715023378,444363077389.24005,269270.0,944004.0,1.065899475533,210085555.7118224,605647614.5392296,1081430639.768815,21795910.78344169,19.70561752,1774454.4954336747,0.28524243541340927,31.0
2022-08-06,btc,22996.2750452952,439556370388.69934,232291.0,856759.0,1.054367720796,225491829.9721472,323301248.2525529,286400918.2136629,23140001.764328294,13.26815456,1751961.2190759042,0.27112758663754916,31.0
2022-08-07,btc,23153.6584713618,442587644255.79877,199770.0,716918.0,1.061585802404,222690689.0141953,328591973.66495854,310144105.9668683,23008948.10591579,11.19968388,1763675.5689022057,0.27865111491132877,30.0
2022-08-08,btc,23803.6505154296,455033818812.5433,257482.0,918162.0,1.091208903728,201682132.83796665,745842009.3957473,660325604.7731466,21423285.46388664,15.89323274,1807288.0391320004,0.2804319934826316,30.0
2022-08-09,btc,23186.2917464641,443253027415.8556,251924.0,941249.0,1.064322658536,200281563.36740136,633110971.4735363,616950590.9615498,20722748.24840229,22.63063634,1766265.228812961,0.2676486243278877,42.0
2022-08-10,btc,23923.0584830508,457359947811.3196,270675.0,1035793.0,1.097349862382,207284414.75387046,806933040.0038832,674957105.2395409,22128829.09682199,19.4663578,1810897.23832327,0.26132151887491034,31.0
2022-08-11,btc,23934.4390561075,457598463723.42834,284126.0,1002846.0,1.098103095757,196079850.92206284,709386062.569755,730384772.9550874,20942634.174094062,18.4381356,1811462.5188891625,0.2833196722128821,41.0
2022-08-12,btc,24396.3088462887,466452355020.95996,269215.0,948381.0,1.1189134484130001,215687835.61090487,587107102.7431697,647569149.9588794,23481447.264552873,16.98546166,1846098.1031795905,0.2838679813281793,42.0
2022-08-13,btc,24426.2225748101,467045519559.2559,239894.0,834925.0,1.120303000575,194679281.45149755,360202702.82699054,375177748.7023971,21220280.861866273,11.68151403,1844289.3102230837,0.287324011138725,46.0
2022-08-14,btc,24314.2021315021,464923825825.56085,202156.0,811197.0,1.1152866103,186275858.57764184,293435840.8604343,429494979.96052164,20211180.52181112,7.6854451,1835636.4036607773,0.24920703602207603,47.0
2022-08-15,btc,24083.9539748685,460542963581.3794,245572.0,922140.0,1.105125221321,203082702.30853194,689426291.5225369,733126403.5611441,21826083.289724577,10.72646248,1820727.5849341045,0.26630663456741926,45.0
2022-08-16,btc,23868.8193530099,456451152283.436,269531.0,1020819.0,1.095336349684,207284414.75387046,503520404.8581363,497483649.6999749,22078657.90153416,11.73698683,1807060.2315038163,0.2640340746008842,44.0
2022-08-17,btc,23336.3489310345,446287363119.0393,255933.0,915870.0,1.071575714816,180673576.661738,717001148.0900509,775800467.9669968,18814931.325646564,15.55733617,1766526.477984321,0.2794424972976514,41.0
2022-08-18,btc,23221.1706028638,444105576817.2243,292682.0,1009836.0,1.066480347068,202447354.27677864,561480090.8074924,635506547.4567041,20899053.54257742,14.79958235,1754479.0379413646,0.2898312201189104,30.0
2022-08-19,btc,20906.7663141438,399865784896.4949,276337.0,982140.0,0.9622235164550001,250867150.56061098,1083197506.0208735,998074309.5980177,23258777.524484977,13.53336601,1576565.5519566615,0.28136212759891666,33.0
2022-08-20,btc,21146.6548021625,404473619044.496,226096.0,841648.0,0.97348633387,209995535.8811957,281598313.7048377,282148422.82282835,19692822.284513827,8.94198715,1593272.0499185426,0.2686348687337224,29.0
2022-08-21,btc,21553.9961717125,412284535348.17566,201437.0,753797.0,0.9922637897600001,205767438.51073447,219062097.84163743,269358031.9170454,19668021.506687656,7.8864978,1624160.4104631064,0.2672297714106052,27.0
2022-08-22,btc,21301.0840581531,407466140105.9247,250080.0,880923.0,0.9812253850520001,204358071.36758935,498594699.3182286,491860044.7080925,19304107.427701246,10.612358,1605525.030324695,0.28388406251170645,29.0
2022-08-23,btc,21534.5143521333,411954552631.3741,257650.0,930754.0,0.992293505064,242410953.7902015,468349104.6953228,435981311.6109669,23149602.928543296,11.45792651,1623928.368309528,0.276818579345348,28.0
2022-08-24,btc,21424.9728232028,409878577064.975,260385.0,930584.0,0.987637310218,205767438.51073447,459249927.3416149,580739716.2436275,19550287.701172557,9.95411646,1616861.3872834642,0.2798081634758388,25.0
2022-08-25,btc,21587.8395844535,413015814390.91345,255143.0,898274.0,0.995543286361,224089197.16521153,466478752.66212195,607068480.8180983,21452915.587050665,10.67640461,1635845.9482175813,0.2840369419575764,25.0
2022-08-26,btc,20246.1655733489,387369347817.70264,265467.0,937226.0,0.9345240324520001,248048418.30380782,565877904.0665336,487681514.1486455,22270782.13068379,11.46921892,1537525.1103557933,0.2832475838271665,27.0
2022-08-27,btc,20043.9909485681,383519310960.92694,221784.0,830874.0,0.9257566574390002,204358071.36758935,325790180.3183949,354185965.25698274,18164866.797139842,8.57697937,1523801.380392078,0.2669285595649882,28.0
2022-08-28,btc,19673.5412188778,376450966908.22253,204472.0,776186.0,0.908751979889,226907929.42201468,395211971.5923072,238068910.33764836,19796500.851495788,7.66443866,1498002.9104763765,0.2634317032257732,28.0
2022-08-29,btc,20270.960383986,387902405358.73914,253563.0,939245.0,0.9363000290030001,221270464.90840834,617177349.9325747,734797895.2234417,19890879.87678626,11.05466883,1542454.7120177848,0.26996470569446734,24.0
2022-08-30,btc,19825.4632066043,379397503826.90955,263101.0,951380.0,0.9169154021600001,228317294.53567272,950488609.4399889,989181838.5497746,20073281.496686853,12.11978636,1509668.3541197565,0.276546700582312,27.0
2022-08-31,btc,20024.6716059614,383228003505.9351,258575.0,916812.0,0.9265402016280001,220515247.03199774,901504666.2460889,606231569.0280988,18272512.840439778,13.41263163,1530130.2372524156,0.2820371024812066,23.0
2022-09-01,btc,20105.4626072472,384791505857.6446,270341.0,969786.0,0.9308191036060001,212503107.41825658,681802909.4856224,672189467.0306133,17340961.49875071,14.60997864,1538077.943148511,0.278763562270439,20.0
2022-09-02,btc,19948.8567472823,381810364146.53986,270262.0,996822.0,0.924346524698,198644209.06016544,848803582.3711416,571652336.8854237,16083765.752496354,18.53467979,1525945.710685543,0.271123630898997,25.0
2022-09-03,btc,19803.8332697253,379052887734.96625,235843.0,916603.0,0.9177813215430002,226362005.77634776,260125281.91901034,233644583.04625463,18194771.81656012,13.82420616,1514157.488153079,0.2573011434612368,21.0
2022-09-04,btc,19961.9118907072,382099532564.477,206295.0,774639.0,0.9249965090340001,258699436.75684294,451681868.1479709,446675634.5422587,20960007.48524256,10.50035731,1524908.0514162309,0.26631114622424124,20.0
2022-09-05,btc,19797.7967884278,378977066517.50757,253103.0,942780.0,0.917682178845,235601272.08754978,924559158.5752193,854261871.1669149,18931643.178934082,14.23661778,1513391.2801723494,0.26846454103820616,23.0
2022-09-06,btc,18846.150537405,360777012676.73267,267063.0,927513.0,0.874858544608,218662618.29239127,1040000328.200606,1052226501.4129982,16725958.601946937,15.36578653,1437607.9679939526,0.2879345087346485,22.0
2022-09-07,btc,19292.9070745178,369346999995.143,264285.0,951645.0,0.8959704468230001,224822129.16652596,587483207.9988716,642114332.3735863,17604777.705497492,14.69645264,1473096.8688017526,0.27771385338019955,24.0
2022-09-08,btc,19319.1248512566,369864252540.92334,266823.0,947648.0,0.897686434169,195564453.62309808,693423276.1883743,661601720.6581092,15334555.350684926,15.87666942,1478804.6460569757,0.2815634075099615,20.0
2022-09-09,btc,21363.3136152542,409017455131.7916,286018.0,1021884.0,0.991990113442,226362005.77634776,890890586.5748926,771715258.7791024,19627430.30587194,16.98507349,1631433.9843296946,0.2798928254087548,22.0
2022-09-10,btc,21715.2107980713,415785927560.17883,240963.0,873305.0,1.008276774233,241760782.96168447,398543453.9012992,330601464.0460621,21308429.803139564,12.26181299,1658178.649598489,0.2759207836895472,28.0
2022-09-11,btc,21732.7705686733,416141395725.3066,225743.0,871675.0,1.00926214108,281797599.2087124,316768115.5568918,325554128.57849205,24856963.609102905,10.63620603,1654039.5117398726,0.25897610921501707,26.0
2022-09-12,btc,22365.2145601987,428261637184.8132,269113.0,989815.0,1.038445934441,235601272.08754978,622832480.3062074,502854218.7637097,21386266.923721544,12.849281210000001,1696544.5027247495,0.27188211938594586,25.0
2022-09-13,btc,20165.0421607247,386157248713.93646,259359.0,948189.0,0.939370352409,212237771.6665518,1709746531.5384064,1083597242.9197977,17266317.350120526,15.77916655,1531954.0447903064,0.2735309099768084,34.0
2022-09-14,btc,20246.3660424313,387730658256.55914,269647.0,977568.0,0.9441342753180001,202308898.9554361,5876042960.752746,6058500862.5322075,16070553.046179844,17.0316924,1535213.017533957,0.2758345199515532,27.0
2022-09-15,btc,19696.8698661601,377225556977.20856,277597.0,953771.0,0.9197942651440001,234168568.49770647,2302376122.439956,1698782188.7082012,18096499.189534593,17.3230453,1496811.200858471,0.2910520449877381,28.0
2022-09-16,btc,19741.5776168907,378097572891.12006,260328.0,933213.0,0.9221723054140001,203901883.69419253,456822592.215166,526211408.70450956,15793262.09351256,19.57596627,1503682.6799765474,0.2789588229053817,20.0
2022-09-17,btc,20120.7023459965,385380080042.85626,245261.0,918990.0,0.9399990351440001,270807189.9623499,322480561.6135798,249430671.0269493,21378246.24262128,16.17707211,1528484.3141657098,0.26688103243778494,22.0
2022-09-18,btc,19427.1002626534,372113932908.2875,212149.0,775872.0,0.907953496893,245319452.49341667,270178796.3538328,233350184.84074354,18698584.0028039,12.01743164,1473632.4626909418,0.2734329889466304,27.0
2022-09-19,btc,19557.9769582116,374636684861.2995,255334.0,912328.0,0.9146841119140001,207087850.8778092,651508763.7850485,635613130.5439719,15890856.278546926,13.28074414,1482521.3193493115,0.2798708359274296,21.0
2022-09-20,btc,18872.9498667446,361532792864.26184,268728.0,952698.0,0.8833824682700001,242133487.6036962,466554806.57409686,457956557.02782184,17929302.37340737,14.63122035,1428429.8645145735,0.28207049873097245,23.0
2022-09-21,btc,18506.7607481005,354534333416.6793,263619.0,918372.0,0.8669915368200001,224610669.2407527,550314419.4131734,497004760.29586244,16309082.909263566,14.26890175,1400139.7374614256,0.2870503456115822,23.0
2022-09-22,btc,19414.5396449445,371940200960.5232,246387.0,860577.0,0.909510592046,203901883.69419253,602865512.8279037,468044973.81207585,15531631.7159556,12.8666359,1470695.899125709,0.28630442133591766,22.0
2022-09-23,btc,19326.8648199883,370276849734.6183,276441.0,968636.0,0.9056354404500001,215052767.68990275,566406073.4767263,501560990.4622368,16307042.191865128,15.67245082,1461853.3287455654,0.2853920358111819,20.0
2022-09-24,btc,18924.7677872589,362590477877.56635,226763.0,799441.0,0.886975013788,232575586.05284625,201709322.5603114,173949867.80164936,17268850.605873745,10.91752828,1430503.256587107,0.2836519518013212,24.0
2022-09-25,btc,18793.1561531268,360086121322.07837,208905.0,781165.0,0.8810570041790001,234168568.49770647,309045516.3077449,188988846.21615198,17266212.21568525,10.46772637,1419736.2030235955,0.26742749611157696,24.0
2022-09-26,btc,19201.1317209234,367921135053.928,264276.0,938059.0,0.900322536822,238947520.42007956,413281505.60936576,517515329.31679523,18001060.988365687,14.64353481,1448442.826619771,0.28172641592906206,21.0
2022-09-27,btc,19106.7389135009,366127838719.6281,275487.0,966074.0,0.896561719809,205494866.13905278,690833282.561844,672494790.4080547,15404808.249010101,17.21328433,1438877.1419333378,0.2851613851526902,20.0
2022-09-28,btc,19454.937210111,372818335629.0543,258906.0,849979.0,0.9134875521220001,234113533.83376324,775362568.95389,677958467.2236825,18239003.63447906,13.75538702,1465102.6327874865,0.3046028195990724,20.0
2022-09-29,btc,19540.8664105786,374482476447.19543,266329.0,874705.0,0.9178706072790002,222928607.6727852,590095508.5336466,981873188.1757834,17464649.354454625,14.81669729,1472471.5045345947,0.304478652802945,22.0
2022-09-30,btc,19435.1946917008,372477904951.7994,292553.0,1005499.0,0.9135615370400001,263461080.36655265,614849080.4198108,1231385049.195145,20528424.39310897,17.14726597,1460019.18697311,0.29095304918254516,21.0
2022-10-01,btc,19311.861629398,370136058133.8757,236007.0,867330.0,0.9079126726340001,282168375.28330106,230827326.47013718,334185215.2502597,21846543.46825649,11.63954428,1450806.4313381792,0.2721075023347515,20.0
2022-10-02,btc,19015.2928050847,364470603274.7758,216756.0,852250.0,0.894190083633,244753785.44980425,320142184.81198263,212858705.7869021,18658756.064989362,9.13229056,1426510.7915584068,0.25433382223525963,24.0
2022-10-03,btc,19633.4325859147,376337531461.188,268836.0,964012.0,0.9233081115710001,240076960.03696054,456281665.0296079,455744629.0074545,18897178.8639429,11.29011357,1469724.8356708537,0.2788720472359265,24.0
2022-10-04,btc,20339.9712811221,389901326705.8898,280235.0,932869.0,0.9565685011760001,254107431.7857407,615468243.3186692,688497909.5951263,20721345.74264314,10.28849637,1519903.6855248662,0.3004012353288618,20.0
2022-10-05,btc,20155.0996987142,386379527832.9187,267518.0,891063.0,0.948163366006,272814728.9473646,480882927.392285,791803415.507341,22044640.295468654,9.24387151,1505497.4720326313,0.30022344099126547,25.0
2022-10-06,btc,19950.5477957335,382478030109.54517,276491.0,930050.0,0.9388666095830002,247871668.3100749,402839396.7905144,801264838.0195698,19825856.872010164,10.36318348,1488293.274691386,0.2972861674103543,26.0
2022-10-07,btc,19539.1439216832,374611763556.60834,270954.0,936123.0,0.9199832460520001,266578963.2268233,567215547.1278603,878914322.5836219,20882460.06629892,10.32452635,1460742.1686907355,0.2894427334869456,23.0
2022-10-08,btc,19416.1772291058,372275436651.0156,235954.0,815047.0,0.914595870208,272814728.9473646,249243566.52917412,223332525.51489833,21236443.84433447,6.6463794,1452645.3293360008,0.2894974154864689,24.0
2022-10-09,btc,19428.3671323787,372528344873.01337,214993.0,787417.0,0.915262738221,246312725.75750184,198512475.1781928,213126339.82525805,19185512.543223966,6.08936138,1455813.1732894902,0.2730357612294375,22.0
2022-10-10,btc,19154.4042346581,367295367833.3887,253025.0,896218.0,0.902773565181,282818946.6660149,335636843.11929184,310361063.4597789,20112124.446391005,7.94699149,1438593.278982526,0.28232528246475747,22.0
2022-10-11,btc,19039.2820683811,365106524490.82605,272927.0,916599.0,0.897697758664,277924882.76934755,899252087.7825449,468132347.75283337,18682295.529598955,9.14772243,1427311.2534730828,0.29776052559516214,24.0
2022-10-12,btc,19156.9115645821,367378647972.2289,260366.0,871140.0,0.9041970860180001,242520438.8933889,647755029.7453882,443028196.3883768,16403105.527173422,9.32404406,1438057.0929799785,0.2988796289918957,20.0
2022-10-13,btc,19387.8336806546,371824448281.48004,275214.0,933599.0,0.915299590894,253141772.82091248,662947760.7229855,767214576.9821925,17327876.35208505,14.93511743,1455944.6490841706,0.2947882334921096,20.0
2022-10-14,btc,19177.6941031561,367813040138.8371,284575.0,984001.0,0.905697877908,276154659.1735337,601498765.9034904,693137445.5257719,18698251.750577196,14.68792708,1435370.162084909,0.28920194186794523,24.0
2022-10-15,btc,19069.8749272355,365763269803.227,241112.0,838678.0,0.9007287244870001,269073772.43763787,207864809.9542689,174065987.23378414,18116381.180873726,9.26675507,1428196.913400711,0.28749055060464207,24.0
2022-10-16,btc,19261.7497878434,369460796080.1113,214703.0,769067.0,0.9099109102940001,254911993.86760643,179756847.73746595,261616651.80664614,17335574.80905906,8.29780449,1442121.0225233852,0.2791733360032351,24.0
2022-10-17,btc,19557.0218106371,375142761443.2313,261168.0,870371.0,0.9246781352640001,265533327.79513,444788243.2466979,425764739.9195234,18334707.94747228,13.1668306,1463109.5878847248,0.30006514463372513,20.0
2022-10-18,btc,19341.4075543542,371024014617.18225,258490.0,887194.0,0.91398573907,251371549.22509858,708951383.9122653,1426423530.0659559,17165499.204489354,17.07848573,1449112.4146192286,0.29135679456804264,22.0
2022-10-19,btc,19132.1544254822,367027991687.44006,260354.0,923688.0,0.904610705933,267303548.841824,372055088.14068097,369706300.618624,18055970.739048827,16.33306213,1434158.269714275,0.281863572981353,23.0
2022-10-20,btc,19033.3760239626,365150292653.8844,268532.0,893489.0,0.9002425423030002,256682214.9143004,450541356.743686,369255581.07762295,17248997.021716107,12.89876006,1422425.3074010469,0.3005431516224598,23.0
2022-10-21,btc,19174.8763487434,367883634520.15155,266487.0,913925.0,0.9071433634420001,276154659.1735337,419578614.99485147,494290892.733919,18695504.440024815,11.66121356,1435060.2273089073,0.2915851957217496,23.0
2022-10-22,btc,19207.6285078901,368528334460.5667,231911.0,817446.0,0.909318069409,240750215.297575,254285908.54468945,212259492.6859866,16326484.231706586,9.09253204,1436544.8177679982,0.28370192037149855,20.0
2022-10-23,btc,19565.4123243717,375411929443.3675,218227.0,803523.0,0.926261633178,274810664.8495725,216747220.1662427,273226975.97057927,18953993.189235084,7.84897897,1461480.797111597,0.27158774546590453,23.0
2022-10-24,btc,19341.460210111,371131281846.5523,266297.0,922514.0,0.915784798173,249031191.57743755,490827902.80209494,413136575.0255459,16440241.17859435,12.00625193,1444410.3442720803,0.2886644538727868,22.0
2022-10-25,btc,20094.9611215663,385605065822.4446,251891.0,829386.0,0.9511953132840001,223395628.20390147,626941128.7038556,674153342.1740592,15322407.855194304,17.4666418,1505679.3217710587,0.3037078031218275,20.0
2022-10-26,btc,20797.0308258328,399097328311.379,305561.0,1051950.0,0.9839394775620001,283822315.5587801,1067015307.8563066,1433507592.4984794,20147123.612525526,23.38594935,1548289.273925033,0.29047102999191976,33.0
2022-10-27,btc,20280.1751280538,389195921538.64905,265430.0,895161.0,0.9596245123480001,247200081.03795677,622859260.2564288,575633575.3219112,17111397.764295395,17.10950234,1510065.0770764234,0.2965164925639075,32.0
2022-10-28,btc,20604.6138535944,395442686247.225,279384.0,925522.0,0.9750040319230001,291146762.99030495,456736940.4107859,467603383.7304326,20475835.017009433,18.67684389,1537107.2395170028,0.30186640620104116,30.0
2022-10-29,btc,20803.8999205143,399285967648.7002,251735.0,871729.0,0.98443454901,261848975.90100646,412790387.9509139,390277263.4533673,18593485.553959657,14.41367012,1548664.9068271706,0.2887766725668184,34.0
2022-10-30,btc,20616.7033766803,395710529271.33923,223333.0,830676.0,0.9758321006590002,247200081.03795677,266043377.08704567,268265748.58312985,17395343.474074002,12.85734925,1533400.25456312,0.26885693098151386,34.0
2022-10-31,btc,20490.8581808884,393317251848.56525,290008.0,980614.0,0.9700967474700001,316782326.363841,662199826.4880533,483482862.7576765,22155740.40808558,15.89999085,1519673.3835977337,0.29574123967228694,31.0
2022-11-01,btc,20483.966530976,393203403802.07855,273150.0,955117.0,0.970049689813,263680086.44048724,671854896.6159377,644273476.1909893,18435569.8778784,14.58986622,1520720.2565900667,0.2859859053916955,30.0
2022-11-02,btc,20148.2845537697,386775127359.0969,258761.0,869056.0,0.9544909764460001,223395628.20390147,643464410.9403853,1578816811.7462003,15363066.972249396,17.21170919,1497670.3281612343,0.2977495121142941,30.0
2022-11-03,btc,20198.1111860316,387752323864.0792,294320.0,1009478.0,0.9569860210540001,300302320.96131057,579291121.5587451,498090186.1473047,20703063.96568239,18.64138734,1497761.3131818785,0.29155662629596685,30.0
2022-11-04,btc,21157.2449275278,406182308414.3737,281439.0,939102.0,1.000981821699,236213409.89066952,2610832671.3554325,1018362621.7916753,17058028.722819287,19.49888769,1566684.2535013773,0.29968949059846534,30.0
2022-11-05,btc,21283.4715999416,408625727281.51587,253538.0,916525.0,1.007111287598,276497868.12725526,372031441.0698056,344078678.772018,20086276.322444886,16.45775871,1572300.240840877,0.276629660947601,38.0
2022-11-06,btc,20946.8030359439,402179894315.6349,223686.0,811578.0,0.991409279364,250862304.7537192,477333021.2184256,477549823.39356875,17935700.099526964,13.113067,1545651.6889751349,0.2756186096715288,40.0
2022-11-07,btc,20568.5651183518,394936214963.7294,267661.0,920253.0,0.976088727485,263168681.007737,1402487915.696481,1573972837.7249916,18511708.60651662,16.10616126,1514769.887508722,0.2908558841970632,33.0
2022-11-08,btc,18520.971163647,355639311703.4768,296138.0,1051006.0,0.880744871078,297875785.74780756,1385376659.048614,1623861234.9602404,18868239.37296538,21.91772278,1359724.197405486,0.28176623159144665,31.0
2022-11-09,btc,15758.2912819988,302605063696.8061,293667.0,1076579.0,0.7539586961790001,272291362.9163776,1431799436.1664379,1767470609.9510064,14674908.756361382,25.72038455,1151720.045627426,0.27277793826556157,29.0
2022-11-10,btc,17541.5602866745,336865135843.0826,294575.0,1056871.0,0.8399037128160001,268636444.9930961,1156773579.819814,1767670821.2641084,16116308.513382196,24.09456215,1278749.1499416174,0.2787237042174494,22.0
2022-11-11,btc,16916.8506312098,324882485889.163,278829.0,964454.0,0.8113401366240001,244879482.43907723,952422169.764373,1758866372.1235714,14167862.403638208,21.32007332,1234224.1465606303,0.289105545728464,25.0
2022-11-12,btc,16771.2426718293,322103638475.01587,245106.0,942728.0,0.806378353685,305185621.59437066,440628841.5240612,937683124.6768161,17504984.538721833,16.69044886,1223004.5989352115,0.2599965207355674,21.0
2022-11-13,btc,16320.4983375219,313459931493.43146,224942.0,895185.0,0.7852736630560001,235742186.31510308,648520007.3574419,790866947.4190521,13158401.784627032,16.32707442,1188534.8307449918,0.2512799030368024,22.0
2022-11-14,btc,16629.4784146698,319407146559.7761,244858.0,954601.0,0.8013617406950001,224777435.1767992,1210117638.992287,1253276254.3246562,12783911.531277409,23.25720034,1213765.450106433,0.2565029787314281,24.0
2022-11-15,btc,16855.59378609,323766538003.86176,281221.0,986709.0,0.8136854289900001,283256116.6862222,1001621589.4770993,1083446319.795931,16328856.480274687,36.20440793,1226547.5274874175,0.2850090553547196,22.0
2022-11-16,btc,16659.6063345996,320017579504.2511,264899.0,944275.0,0.8060898206329999,274118823.1937887,741828529.6948823,1226939294.2186215,15618380.938687125,35.40208783,1211600.0308993813,0.28053162479150673,23.0
2022-11-17,btc,16675.1790204559,320331100560.6855,254924.0,902258.0,0.8102403329400001,252189315.65409958,596992551.3742924,1469408096.2549329,14382341.905143214,35.45544762,1215022.6965860904,0.28254002735359507,20.0
2022-11-18,btc,16661.5229576271,320083241544.82635,275776.0,955851.0,0.8185096422110001,254016775.9315107,2075878513.4183075,609061490.0264314,14474698.069438543,42.86837889,1212556.759653675,0.28851358632255447,23.0
2022-11-19,btc,16696.0040581531,320760994779.17206,262900.0,1113245.0,0.820610369081,268636444.9930961,357896222.4149207,323710436.1756742,15339453.72842816,26.54277965,1210050.9405518777,0.23615646151565917,23.0
2022-11-20,btc,16246.8446992987,312146945942.7766,229629.0,1013890.0,0.7991844255120001,272422405.8222946,272380299.95734763,337029880.83002293,15129874.126221914,19.74182964,1175748.801787457,0.22648314905956268,24.0
2022-11-21,btc,15778.0174047341,303152194386.4471,269034.0,974239.0,0.7775926966040001,236949653.08915246,616966510.6739124,733208284.4978687,12721026.532566868,25.24633127,1141448.4360796486,0.2761478446253948,21.0
2022-11-22,btc,16172.8893445354,310751834009.5663,257097.0,931145.0,0.79805211183,231439196.90173662,528302417.20549256,472788159.0546408,12736150.358821627,27.46384387,1169244.5419027244,0.2761084471269244,22.0
2022-11-23,btc,16574.0617299825,318474713411.88574,270971.0,1057775.0,0.8174514450160001,258991483.1288546,640989537.8097856,1366685561.6275547,14605891.899547078,28.57745437,1203898.8433435296,0.25617073574247834,22.0
2022-11-24,btc,16583.5243445354,318669910367.0565,250821.0,988182.0,0.81837142484,236949653.08915246,410630215.1980694,404475705.30595046,13370466.502781667,27.10556514,1207017.3524488497,0.25382065247090113,20.0
2022-11-25,btc,16522.3887767388,317507827540.0432,262820.0,981465.0,0.816011276502,225928740.7143208,531421595.5469325,435595793.5968671,12701586.372117953,27.75268397,1205316.4902918434,0.2677833646640481,20.0
2022-11-26,btc,16448.6413077148,316101841086.0346,230269.0,892687.0,0.8127404356710001,200213272.3346683,302589906.8978748,275538537.90308994,11205636.890880708,23.45026892,1203481.622959645,0.2579504350349002,22.0
2022-11-27,btc,16436.0707688486,315874237356.33,223392.0,855437.0,0.812332752733,249807385.95646903,230763023.00380173,219343209.63742334,13970660.15352131,17.739806,1202605.4287513527,0.2611437195258096,26.0
2022-11-28,btc,16212.5814161309,311593224390.9654,259679.0,931505.0,0.8023498766620001,255317844.78890425,357749106.400355,433666845.8265063,14084680.10526372,22.74525336,1191219.1123153435,0.27877359756523046,28.0
2022-11-29,btc,16443.0368199883,316035861020.9537,271896.0,955669.0,0.814147810046,240623291.42910284,499476425.4916587,410405905.2056098,13462736.39636542,23.42829953,1208410.1852976743,0.28450854846186285,26.0
2022-11-30,btc,17176.8986914085,330155532207.7363,272102.0,946754.0,0.850801464317,253481024.29641938,651032699.813796,653997926.0628313,14815075.121339832,27.77862908,1260103.1546238267,0.2874051760013689,29.0
2022-12-01,btc,16961.2918042081,326027592017.76044,286994.0,1030232.0,0.840529289057,281033310.52353734,589834559.3639733,562717930.3324296,16219235.287773995,28.90736246,1245591.9255820846,0.2785722050955513,27.0
2022-12-02,btc,17075.1091370544,328228712887.5605,271522.0,970221.0,0.84670015577,229602379.05427116,459307971.87641716,453949234.25824773,13339929.01332375,29.29651241,1255700.4739277614,0.27985582666217285,27.0
2022-12-03,btc,16899.5073831093,324867019678.6778,249912.0,938854.0,0.8382323888940001,240623291.42910284,203826416.66117558,267594209.2687393,13836471.669920739,22.33636235,1243455.7272960003,0.26618835303465715,27.0
2022-12-04,btc,17121.7149824664,329153600280.1099,216703.0,842351.0,0.8496836172700001,257154662.63636974,175194413.25148198,200024777.04699066,14981500.6096581,16.59440938,1261066.7526474323,0.257259740891861,26.0
2022-12-05,btc,16961.3517866745,326086201568.41547,273083.0,960563.0,0.8446860044600001,268175577.6562208,420484110.76837844,410839583.9658164,15477233.505340481,21.4701627,1248388.638990652,0.28429473131902855,26.0
2022-12-06,btc,17070.5158281707,328199310631.1555,264624.0,941978.0,0.8503841969710001,230616963.69146737,481131909.5548795,444768460.92978394,14403247.730019027,22.77322737,1261915.8923755456,0.2809237583043341,25.0
2022-12-07,btc,16848.2518243717,323944154279.1225,266558.0,899850.0,0.839503933452,292794731.64825046,411934462.7929488,448390404.8488927,18111870.711199578,17.55649594,1250208.9995026186,0.29622492637661835,29.0
2022-12-08,btc,17231.4563223261,331330076551.5837,270258.0,905789.0,0.8589458821550001,284283257.4040977,444293485.5251259,437841177.13232976,17985332.536427867,15.35606054,1283014.0186670893,0.29836750059892536,25.0
2022-12-09,btc,17136.1490008767,329513766613.9268,268606.0,946767.0,0.854978591377,258748834.67163926,353646881.42783487,530471651.43712723,16279341.550832866,13.62308068,1277787.244320268,0.28370866327195604,26.0
2022-12-10,btc,17124.2146797195,329300761676.07544,231276.0,909506.0,0.8544154490820001,262153422.40825662,232874580.32470617,301185621.3457625,16482056.629230019,11.79191791,1279411.7815022871,0.2542874923310017,27.0
2022-12-11,btc,17094.3606592636,328742369908.81226,220885.0,781176.0,0.8532115075860001,250237357.97618175,232718945.66004968,243190742.66290686,15705443.855698433,8.2953374,1277961.7165495292,0.2827595829877006,26.0
2022-12-12,btc,17195.5249962011,330703233431.764,264207.0,905428.0,0.8585393918580001,243428180.05164233,446113086.1446554,540813731.9178009,15368500.465354733,12.76764782,1282140.1511992,0.2918034343978759,27.0
2022-12-13,btc,17774.9166320865,341864385936.1696,286344.0,974065.0,0.887729303381,280878667.2161756,617820936.6171783,1180248490.716806,18330382.776839204,13.21191779,1324472.5441652492,0.29396806167966205,27.0
2022-12-14,btc,17809.7240835769,342550310001.91003,279228.0,930586.0,0.890254354657,251939654.29579514,547376211.235614,719033716.8777502,16473994.777308632,15.26543356,1324503.9611978,0.30005609368720354,30.0
2022-12-15,btc,17344.0544569258,333608737800.18677,271326.0,897844.0,0.86728278142,236618999.6757982,471214682.51988935,447538602.71083367,15067647.309454288,20.30874976,1287015.419642072,0.30219726366718497,31.0
2022-12-16,btc,16606.1101750438,319428047892.88965,258839.0,893040.0,0.8309929519790001,221298345.05580127,455851344.7714658,679690916.4198656,13492464.517223088,17.2199916,1235190.750002715,0.2898403207023202,29.0
2022-12-17,btc,16774.3853702513,322679384960.55084,261183.0,967830.0,0.839657772493,234916703.3561848,290070861.3146808,396368516.7530621,14467907.381841747,16.77524318,1248059.231884735,0.26986454232664825,28.0
2022-12-18,btc,16776.1159254822,322727877320.70087,207910.0,783263.0,0.8398757748640001,246832767.78825966,201779861.95869753,207034060.95160332,15203355.057468243,11.2231636,1252003.0116885582,0.2654408544767211,26.0
2022-12-19,btc,16424.1313857393,315970590232.18774,262020.0,971140.0,0.8235360568510002,234239565.52880722,387397176.11010027,390711173.63995695,13960511.677878406,18.41970834,1226980.9100587345,0.2698066190250633,29.0
2022-12-20,btc,16901.8169362946,325175184915.4376,270300.0,950486.0,0.847633081501,246114014.59309366,412923953.05876565,393743820.67868257,14789089.819257775,18.15026627,1260416.3913193096,0.28438083254250984,29.0
2022-12-21,btc,16800.5329707773,323241590694.8657,268746.0,905699.0,0.843195618816,251387888.03406778,501942706.88522476,472760956.27359927,15015476.342632212,16.26894928,1253307.5925408106,0.29672772079907345,26.0
2022-12-22,btc,16814.2225791935,323519164532.47,276334.0,908585.0,0.844194325117,237324228.90008143,449231392.6865188,354683795.44445306,14187000.301194515,17.40724802,1249967.7945942385,0.3041366520468641,28.0
2022-12-23,btc,16780.5169798363,322884484946.6077,275188.0,891725.0,0.842886604017,232050357.99056575,408220260.05747974,331299680.9925598,13843926.508364948,17.67253814,1245390.1844157875,0.3086018671675685,27.0
2022-12-24,btc,16837.612170076,323992454902.6669,215536.0,758680.0,0.8459010113200001,156458196.4740352,193660043.99229223,227589196.1369674,9365921.769604774,17.35118092,1252205.0734085978,0.2840934254231033,29.0
2022-12-25,btc,16824.8389736996,323761497306.50684,196741.0,731599.0,0.8457065555510002,247871973.2505712,161806857.12478384,135245767.07357824,14826889.345572773,13.55381704,1255932.6578806029,0.26891917566863816,29.0
2022-12-26,btc,16879.9382273524,324835384948.265,227132.0,787672.0,0.8485910139080001,226776484.54959166,216077293.15510327,239436787.48248935,13609450.195802873,18.14874832,1265806.1751362677,0.28835860612031405,28.0
2022-12-27,btc,16698.9112708942,321363727065.9362,241695.0,867369.0,0.8399359586,202165083.59657398,328777275.787558,287299924.98652774,12002342.475955207,23.58239586,1257563.5851604128,0.27865303002528335,27.0
2022-12-28,btc,16536.2942001753,318251590263.80304,269982.0,904203.0,0.8329927784400001,295336819.0305875,434818772.9710529,358569511.94029295,17363108.910184067,20.58845622,1245754.2412731214,0.2985856052236058,28.0
2022-12-29,btc,16630.5931551724,320081089139.2205,266982.0,945186.0,0.838526883526,247871973.2505712,377733716.23103786,438647759.123393,14655710.217995677,20.28002828,1256430.6356682875,0.2824650386273178,28.0
2022-12-30,btc,16593.6888287551,319387194706.514,286348.0,1050756.0,0.8369652566070002,277757245.1131045,415299126.0407999,456668741.6847647,16386267.718395662,21.70292619,1251106.464959639,0.2725161693104774,28.0
2022-12-31,btc,16524.2178024547,318066160917.6291,243946.0,839910.0,0.8352460019390001,274241330.32960796,345787539.37654805,262846421.2190798,16111112.357393332,12.23102299,1246972.4790175294,0.29044302365729663,25.0
2023-01-01,btc,16606.7520432496,319670907154.7215,189355.0,719716.0,0.839542831106,272483374.20358884,264464464.7995658,155416552.99110574,16087791.04189805,7.11426538,1258081.2894232902,0.26309683263954114,26.0
2023-01-02,btc,16688.7192729398,321265002247.2439,228547.0,842261.0,0.8437800853910001,274241330.32960796,272892989.37885594,252650220.34598586,16271501.291116305,8.81160672,1272319.366373926,0.27134937982406876,27.0
2023-01-03,btc,16670.0773836937,320922182113.7682,273459.0,985169.0,0.843211245785,261567697.33085108,277760512.705053,314593960.3321817,16044949.481805187,13.06023335,1269375.4324184696,0.27757572558616844,26.0
2023-01-04,btc,16848.3660391584,324369544293.4295,279254.0,922281.0,0.8526953475030001,242356483.09554735,443586977.78010505,362544549.5666179,15058227.14749782,14.69062023,1280714.1774681644,0.30278624410564675,29.0
2023-01-05,btc,16824.8001826417,323932356386.7127,274976.0,922508.0,0.851818124476,266083690.58224788,307412832.334553,355074121.3006952,16509335.179217167,14.10142118,1278137.686207189,0.2980743798427764,29.0
2023-01-06,btc,16957.8622738165,326513313120.37085,273358.0,932794.0,0.8589985303180001,305064103.230472,319712265.07762265,371014028.9848622,19077595.058043562,13.0006234,1287459.2147340593,0.2930529141482471,26.0
2023-01-07,btc,16942.6285891292,326236304322.31104,250336.0,809225.0,0.858446501208,260999287.23473147,204043465.19556737,178645511.45151284,16307280.017036855,8.44708931,1282923.4693876426,0.30935277580401,25.0
2023-01-08,btc,17059.2399444769,328498009829.2725,229074.0,755503.0,0.864443193289,259304487.7459012,189357677.8155398,162236369.46156985,16312898.196906036,6.7613671,1290333.5886360777,0.303207267211381,25.0
2023-01-09,btc,17182.3198521333,330884397269.81604,286289.0,981056.0,0.870777665108,257609688.25707096,416887148.60608965,460699598.94225174,16323203.859526634,10.95318244,1295693.505836972,0.2918171847478635,25.0
2023-01-10,btc,17433.9146320865,335747837175.3695,306036.0,1146540.0,0.8839516409030002,286421296.6507751,414973098.18133426,450122082.65939367,18414572.330141366,11.08795813,1311127.2113870264,0.2669213459626354,26.0
2023-01-11,btc,17833.7107656341,343463621577.3181,288569.0,944957.0,0.9048861501280001,249135683.4913812,367851197.64863604,430001857.73361945,16384721.76592633,12.81217909,1339513.008590047,0.3053779166671076,26.0
2023-01-12,btc,18869.7044842198,363433875432.7606,310585.0,1034292.0,0.9569153959270001,255914886.32772788,619347324.4615531,589226936.8595736,17808283.606982436,16.41895379,1409688.7692163289,0.3002875396889853,30.0
2023-01-13,btc,19868.7247454705,382694927746.06995,320370.0,1072059.0,1.006737285894,269473292.0004212,815811002.4818592,827598316.8074863,19744545.21581131,16.70295439,1471852.821680181,0.2988361648006313,31.0
2023-01-14,btc,21010.9227200468,404717454271.446,303624.0,965948.0,1.063923229924,289810898.0689484,831942878.9309565,732681849.0571795,22455423.657050017,13.5821861,1547530.4327425607,0.31432747932600924,46.0
2023-01-15,btc,20876.0085561075,402139971938.0668,255156.0,807742.0,1.056945343653,281119760.7470869,336031006.5898011,317943033.3940364,21267433.716534514,8.06290171,1527817.3594222732,0.31588799393865863,52.0
2023-01-16,btc,21180.4119485681,408023232448.03577,303811.0,966312.0,1.071886746547,274688842.3501408,394565578.2778774,474760196.09180737,19459503.47774694,10.40742888,1541428.526130003,0.31440259460712483,45.0
2023-01-17,btc,21178.2993962595,408003184105.719,309004.0,988775.0,1.071274656024,291506526.6305745,420732865.37301606,512911016.99871457,20648841.91135301,13.20294079,1533345.6666156359,0.3125119466005916,51.0
2023-01-18,btc,20709.6686040327,398993060386.05273,294539.0,942079.0,1.047738862359,261608421.54211786,568177003.6733141,600734431.944855,18120960.028528612,15.88320858,1494310.8582872532,0.31264787772575336,52.0
2023-01-19,btc,21071.8334152542,405989633549.5902,298607.0,926693.0,1.066296173366,270951578.87773,689115062.7342128,456565773.6761329,19096349.032574117,16.083276,1515998.0336582728,0.322228612927906,45.0
2023-01-20,btc,22660.7169421391,436621242754.6415,303214.0,933005.0,1.145445917644,246659370.34330428,608468431.9999396,996529660.9540149,18695091.47726476,20.50014614,1624308.0036444392,0.3249864684540812,51.0
2023-01-21,btc,22803.172761543,439385714224.0637,286001.0,906764.0,1.152147571819,257871158.0697071,521385714.3197009,414017576.9233216,19667736.506830838,15.85744364,1619430.8533081897,0.31540841939027137,53.0
2023-01-22,btc,22716.2771966686,437732794648.68384,249747.0,863236.0,1.147415859687,282163369.29496235,345868740.29577994,287251333.13731366,21438486.60435599,13.65075731,1602160.0861181037,0.28931485711902655,53.0
2023-01-23,btc,22929.0248936295,441854991915.7521,296833.0,933346.0,1.1579463377649999,295243790.10298526,485779860.6097581,396947370.24767506,22642412.08245913,15.12028084,1602645.7740039614,0.3180310410073006,50.0
2023-01-24,btc,22611.1268787259,435747150905.5123,288416.0,908199.0,1.14168583391,241053473.78927338,402795715.38085884,500872754.4284507,18230221.045972757,16.97276058,1570984.2330601243,0.3175691671098515,52.0
2023-01-25,btc,23109.0845189947,445368746306.41675,306272.0,912032.0,1.166238508234,327010528.27306205,558001411.9994531,543061497.5339391,25275561.192650452,12.41888443,1598204.7382241741,0.33581277849900004,51.0
2023-01-26,btc,23008.6894766219,443456176561.5895,297461.0,892287.0,1.161820741319,289637896.2397839,423528496.1799234,507131288.78521514,22289667.930477466,12.02274123,1585149.5622055882,0.3333691962339472,54.0
2023-01-27,btc,23070.4964582116,444669613307.60205,305372.0,929064.0,1.165635900125,287769263.1581637,764115133.4652209,712579009.7680213,22205352.841028664,14.80757574,1585636.0931478862,0.3286877976113594,55.0
2023-01-28,btc,23008.8094649328,443504792891.1736,268374.0,857014.0,1.162375118008,313930107.46503913,263782795.3289777,289946900.3731712,24159249.93817944,11.23421149,1576577.801896578,0.3131500768948932,52.0
2023-01-29,btc,23774.9963679135,458297300768.152,258804.0,829895.0,1.200618353218,311438925.8972278,331506350.12252903,309133045.438986,23923590.09521296,8.48808802,1614923.5223053475,0.31185149928605427,55.0
2023-01-30,btc,22799.427261543,439511464587.8264,311188.0,957363.0,1.1513776820100001,269948141.5759668,606674656.7979547,545685883.0878648,19664506.01308084,11.69856926,1532785.7010068642,0.3250470302278237,61.0
2023-01-31,btc,23130.0519132087,445901640172.67395,312359.0,944348.0,1.167609671158,224956785.116114,491865956.009356,439097799.2737331,16624724.812618753,19.03050643,1547573.1376386879,0.3307668359545422,51.0
2023-02-01,btc,23727.2026075395,457433839815.1098,343824.0,1050528.0,1.196241930423,267991996.86764714,478322389.8730651,448445910.7892027,20316417.232705697,21.5658709,1574991.8951593626,0.3272868500411222,56.0
2023-02-02,btc,23505.6048430742,453182984739.08746,335421.0,983946.0,1.184795889398,283641162.98475456,549406479.5773382,606221596.8821092,21301954.389035992,21.48587931,1548843.5201986623,0.3408937075815136,60.0
2023-02-03,btc,23445.8131773816,452049702984.0979,317695.0,988867.0,1.181415746292,260167412.40066835,478549772.17467844,547089227.930912,19489332.203698456,25.22371902,1536654.2284794322,0.32127171803690485,60.0
2023-02-04,btc,23355.5243863238,450328730991.7746,302062.0,961115.0,1.1764377331840001,266035849.34247735,301211755.7226494,337362423.25221455,19852195.72837523,19.39341043,1521251.0790609065,0.3142828901848374,58.0
2023-02-05,btc,22957.2251905319,442670747793.2454,256347.0,802171.0,1.156408398602,297334187.21039253,294878998.66835153,241513617.10493004,21809363.931005307,14.39425249,1490477.4828956865,0.3195665263391471,58.0
2023-02-06,btc,22745.1650371128,438602754424.7974,304492.0,920525.0,1.145679319019,289509602.74341375,373185619.3048227,379789633.371217,21039277.65932934,18.8160648,1473555.0111983777,0.33078080443225333,56.0
2023-02-07,btc,23266.2692036821,448672031309.6344,303225.0,944049.0,1.171652534251,277772726.04294556,479914281.1128257,461911249.702505,20648813.918267865,22.11979398,1507892.9228787003,0.3211962514657608,54.0
2023-02-08,btc,22937.5799453536,442353295733.7822,315120.0,942153.0,1.154986688723,269948141.5759668,342039796.37842023,295407263.7693957,19783662.70286748,18.25106286,1481934.2413834038,0.3344679685783519,58.0
2023-02-09,btc,21818.1989456458,420788022144.04675,363668.0,1056974.0,1.099040577212,316895645.5609893,554217105.6052132,521358267.0652335,22090926.432466373,21.24740952,1400791.370263356,0.34406522771610276,55.0
2023-02-10,btc,21620.5667837522,416996331015.90515,302716.0,923753.0,1.089446116412,287553455.21824396,624716433.4662964,485608627.9485938,19863895.732572332,27.41138447,1391088.717409367,0.327702318693417,48.0
2023-02-11,btc,21864.8626414378,421728294573.3244,281958.0,896301.0,1.101770368949,289509602.74341375,301117899.1936395,250632951.46409917,20224997.943329964,22.29779204,1410515.4264090988,0.31457958877653824,49.0
2023-02-12,btc,21772.1373252484,419961857108.6628,256348.0,861493.0,1.097210551986,315851203.95835894,216786561.8934131,224481797.05143106,22044289.041814003,18.56710951,1404407.4210853851,0.2975624874491145,50.0
2023-02-13,btc,21798.7157168323,420495779524.61456,297879.0,957593.0,1.09866674955,303650130.99469703,534127111.2646506,582356024.8205203,21253747.82391149,24.3538902,1407189.8906350308,0.31107056964702123,48.0
2023-02-14,btc,22222.415043834,428690299515.88525,305330.0,913570.0,1.119923157609,299757180.2739148,426846412.7051273,441030566.8229084,21389074.479690224,26.33541292,1435243.0946219119,0.33421631621003317,50.0
2023-02-15,btc,24304.6129827586,468882522753.51,325059.0,993456.0,1.22364317031,317275457.11597276,720462041.1079464,544356653.0847687,24760324.476185326,35.35653619,1564097.6851818915,0.3272001980963425,53.0
2023-02-16,btc,23742.4488354763,458063860579.9492,341817.0,1118226.0,1.195012046683,348419062.8822308,744111717.3384652,621354011.8315365,26561864.63468911,31.1085191,1520183.1285850802,0.3056779219943017,62.0
2023-02-17,btc,24607.3356054939,474775525177.3805,322140.0,1050009.0,1.237767811543,321168407.83675504,640934234.2406237,606057779.884903,25376314.843165584,26.35534112,1572117.7740594118,0.3067973703082545,61.0
2023-02-18,btc,24636.5266127995,475364602543.9585,273988.0,1046593.0,1.239058645614,327007835.31939054,282442427.4393221,352935334.42980456,25868352.943439476,19.50432466,1576307.7756266897,0.2617903998975724,60.0
2023-02-19,btc,24366.9907606663,470188548638.2596,244509.0,928713.0,1.225347760367,315328983.1570438,272173794.4676657,308456853.9871858,24671578.14517463,15.93394346,1560111.7760368444,0.26327724496157584,60.0
2023-02-20,btc,24797.8430359439,478525110573.91046,267205.0,908106.0,1.246658143379,286131854.15263903,525899694.8677487,336513290.4223684,22783018.28927346,17.401071,1593367.228097909,0.29424428425756466,58.0
2023-02-21,btc,24400.3893898305,470880895681.7769,293613.0,1012926.0,1.226544841574,325061358.5575373,569789029.4022369,604231185.8699863,25467906.425635584,17.57164606,1566945.5206194057,0.28986618963280636,60.0
2023-02-22,btc,24163.7389812975,466335136342.2761,277803.0,931144.0,1.214898364016,272506528.0313633,453748169.1049923,501991458.97064894,21143271.608635314,18.22752541,1557086.936318928,0.2983459056816132,59.0
2023-02-23,btc,23910.0342104033,461464448220.81104,291650.0,1071298.0,1.20196788302,332847259.9991018,525226876.3318626,535953672.16814756,25553849.062368527,19.21187824,1541892.240396048,0.2722398436289436,56.0
2023-02-24,btc,23175.8242036821,447313723306.11865,298377.0,964247.0,1.1654474485669999,262774152.63086984,648172529.6678185,597365106.253034,19554601.671856772,18.83631124,1495859.0269297867,0.3094404234599641,53.0
2023-02-25,btc,23159.8154403857,447020226642.799,259206.0,811239.0,1.164771417267,228809606.14131212,298948537.6602939,269440816.8031267,15488126.575757938,15.71188021,1496516.1596941454,0.3195186621944951,52.0
2023-02-26,btc,23542.0964281122,454423557531.8094,271471.0,905055.0,1.183865293006,359556659.2106423,240802581.8285798,205931090.0914671,24719201.24951781,14.858320710000001,1519000.200668141,0.2999497268121827,51.0
2023-02-27,btc,23504.1894178843,453712418114.22455,296912.0,982682.0,1.181751158136,299630547.8012448,476020941.5862641,434291991.3093314,20566165.74064876,23.10896127,1519212.267402345,0.3021445391286296,50.0
2023-02-28,btc,23145.9491277031,446816954241.5268,335341.0,983627.0,1.165088210397,293209894.2181328,470728750.8785393,474235912.36240155,19818718.94059578,26.40999973,1492022.9126690663,0.34092293115174754,53.0
2023-03-01,btc,23610.6590902981,455812950761.41614,377754.0,1076257.0,1.188892073095,363837095.9600217,765458045.1645736,445805306.8900022,25086325.28344173,24.93559574,1515928.487100608,0.35098865791349093,50.0
2023-03-02,btc,23470.0254815897,453119084947.0604,330024.0,939444.0,1.181929202448,308191421.3000036,408940243.1264911,377819082.1165568,21123022.93343073,24.61035964,1507935.9624296124,0.35129715022928454,51.0
2023-03-03,btc,22350.0962340736,431520872630.53033,355066.0,1086253.0,1.126016843463,359556659.2106423,621091569.3618425,685964745.7840713,23467601.04577728,27.55528317,1429708.9169259844,0.32687228481762537,50.0
2023-03-04,btc,22334.2852638808,431236820216.1602,306924.0,905589.0,1.125231451633,325313168.29752123,266797460.9348052,278178770.3731469,21217571.00068676,20.07201795,1427946.285115542,0.3389219612870739,50.0
2023-03-05,btc,22419.8171390999,432910012445.1529,287178.0,995537.0,1.130220819242,331733821.88063323,336264192.4578858,280829088.42684656,21719197.85350303,17.3318967,1428279.0818682532,0.2884654211747027,47.0
2023-03-06,btc,22414.7033056692,432829758358.50635,318245.0,931807.0,1.130223291427,282508803.8856414,570915008.5418167,404277740.3469677,18492130.22717709,24.49760304,1425703.9192678405,0.34153531793601033,48.0
2023-03-07,btc,22174.6484725307,428217144455.89264,360867.0,1063023.0,1.122035533533,353136002.54561603,689200767.5711142,771701378.6146556,22867606.237297285,25.42310965,1401010.1279578751,0.33947242910078146,49.0
2023-03-08,btc,21701.3846227352,419095929575.5075,290018.0,885079.0,1.098460296734,284649020.71937394,558167366.040581,789177045.6118397,18039275.967648637,26.4980701,1375201.601407303,0.32767470474387034,50.0
2023-03-09,btc,20349.8141732905,393011644658.6809,339133.0,929904.0,1.031092147146,288929457.4687534,629686694.8031121,530204557.10792863,17170155.70871386,45.45094152,1293328.548775701,0.36469678590478155,44.0
2023-03-10,btc,20240.406694623,390915883867.3412,322995.0,979055.0,1.026171253096,291688415.56457573,722356895.6623806,889796039.2252018,17204345.69042955,43.24846249,1283373.0319101438,0.3299048572347825,34.0
2023-03-11,btc,20585.2343290473,397596985986.3719,323403.0,982511.0,1.043781214381,357219694.88274616,744219782.1770753,968568122.7376972,21228522.90183003,27.14724538,1298994.6749097211,0.3291596735303727,33.0
2023-03-12,btc,22065.9800359439,426219300507.4272,263955.0,886609.0,1.118453254664,348559825.8912209,564223606.9192145,535741862.62139624,22203892.41116855,21.43266206,1391272.1391656757,0.29771297155792464,33.0
2023-03-13,btc,24154.4290946815,466582802785.169,335201.0,999918.0,1.222477139001,339899953.782142,1721269976.1197007,1135576879.3035676,23701533.549156222,26.19495361,1516429.4201940123,0.33522848873607636,49.0
2023-03-14,btc,24769.0175691409,478477196465.5578,327923.0,1024780.0,1.252017069531,316085307.0409517,1459779742.5767672,1086403301.5414217,22601728.53184107,37.56809492,1551019.6085214538,0.3199935595932786,56.0
2023-03-15,btc,24409.8017518995,471560444512.56,343857.0,1006730.0,1.233259096934,318250273.5094446,787535592.5640281,682169712.8946791,22426505.359557666,33.32870071,1525279.044697433,0.34155831255649477,50.0
2023-03-16,btc,25043.2388468732,483818462449.39844,295146.0,879957.0,1.264318230866,290105693.8312686,680089647.9542696,692784719.7945437,20973712.534256306,33.35299825,1573410.917076794,0.3354095711494994,52.0
2023-03-17,btc,27450.6282933957,530352818442.7366,339244.0,1085422.0,1.381709504388,318250273.5094446,1409166363.636579,1002825655.8450296,25220264.7445573,43.16289184,1721324.3474906506,0.31254571954502486,51.0
2023-03-18,btc,26985.7359915254,521398305888.9551,293458.0,955447.0,1.357927080335,350724792.3597138,633206200.2282413,537428772.1961234,27323057.691419467,34.22495221,1688450.7848040254,0.3071421020736891,64.0
2023-03-19,btc,28185.2043319696,544599611414.5251,271293.0,845573.0,1.41718434858,320415243.0954912,792215879.7993821,489923164.91120565,26071314.00707188,28.41228189,1758137.724838325,0.32083924155572613,63.0
2023-03-20,btc,27834.3361090006,537846862752.96356,337263.0,1014355.0,1.398348824456,333405048.1415559,982673460.3381182,903332859.2894416,26790548.504913077,29.31887864,1722424.9091973049,0.3324901045491963,66.0
2023-03-21,btc,28172.7950558153,544412485046.96814,331907.0,990544.0,1.413889214116,313920337.45490515,756080794.3802772,789211817.0392063,25531595.519332614,29.69900996,1735848.2827092046,0.33507547367910967,68.0
2023-03-22,btc,27341.5571297487,528376772923.25397,296448.0,940276.0,1.371700451034,344229889.8366814,941944401.809611,1046199104.5175573,27170672.39768777,35.43585315,1681149.3436558074,0.3152776418838724,62.0
2023-03-23,btc,28387.8897495617,548629664659.69635,292159.0,902932.0,1.421886913625,398970829.72571325,819083915.5510443,733465920.7821567,32468648.901061196,38.85922915,1745487.508643734,0.32356700172327485,57.0
2023-03-24,btc,27464.1249453536,530804620773.4184,294570.0,893101.0,1.375231386162,377232885.49311525,576804824.3701365,712357698.7850165,27807426.50717052,44.41177294,1689507.24933937,0.32982831728998174,61.0
2023-03-25,btc,27488.954880187,531309425740.7959,287422.0,898042.0,1.376280144651,337646717.00662136,370999244.34759074,367089930.381604,24911865.36016947,30.02596854,1685707.1445413828,0.3200540731947949,64.0
2023-03-26,btc,28049.3916911163,542166852116.8292,266890.0,851151.0,1.403671575252,335318120.4383247,328147581.65792567,319129961.2678885,25244452.52200467,22.08619822,1721048.3122989894,0.3135636332448649,64.0
2023-03-27,btc,27154.9963702513,524904198224.35614,295339.0,1057595.0,1.357098415255,344632513.417874,519876486.62948793,641458341.048372,25118371.642482452,24.65912588,1666547.1390971506,0.27925529148681677,64.0
2023-03-28,btc,27283.9634029807,527419972348.99316,317587.0,982699.0,1.363066939643,312032141.34263265,736696066.3894857,781275887.0788515,22850319.349996336,26.77974016,1677912.4948654345,0.3231783079050655,59.0
2023-03-29,btc,28389.2917784921,548812901630.88776,328588.0,977852.0,1.417071461284,342303913.496396,650163136.3752136,758390223.2470303,26082661.821489617,27.22157982,1755779.2962062783,0.33603040132862644,57.0
2023-03-30,btc,28021.5583009936,541731139042.2273,331354.0,1021839.0,1.420441511641,360932699.4554946,806902387.4311134,1186781701.4312968,27145884.60408755,27.69532638,1732859.769782023,0.3242722190090611,60.0
2023-03-31,btc,28514.6813062537,551289644886.5579,308895.0,1043754.0,1.443820674085,328332327.3802533,658136411.6205544,673636285.885488,25128562.901136074,33.43660245,1772785.757086857,0.295946171224254,63.0
2023-04-01,btc,28494.5638863238,550925636746.9945,316521.0,1038858.0,1.442211549223,326003727.4587754,380364312.77957106,341705098.96696496,24932743.400533326,30.71648204,1769664.718554682,0.30468167930554513,61.0
2023-04-02,btc,28161.9980362361,544521897457.76996,342161.0,1012005.0,1.425206305097,346961109.98617065,303630654.34487075,284801865.42217135,26225860.671244867,24.14681689,1738131.298855766,0.3381020844758672,63.0
2023-04-03,btc,27850.9799436002,538531058881.4758,336905.0,985157.0,1.409099995135,305046344.9313801,548227402.3429476,512256450.887278,22802989.828822665,28.41745704,1715359.3331394866,0.3419810243443431,63.0
2023-04-04,btc,28113.9585187025,543644520583.24554,419443.0,1108155.0,1.4219430768,377232885.49311525,412965771.56934834,439050162.3725404,28465383.00018628,33.1947129,1720184.473041245,0.378505714453303,62.0
2023-04-05,btc,28190.3116063705,545145463891.8711,345029.0,964688.0,1.424960408187,323675130.8904787,611939372.0805023,497220026.2243526,24490333.20803437,32.47502967,1714276.7765430456,0.3576586419650706,62.0
2023-04-06,btc,28049.0744763296,542442263241.96606,352346.0,1022873.0,1.41726242259,375586794.88083017,439322958.00758094,368325398.8478012,28049074.4763296,32.29154074,1703248.737204936,0.34446700616792114,63.0
2023-04-07,btc,27936.8042609585,540295858608.64746,351639.0,956362.0,1.411891341659,338032941.7856073,360401746.4302405,368453753.7893497,24793913.78160067,26.9726815,1691077.0578139115,0.36768399413611164,64.0
2023-04-08,btc,27964.0512498539,540848505456.9017,325340.0,885739.0,1.413111240664,349935509.4099869,282939879.94023895,305981847.94112206,25691972.08580327,22.02735161,1692440.3406697703,0.36730910572979175,61.0
2023-04-09,btc,28357.8072703098,548489957869.89294,277152.0,936112.0,1.432780320048,347554997.25628686,242434396.18463367,201656439.30427247,25876499.13415769,17.05816287,1713824.541278172,0.29606713726562633,61.0
2023-04-10,btc,29687.5651846873,574232641225.8342,292988.0,947327.0,1.498410626119,292803183.44178885,614825319.7533286,534273014.27045983,22822315.73572836,22.0618439,1802752.9678739866,0.30927863346025186,62.0
2023-04-11,btc,30247.0959193454,585084494471.6055,375758.0,1146146.0,1.524007596955,366599104.7697063,759329953.6564515,736093402.4686859,29112829.822369948,30.45382908,1827022.4487448062,0.32784479464221833,68.0
2023-04-12,btc,29913.0035463472,578651893926.3026,344791.0,1056542.0,1.506773205338,380882187.97572565,990992250.4508189,659612982.9488745,29913003.5463472,25.31904837,1806747.400311127,0.32633913275572574,65.0
2023-04-13,btc,30370.82207218,587535115392.9287,326572.0,1009669.0,1.5285895398670002,338032941.7856073,583221967.8465761,580249427.0116746,26954104.58905975,25.25492416,1828077.5519717503,0.3234446140269732,61.0
2023-04-14,btc,30458.9700414962,589267023015.4194,316304.0,1016042.0,1.531450017782,333271914.0502675,708991504.5736698,768455495.3903222,26651598.786309175,28.18661616,1838152.0042209479,0.3113099655329209,68.0
2023-04-15,btc,30342.0591084161,587035196990.9066,275326.0,1045660.0,1.5252864783339999,376121160.2403859,376399724.400215,405003114.96687055,29962783.369560897,20.78379991,1834896.6136092346,0.26330355947439893,68.0
2023-04-16,btc,30312.9308533022,586495138075.4222,235578.0,840992.0,1.523487449103,295183695.5954889,348493625.0593914,290464364.55095184,23492521.411309205,15.97357635,1840546.7065419776,0.28011919257258094,68.0
2023-04-17,btc,29469.5050727645,570205069298.4104,316549.0,984242.0,1.481199761253,368979620.3513461,643764794.0704929,512926801.57685626,28548583.03924061,21.00255235,1793589.0053840547,0.32161704133739466,69.0
2023-04-18,btc,30366.8723813559,587599723277.2472,313000.0,1149264.0,1.524898878521,395165271.18174505,569164847.7035385,560189049.1448973,31505630.095656745,20.06773389,1852238.3345971736,0.2723482159016553,58.0
2023-04-19,btc,28796.7440952659,557242719709.999,298359.0,985732.0,1.4455570310380002,330891401.89656746,610535107.5658308,593528294.2450166,25017171.43276225,21.31312735,1756168.8334634248,0.30267760405465177,63.0
2023-04-20,btc,28251.2763790181,546710916057.3361,297440.0,951443.0,1.418296444501,319518832.8346639,659550117.2511418,529883663.4828497,23483873.490058795,21.23186653,1721953.9741864384,0.3126198836924545,52.0
2023-04-21,btc,27292.0211052016,528172405706.8923,352999.0,1015546.0,1.370138666353,351118489.414672,942688415.7581484,694468539.8992074,24733394.12658895,23.64163868,1652701.4826648694,0.34759528371929976,50.0
2023-04-22,btc,27827.5475920514,538562166443.69836,356615.0,914896.0,1.396814023725,360804517.52650416,370963646.4375477,319425821.1110612,25914403.695097867,16.20035622,1672281.028379979,0.3897874731116979,53.0
2023-04-23,btc,27604.6855742256,534274354377.7351,434101.0,840711.0,1.3853754807360001,355961503.4705881,257309987.1309924,300256528.4471163,25361804.87131977,13.71348298,1628764.807412059,0.5163498514947467,56.0
2023-04-24,btc,27520.1996729982,532663425806.69855,358615.0,998948.0,1.381178300296,341432464.7898097,491228707.79230505,483972288.4034642,24252175.961829662,21.47546548,1612743.1332210805,0.3589926602786131,53.0
2023-04-25,btc,28302.6942180012,547831002433.11847,373152.0,895988.0,1.420027669157,302688355.8294509,487152935.67783517,454717652.9117882,22111479.857813437,26.31098275,1648759.6165889166,0.416469863435671,53.0
2023-04-26,btc,28384.2340333139,549432360964.4667,433927.0,893248.0,1.423548393886,314795889.2257562,651062423.2617638,606628771.3148848,23062190.152067542,33.61225273,1635066.069860869,0.4857855825034033,56.0
2023-04-27,btc,29465.5514272355,570387314623.2343,419005.0,892914.0,1.477024680925,314795889.2257562,538997278.1804926,465986566.4257211,23940760.534628842,41.97388701,1681759.384179089,0.46925571779589076,59.0
2023-04-28,btc,29350.811886616,568193179248.3893,484327.0,957827.0,1.470212541775,355961503.4705881,495827278.5208494,603837663.6148226,26966058.42082845,46.24499578,1644903.269576565,0.5056518557108955,64.0
2023-04-29,btc,29221.5145075979,565715172681.3684,487346.0,803633.0,1.463534273428,331746436.67797756,293685136.94291925,369095254.9794479,25020921.7971307,42.30656248,1609306.0858880756,0.606428556318618,64.0
2023-04-30,btc,29362.0867974868,568463747930.4902,561448.0,767567.0,1.470402257877,358383012.2420311,328175757.9896214,268849830.0065735,27159930.28767529,47.3982445,1581882.281893312,0.7314644845335977,60.0
2023-05-01,btc,28114.9531873174,544350638079.246,685711.0,929691.0,1.408272273073,440714244.2186647,501805363.2170383,434246214.7187333,31980759.250573542,70.11933593,1464030.6243882722,0.737568719069024,63.0
2023-05-02,btc,28690.5809959088,555518848523.076,460621.0,820724.0,1.436592482997,312374380.4543132,408929237.01612103,568699382.9037391,23131780.92795147,117.72660266,1488181.3248905265,0.561237395275391,55.0
2023-05-03,btc,29045.0427735243,562407679427.0454,488518.0,953701.0,1.45181633614,341432464.7898097,486821058.3867684,404779408.2307999,25595943.94416829,120.52415795,1486232.3529501904,0.5122339181777098,64.0
2023-05-04,btc,28855.8574465225,558770759439.337,490738.0,914598.0,1.442232154866,351712781.63476974,523611351.9175263,543081951.5676574,26330969.91995178,117.34406712,1457583.3173607362,0.5365614182405822,64.0
2023-05-05,btc,29552.9695236704,572291761122.6547,411057.0,822037.0,1.476466635695,283977798.86046904,448854808.98858213,622948235.6045598,21980021.08322986,136.47256109,1484635.3181999535,0.5000468348748293,61.0
2023-05-06,btc,28899.4629602572,559663552176.2677,603617.0,764917.0,1.4438431733930002,355568839.3482855,323130841.6173442,321254926.70457244,26912624.881739516,182.12939172,1415383.4717264795,0.7891274478145995,60.0
2023-05-07,btc,28761.738434249,557021382195.3126,614264.0,549932.0,1.429877064919,331705160.33113664,185087393.99777967,235707643.33112404,24986760.26475382,421.85480697,1367076.2801621105,1.1169817359237142,64.0
2023-05-08,btc,27727.2854091175,537011131120.99445,573864.0,696710.0,1.378067479397,326932423.8404329,561951846.0862803,560241369.0156007,23741488.13155686,628.25025955,1286297.99982821,0.8236769961677025,60.0
2023-05-09,btc,27642.4281092928,535393735937.8805,592036.0,772112.0,1.3740904355430001,360341575.83898926,567524736.2286081,501079132.6839447,26087541.52814508,438.71869318,1259127.8096420134,0.7667747684273785,51.0
2023-05-10,btc,27646.004902104,535492387106.5491,672910.0,891517.0,1.3744369234290001,405682570.78249,459309114.1083244,465784338.48670894,29373880.2084855,329.34611728,1225583.4612201108,0.7547921127695826,52.0
2023-05-11,btc,26986.271065751,522739066994.56793,544837.0,831417.0,1.341912915639,360341575.83898926,588541728.4421669,420038091.1116759,25468293.318302505,193.29433194,1175424.3144738902,0.6553113539896346,52.0
2023-05-12,btc,26773.3443591467,518638152372.56696,508450.0,809188.0,1.331264514159,336477896.8218404,608812736.0088099,681686887.0316225,23594009.71649803,171.43509235,1148481.2867054988,0.6283459468009907,49.0
2023-05-13,btc,26841.3982913501,519980779846.8074,581550.0,705679.0,1.334669775407,346023366.366878,244815880.2482707,227347002.77166802,24325017.20153603,111.46703675,1124227.7278248004,0.8240999094489138,48.0
2023-05-14,btc,26918.261597896,521499075810.70135,626942.0,835319.0,1.338338944895,415228040.3275276,262835336.5556367,196542820.64083588,29273609.4877119,84.1081243,1094436.8394223743,0.7505420085021411,48.0
2023-05-15,btc,27231.6216052016,527594953250.6773,526691.0,817441.0,1.352469393563,350796102.85758173,833528385.3294346,1258012464.7531297,25019052.34977897,91.45107633,1090060.9564997826,0.644316837545462,50.0
2023-05-16,btc,27025.7181864407,523631551804.15106,564700.0,814467.0,1.341803499909,365114312.329693,667672724.2313561,504762420.7918555,25843343.01578392,113.38686311,1062145.2762793708,0.6933368693882012,54.0
2023-05-17,btc,27401.0440610754,530931006408.4277,579967.0,841652.0,1.360182926857,381818888.3289712,551638370.018312,498792080.04547536,27401044.0610754,92.75284431,1055420.330218533,0.6890817107308008,50.0
2023-05-18,btc,26843.2350938048,520146384933.02924,478050.0,814709.0,1.332798511609,345151895.57295674,548524223.1971943,476869770.9064612,23655600.92641548,107.84467322,1020891.6000569196,0.5867739278687237,51.0
2023-05-19,btc,26889.503631502,521068147947.558,513521.0,904374.0,1.335285312277,369469366.9436957,407385820.0619743,396627832.42738676,25208909.654533125,117.73843376,1011321.3348230574,0.5678192871533237,48.0
2023-05-20,btc,27100.8582878434,525185993610.3449,423450.0,719434.0,1.3456685046630001,322669911.9767492,242322344.48796257,203744830.0522274,22188827.723171785,81.55654324,1014613.037789207,0.5885876953271599,48.0
2023-05-21,btc,26777.0977831677,518937128063.5794,487763.0,775828.0,1.329584607553,371932494.472369,251676734.75775564,205409995.11375096,25270886.03286452,71.58644729,998842.5568779367,0.628699918023067,52.0
2023-05-22,btc,26858.7370637054,520543460954.9754,506455.0,817592.0,1.331796174941,354690591.130938,434075697.7237378,378652328.47689253,24172863.35733486,70.67962286,991854.3198807663,0.6194471080930342,49.0
2023-05-23,btc,27226.8558763881,527704099086.7753,514901.0,859507.0,1.349756710174,379321880.60529494,526799444.6782221,512993288.9758598,26205848.781023547,70.22130147,995891.851608017,0.5990655108102668,50.0
2023-05-24,btc,26341.4306446522,510566222468.4846,398061.0,859470.0,1.306148991112,347301204.99801207,552949559.546096,555174851.0963625,23213385.755599752,65.28136252,965883.8866221805,0.463147055743656,50.0
2023-05-25,btc,26484.8359234366,513370789092.2958,466257.0,923963.0,1.312302574122,371932494.472369,519604938.02420866,416376205.84194976,24995063.90274329,91.38298565,968098.8519291474,0.5046273497964745,51.0
2023-05-26,btc,26720.3838071303,517962100400.9786,533103.0,963216.0,1.323951129649,376858753.0766216,565591476.3611298,681154243.8750808,25551367.01556835,98.62111763,973558.8550278891,0.5534615288782578,49.0
2023-05-27,btc,26854.5403702513,520586999345.351,469559.0,877266.0,1.330559181986,357153718.6596113,304479345.520262,273345391.2506131,24336927.21054024,60.90225342,979662.330500321,0.5352527055647888,48.0
2023-05-28,btc,28097.5211259497,544710821944.3064,499561.0,863880.0,1.391560954233,394100656.4180527,436374195.90633464,406914957.09703165,28097521.1259497,62.65696259,1029340.9256892772,0.5782759179515673,50.0
2023-05-29,btc,27765.0728693746,538293946912.9947,548854.0,912071.0,1.374801000798,399026915.02230525,523297983.0507005,598456163.9424638,28112136.280241784,71.08123836,1026697.9280844148,0.6017667484219978,52.0
2023-05-30,btc,27712.4915844535,537301203182.37537,511408.0,959148.0,1.371662586882,379321880.60529494,857272103.2029439,706061360.6434221,26673273.150036495,81.20036503,1021271.3259327359,0.533189872678669,51.0
2023-05-31,btc,27217.6832580362,527731641093.47815,421021.0,925966.0,1.347122513076,350148490.60783935,791335849.3827635,650365962.632174,23985583.371144403,69.18941323,1007699.2723961325,0.4546830013197029,51.0
2023-06-01,btc,26825.3713451198,520147121316.7269,351891.0,919298.0,1.32755818548,336187210.7165766,635293218.6769458,464631461.960231,22130931.359723836,68.57090256,1002711.1946147301,0.3827822969265679,52.0
2023-06-02,btc,27255.2279941555,528510029107.58826,485798.0,982760.0,1.348499664123,417687139.47589916,834502786.121017,933592985.2831856,27936608.694009386,75.16251214,1013616.9097389469,0.49432007814725876,50.0
2023-06-03,btc,27079.4084643483,525122689418.9404,380045.0,873884.0,1.339845350422,331093464.7106818,546894421.3981935,456777820.9992955,22002019.377282992,44.31612452,1022782.9978424552,0.4348918163051389,53.0
2023-06-04,btc,27158.25456955,526676790956.7274,357474.0,879948.0,1.343716524322,376937175.09623784,576390613.7264328,586507105.7360628,25121385.47683375,37.20531165,1044466.7366843758,0.40624445989990315,52.0
2023-06-05,btc,25785.8514842198,500084181918.0878,363110.0,884289.0,1.2764177656340001,351468445.06676406,839723570.5917908,1132357325.3984764,22240296.905139577,59.73421051,1006757.9542028455,0.41062367619635665,53.0
2023-06-06,btc,27213.7705187025,527802559981.0705,468063.0,1032895.0,1.3462357416000001,384577792.2713316,871850010.9890054,936276612.3416545,25682995.927025486,84.66791356,1072116.3239894784,0.45315641957798225,44.0
2023-06-07,btc,26339.5790292227,510870113654.0006,429649.0,1004588.0,1.303228127244,343827827.8916703,737788768.0930606,1008087769.8209076,22224019.805906653,95.95116093,1056363.990741395,0.4276867730850856,53.0
2023-06-08,btc,26521.693600526,514427849387.03986,403263.0,964762.0,1.312170481703,392218409.4464253,736913882.8916149,753108988.1293192,25527130.090506274,68.67556866,1074959.4022277838,0.41799220947757065,50.0
2023-06-09,btc,26470.6775780245,513466277051.1745,387748.0,1020140.0,1.309627647538,430421502.65688765,669341596.3575736,668571439.054759,27959653.19178838,73.27203881,1082702.970808318,0.3800929284215892,50.0
2023-06-10,btc,25863.2138506721,501707862683.3152,364874.0,943047.0,1.279906228962,392218409.4464253,834814552.0884708,882032273.2873442,24893343.331271898,48.84567222,1075457.6365193606,0.3869096662202414,49.0
2023-06-11,btc,25906.8281516657,502580307777.01587,401105.0,872589.0,1.282204028842,415140264.63920337,1100769618.4421365,1272247698.9802935,26392581.17950943,34.90257256,1096281.8393087722,0.4596723084980443,47.0
2023-06-12,btc,25906.7519354179,502604249932.6571,371500.0,985947.0,1.282415132209,399859030.2890159,965570684.3215721,936500863.5767441,25421000.336628813,43.08791976,1109750.9207259181,0.3767951015622544,47.0
2023-06-13,btc,25880.8599734074,502125710654.51587,405497.0,933842.0,1.2812885268810001,374390300.25954205,851740350.184654,818132920.5305417,23778040.10056805,36.80791731,1122790.152005618,0.434224419120151,45.0
2023-06-14,btc,25097.5853796026,486948042919.9203,333934.0,828183.0,1.242758133707,312665624.1002991,796211270.5057794,642818474.1895621,18980048.943324465,39.78289137,1110674.4549597946,0.40321281649104124,46.0
2023-06-15,btc,25559.1433293396,495926918719.66205,421465.0,919869.0,1.265794710232,385148460.99591213,951325191.003643,1064013246.4603227,23642207.57963913,41.37895146,1136392.398286202,0.45817937119307206,41.0
2023-06-16,btc,26331.8200943892,510944432248.73267,521861.0,958674.0,1.303742036635,398160232.46596813,1063745976.3348023,1126650194.3911202,25179802.96525967,46.1581138,1170005.741319852,0.5443571015798906,47.0
2023-06-17,btc,26514.1713495032,514505988281.2529,468094.0,863600.0,1.312806147734,364329623.6459102,712508872.860221,689236448.4344027,23199899.9308153,39.28847808,1173875.413542636,0.5420264011116257,47.0
2023-06-18,btc,26353.962682934,511422019499.6096,442763.0,883864.0,1.304485514887,392955523.1284677,862860949.2499743,809773814.253865,24871552.282018963,30.15374909,1171133.459563488,0.5009401898934678,49.0
2023-06-19,btc,26778.0634415547,519675836338.162,412858.0,920552.0,1.326002267293,369534332.9834107,856428680.9802121,897075910.3729647,23765531.304379795,31.79587272,1199214.0098098987,0.4484896018910393,47.0
2023-06-20,btc,28305.4204573349,549340968935.672,446312.0,951926.0,1.401058308786,353920204.97090924,1200312259.884165,1298077088.847566,24059607.388734665,37.17888373,1274876.4149206553,0.4688515703951778,49.0
2023-06-21,btc,30099.5153509643,584182850882.5013,363604.0,920555.0,1.4876881595290001,314884890.5607413,1791847181.8378477,1820154900.2424061,22762758.484166753,44.78397315,1359618.247786016,0.3949834610642493,59.0
2023-06-22,btc,29952.5112866745,581355386790.9049,390860.0,1000988.0,1.479224774259,356522561.5133547,1331878044.920246,1536318026.8900058,25646837.78921504,43.16091265,1361570.703452329,0.3904742114790587,65.0
2023-06-23,btc,30638.3537644652,594691002089.5459,373178.0,948738.0,1.511461032551,325294309.2357423,1363635352.6575825,1339420773.1090717,23936213.878488436,40.52455082,1411687.6116600947,0.39334147045865137,65.0
2023-06-24,btc,30549.0162872589,592984835953.4076,360123.0,1011110.0,1.506266238891,379943751.6584117,1089905381.74988,1052595940.8138927,27875977.362123746,33.37934742,1420819.7003259747,0.3561659957868086,62.0
2023-06-25,btc,30467.4403705435,591430505950.9973,384437.0,944147.0,1.501725462895,398160232.46596813,1049011558.9532341,993848540.4568249,29134489.854332224,29.23850439,1431194.8966166375,0.407179178666034,64.0
2023-06-26,btc,30255.8861241964,587351447287.8134,405162.0,998904.0,1.490477217783,379943751.6584117,1037700045.499439,955549889.204597,27608496.088329215,32.30150761,1439196.7202220103,0.4056065447730713,55.0
2023-06-27,btc,30667.0762948568,595360633206.1908,433747.0,978594.0,1.508993136561,364329623.6459102,1078793904.3595793,1100739124.8929987,26833691.7579997,32.23411074,1468804.0647811347,0.4432348859690536,59.0
2023-06-28,btc,30104.0432717709,584450413633.0168,331234.0,826245.0,1.480047953676,280122385.0259662,909876060.0450349,940497563.3217518,20320229.20844536,29.98089028,1453385.587927694,0.4008907769487259,62.0
2023-06-29,btc,30460.792978083,591404272513.048,435226.0,970467.0,1.4974352167,367574940.7040657,1242720945.5816686,1297883729.989557,27795473.59250074,36.69134371,1459873.3129100194,0.4484706847321959,54.0
2023-06-30,btc,30484.503257744,591894717187.0422,446825.0,1067040.0,1.4974041194310002,397786578.4244695,1485772608.9008744,1420472076.4476504,30103446.9670222,34.93018253,1466121.3688873076,0.4187518743439796,56.0
2023-07-01,btc,30581.6889655172,593807120118.1417,320180.0,918349.0,1.5000714043880001,334845664.3921468,1067961137.2464523,1568140045.562506,25421028.952586174,24.75834121,1478689.3876429538,0.34864740964491714,59.0
2023-07-02,btc,30594.2164736996,594083065323.3347,307552.0,997177.0,1.500295120753,430515854.7363883,812089739.2080618,743451699.1102014,32697568.856266446,23.64493796,1485974.0013290222,0.3084226772177858,63.0
2023-07-03,btc,31135.3575993571,604617684181.0029,333178.0,977874.0,1.525922363387,344916211.5074136,978251919.1445062,1025329074.819045,26659649.944449518,26.1342694,1516378.7508485164,0.34071669765225376,62.0
2023-07-04,btc,30799.9474558738,598131495142.3197,377184.0,963366.0,1.5091483912260002,354986758.6226805,1032064424.57331,1023773875.9816047,27142453.695488784,22.50517052,1512422.761075104,0.39152720772790406,64.0
2023-07-05,btc,30497.8221282876,592293990836.9595,494320.0,964759.0,1.494037535141,392751304.8668361,1075915303.8416293,932749731.7183135,29735376.57508041,21.04819217,1488966.3018733622,0.5123766660896659,61.0
2023-07-06,btc,29979.7298094681,582258236308.4534,393611.0,973154.0,1.470491737414,349951485.0650471,1095076736.4361298,1086529381.3771129,26044890.271975413,19.70489609,1465006.9854078898,0.4044693851127365,56.0
2023-07-07,btc,30329.8829786674,589091989840.958,558253.0,1021136.0,1.487208780434,440586401.8516551,969501233.8176913,1080107056.6798732,33173309.507917468,19.08289802,1459834.2937523082,0.5466979912567963,55.0
2023-07-08,btc,30263.6196341321,587838636815.4672,574664.0,1009931.0,1.483788128844,448139310.3754069,823911899.023036,721101231.6773714,33668276.84297196,14.70995944,1430173.9741357216,0.5690131306000112,58.0
2023-07-09,btc,30163.2210563998,585920361083.212,593770.0,978223.0,1.478660537861,425480581.17875487,773496312.5236406,749967182.4530892,31859902.24082229,13.15021111,1402035.7672258085,0.6069883860837457,55.0
2023-07-10,btc,30394.6555806546,590445229947.0142,508406.0,925790.0,1.489525354536,387716031.3092027,1077502900.3661854,1119026365.4010975,29254855.996380053,16.37074541,1396523.9292435783,0.5491590965553743,56.0
2023-07-11,btc,30616.247094097,594775689277.017,430012.0,937945.0,1.499536522954,339880937.9497802,1054897931.0990657,1133448356.3959382,25832458.485644344,17.24335656,1403859.2111126152,0.45846185010848184,57.0
2023-07-12,btc,30385.6087852133,590322472174.5057,477324.0,942309.0,1.487755265888,383801277.4233714,1346846837.0567837,1007768790.544624,27347047.90669197,19.11805263,1376707.458709982,0.5065472154038644,64.0
2023-07-13,btc,31434.7354704851,610728166020.4672,373263.0,874515.0,1.538500113181,321592672.2254732,1321040252.7004912,1193035227.613018,23576051.602863826,20.1111651,1430037.3991081854,0.4268228675322893,57.0
2023-07-14,btc,30310.6720204559,588915499105.7461,421261.0,996373.0,1.483457241083,369831573.2522498,1292919346.3603623,1225776097.4636307,26142954.617643215,22.50903409,1390661.7457705014,0.42279447556286653,60.0
2023-07-15,btc,30290.8905958504,588557285440.3251,489697.0,914738.0,1.482403144167,369831573.2522498,656513729.4250947,696249493.7720021,26125893.13892097,16.40395616,1387288.3612404796,0.5353412671169231,56.0
2023-07-16,btc,30249.7729658095,587787667157.1555,591972.0,927843.0,1.480253300626,415390537.04825526,689281357.6327257,679846117.8906131,29304467.560627952,15.66311247,1368287.5985319144,0.6380088010579376,57.0
2023-07-17,btc,30143.7462744009,585753069498.2948,440009.0,931087.0,1.4753996768670001,364471694.9315955,803666503.9120829,794356663.3954933,25622184.333240766,16.93365016,1360480.3592784305,0.4725756024947185,54.0
2023-07-18,btc,29835.7474076563,579798246310.3221,569852.0,1028951.0,1.4598558054200002,434150109.24098927,1048074567.5633272,1046191039.7050512,30208694.250252005,19.36949376,1332989.4789128003,0.5538184034030775,56.0
2023-07-19,btc,29913.0294646406,581327738448.3727,482668.0,969285.0,1.463037215762,396630964.85552126,1056402950.7524126,1039806159.9533406,27669552.254792556,18.29762503,1323566.3547469336,0.4979629314391536,50.0
2023-07-20,btc,29805.6065707189,579263933757.5835,398519.0,901211.0,1.457534391178,343032185.5080904,849882119.9347205,845629627.8390981,23844485.25657512,22.80385089,1318046.6257600964,0.44220387900280844,56.0
2023-07-21,btc,29919.6934921099,581502126093.2744,322339.0,855163.0,1.463442609814,300153162.8019681,695401723.8372062,687450653.1248277,20943785.44447693,22.86784569,1328628.4128792505,0.3769328186556247,50.0
2023-07-22,btc,29726.0096271186,577762692312.1979,288229.0,923147.0,1.453936935337,359111820.4700533,536732442.2613235,564666041.5136054,24895533.062711827,46.73618948,1327874.5907779827,0.31222438029912897,52.0
2023-07-23,btc,30066.5724482759,584409586208.3058,560423.0,894084.0,1.470319604139,393951023.7656381,600648103.4070201,589327255.8050841,27623663.436853483,25.38302437,1324025.1878675546,0.6268124695218794,54.0
2023-07-24,btc,29178.3597042665,567172583835.5378,530301.0,938461.0,1.427138509577,401990843.1761756,927268775.8621706,961191136.6314224,27354712.222749844,25.58701826,1272092.9331647973,0.5650751602890264,55.0
2023-07-25,btc,29221.2548533022,568031588349.4269,463976.0,940528.0,1.4292385515100001,369831573.2522498,789776371.0094199,712749920.4693509,25203332.31097315,17.98811877,1270942.087273958,0.49331439361720225,50.0
2023-07-26,btc,29361.5917580362,570786020995.8512,451236.0,1015337.0,1.436080716187,380796719.35454816,930691007.3020767,1006930999.435666,26425432.58223258,18.98471384,1264974.85706582,0.44441993151042464,51.0
2023-07-27,btc,29201.6865175336,567702667641.671,413776.0,943734.0,1.429632064392,358973120.0187306,1067170918.1156282,864851754.6619195,25186454.62137273,21.10706484,1260281.197986711,0.43844557894491454,51.0
2023-07-28,btc,29316.3130751023,569956745528.741,448372.0,948590.0,1.440164978549,364175629.4388057,923857987.0442667,872559690.2518774,25651773.940714512,20.12541898,1265130.004335916,0.4726720711793293,52.0
2023-07-29,btc,29360.376179135,570837626124.9584,423912.0,889450.0,1.442211649973,343365595.50431174,580905069.8278558,579898222.4491282,24222310.347786374,16.21877802,1256750.6092310667,0.47660014615773794,52.0
2023-07-30,btc,29262.8367337814,568971946350.4606,645339.0,1010937.0,1.4373844157920002,437010757.5740507,562143318.461607,540688562.260673,30725978.57047047,16.71427319,1220234.2225182839,0.6383572863590906,52.0
2023-07-31,btc,29219.8201887785,568161304123.1444,446746.0,922082.0,1.435482408871,366776886.0217465,719240959.6124932,763312557.7441633,25749966.541361053,16.96807157,1207987.8691406208,0.48449704039337066,50.0
2023-08-01,btc,29499.5875385739,573626834711.752,405391.0,983005.0,1.4490240309470002,361574376.6016714,991518442.2991308,844126473.0768316,25627766.674136076,18.12183216,1217001.687796255,0.4123997334703282,53.0
2023-08-02,btc,29143.1519620105,566723906311.3193,393762.0,1069904.0,1.432048628755,400593191.63352495,846921824.3359314,1040367562.8333988,28050283.763435107,20.81580007,1211588.059472246,0.36803488911154647,53.0
2023-08-03,btc,29192.3448617767,567708072135.62,476666.0,1030326.0,1.434367776395,392789429.37631553,746280083.1613512,798202141.4254638,27550275.46330176,23.72671173,1206043.9746380015,0.46263609770111597,52.0
2023-08-04,btc,29057.2532437171,565102898970.0576,318338.0,912508.0,1.427652983063,314751795.5668019,678493082.8014365,696895123.643467,21974547.765561055,22.59171409,1222767.271565692,0.34886050314079436,54.0
2023-08-05,btc,29053.0956975453,565050006983.1484,499440.0,992041.0,1.427408392655,400593191.63352495,695423381.3740139,619263670.5100077,27963604.608887352,20.81766167,1229801.8985876453,0.5034469341488911,50.0
2023-08-06,btc,29048.0433275862,564981518319.1797,611086.0,973822.0,1.427044043698,426605738.7339005,632608980.712539,614249367.3282944,29774244.410775855,16.64993155,1227999.9761639915,0.6275130362633007,49.0
2023-08-07,btc,29164.3585873758,567270450866.943,423178.0,952272.0,1.432710437146,379783157.699031,1122855797.1153345,942793907.4464515,26612477.21098042,23.12665591,1241186.5781856766,0.4443877379572223,49.0
2023-08-08,btc,29779.511383986,579258937400.4265,332667.0,874562.0,1.46267267691,325156814.40695214,857933795.8277384,1186774721.721069,23265243.268739063,29.38265824,1277132.2635697594,0.3803812651361482,54.0
2023-08-09,btc,29582.9442375804,575465345987.597,508817.0,1057273.0,1.452750656477,421665740.3548995,892273524.3995882,862800215.7135954,29952731.040550154,27.17564446,1265629.7435129206,0.4812541320926572,50.0
2023-08-10,btc,29430.1599117475,572516652889.1099,355773.0,947623.0,1.445222004734,330756211.7722732,775522208.169451,824350964.6751641,23360189.429949578,24.31199329,1260876.813314651,0.3754372783269296,53.0
2023-08-11,btc,29399.784739626,571953498583.0272,502936.0,954168.0,1.443460117805,393261324.2234607,787879979.1135216,730657940.0963038,27746046.848022036,23.21368145,1251596.1148852294,0.5270937612663598,51.0
2023-08-12,btc,29415.733902104,572294481733.854,512116.0,926800.0,1.444002195989,434931397.94081676,719627653.894859,634291194.1085294,30702672.26032105,19.17837525,1250151.8772819594,0.5525636599050496,54.0
2023-08-13,btc,29286.1176110462,569797456814.3981,497535.0,860881.0,1.437480909277,351591250.5061046,551710882.8346087,514469464.5489839,24710161.73432023,13.43891192,1253935.762683844,0.5779370203314976,54.0
2023-08-14,btc,29408.9717127411,572219165382.1079,563322.0,1007719.0,1.4433119367540002,445348917.30773246,804196425.624728,1141414509.0452604,31430838.51799205,18.25523533,1247177.7128004336,0.5590070247757559,50.0
2023-08-15,btc,29167.59721654,567553842371.7332,581895.0,1073564.0,1.43140313407,445348917.30773246,834903032.1689364,870508533.1876655,31172869.525177125,18.48854049,1235850.8952737525,0.542021714588045,53.0
2023-08-16,btc,28754.2924079486,559540898713.4391,574119.0,947796.0,1.411251226179,424513878.57390106,784369082.5800291,751429624.8251747,29293435.390597638,17.70460549,1209798.6344449187,0.6057411088462075,52.0
2023-08-17,btc,26660.5627264757,518824196992.35803,492845.0,1050502.0,1.309597789983,406283221.55695194,1127433169.7398996,1040142200.9467963,25994048.658313807,19.28958526,1113652.3851395259,0.46915189119106865,50.0
2023-08-18,btc,26037.3658474576,506719180176.8718,424283.0,1016460.0,1.279955274829,362008769.87302023,951762443.737999,1014166637.4918222,22619961.57997879,22.19901506,1079234.7551730324,0.41741239202723174,37.0
2023-08-19,btc,26093.981808007,507843828672.9706,521811.0,878361.0,1.282875825078,364613147.83959585,530295889.0710548,593541469.0596708,22832234.082006127,16.18581762,1062747.5616772731,0.5940735073620071,39.0
2023-08-20,btc,26176.4721642315,509475768372.07227,611930.0,929724.0,1.287026193244,421909500.6073255,484378750.42173547,505425957.9307308,26503678.066284392,14.99649274,1062074.1758831153,0.658184579509618,37.0
2023-08-21,btc,26128.9050160725,508576908784.2399,551541.0,1002377.0,1.285209423972,429722638.2573589,700207001.7166302,847780696.2173408,26945433.297824766,16.62197553,1058526.4761051163,0.550233095930972,38.0
2023-08-22,btc,25978.2096914085,505666970507.7364,422819.0,922178.0,1.278234400958,381739775.69656736,872625590.0097282,846136815.5546036,23218024.91169635,18.99703565,1055699.6431100555,0.4585004196586776,37.0
2023-08-23,btc,26452.1935882525,514916563795.6459,409372.0,937656.0,1.301640510691,392623891.4787874,1054928471.8199363,1148566387.047946,23476321.809574094,19.28594877,1078376.4757268075,0.436590817954559,37.0
2023-08-24,btc,26126.7943331385,508605062140.85895,401881.0,946410.0,1.286264498958,384329021.8498855,662689898.7894454,694511538.4697555,22697652.576914072,17.57725267,1066106.9680713133,0.4246373136378525,41.0
2023-08-25,btc,26040.881255114,506954581484.7794,425953.0,922155.0,1.282530939849,373269193.02365756,531838391.9390811,641050761.7851198,21971993.559002437,18.09762134,1064433.8061030025,0.46191041636167457,39.0
2023-08-26,btc,26006.1740800701,506301182375.61084,499325.0,917123.0,1.280910484603,378799107.4367715,430677908.616843,349799928.63977826,22267786.556060024,15.91879958,1057084.0067179084,0.5444471461297994,38.0
2023-08-27,btc,26086.3612594974,507881219035.4736,411227.0,808508.0,1.284719699038,320735012.0713819,415200119.06160086,443393935.2098906,18912611.913135614,13.37690497,1079222.7394196228,0.5086245281431971,38.0
2023-08-28,btc,26103.2765730567,508229798236.0635,326485.0,873786.0,1.285785965076,326264922.5029578,637465438.2160416,627635100.975131,19251166.472629316,17.00914621,1089910.7863339758,0.3736441188116999,39.0
2023-08-29,btc,27672.2221306254,538804434657.6906,509039.0,1060996.0,1.3631929159,436863202.80216116,1103612950.5409732,1282520632.9937384,27326319.35399258,21.45713915,1146378.389323302,0.4797746645604696,39.0
2023-08-30,btc,27298.997779661,531558900196.0871,406652.0,877649.0,1.344866297954,348384580.15541375,748850483.8959785,776066187.8015928,21497960.751483038,19.21714908,1129855.8857390317,0.46334240681639244,49.0
2023-08-31,btc,25954.8665935126,505409690842.3523,433684.0,968985.0,1.279294333561,398153805.89190143,726853245.0269765,620560676.2459128,23359379.93416134,26.42577133,1077791.0872810998,0.4475652357879637,52.0
2023-09-01,btc,25802.7885298071,502472681320.6064,418665.0,1051172.0,1.272142442172,417508504.3470313,966772067.1953701,673612452.3821607,24351381.67500545,26.37716664,1063402.4164489845,0.3982840106091106,40.0
2023-09-02,btc,25868.2960976037,503772923101.216,545957.0,955720.0,1.275429178013,420273463.5443573,482307766.9850559,484256487.0645945,24574881.292723514,22.88599511,1062418.7901836857,0.571252040346545,39.0
2023-09-03,btc,25962.5475689655,505634064276.93616,627700.0,864433.0,1.2801787382260001,436863202.80216116,465521492.91899323,484595577.97193253,25638015.724353433,19.8807008,1065011.09899233,0.7261407188295681,40.0
2023-09-04,btc,25799.5256870251,502483154477.9834,575666.0,920027.0,1.272295663234,411978589.9339173,655031014.2256775,554385716.244862,24025808.296042126,22.36632643,1046371.6071552453,0.6257055499458168,40.0
2023-09-05,btc,25782.3622200468,502168852413.6942,453308.0,940913.0,1.271797475869,342854665.74229974,572924998.5624917,617589315.100762,19981330.72053627,24.78939204,1036418.1024110464,0.48177461678178535,40.0
2023-09-06,btc,25754.7902676797,501653557916.83704,485735.0,1001123.0,1.2706663041669999,364053703.2546238,709643605.5979337,635257554.1963723,21730604.288354747,30.19120183,1037119.1254000928,0.4851901314823453,42.0
2023-09-07,btc,26210.6045637054,510555856977.819,541513.0,1003310.0,1.2931534154020001,393005454.3704645,674146390.8484808,700192454.5692831,23917176.664381176,31.6635359,1041243.8666184583,0.5397265052675644,41.0
2023-09-08,btc,25904.6982127411,504618646366.032,408954.0,986937.0,1.278230950625,358011817.1993768,616123405.5273647,783138692.2396268,21533280.389341038,35.92386033,1036228.6813587594,0.4143668744813499,46.0
2023-09-09,btc,25894.6205976037,504446774367.6367,599142.0,1116330.0,1.277871761676,406464544.3974311,514183263.35432523,483852290.8793512,24438048.188988492,32.39406251,1029306.3103508762,0.5367068877482465,41.0
2023-09-10,btc,25831.4647802455,503240183985.3009,557602.0,1049360.0,1.274805713565,395697270.82537055,519957777.48943114,504061754.7961148,23732658.266850553,47.01068378,1022369.0788513941,0.5313734085537851,40.0
2023-09-11,btc,25135.0393781414,489697629060.51953,463598.0,1120614.0,1.240998802155,427999091.5415522,758221842.100989,859952906.2638748,24977945.382028017,32.55413594,1002107.2311449726,0.41369998947005837,40.0
2023-09-12,btc,25859.7018068381,503838775481.52295,461193.0,1042537.0,1.276849786407,379546364.3434979,869573168.3772601,859776809.9528196,22788862.217276074,31.24632215,1040221.7042990965,0.442375666283307,30.0
2023-09-13,btc,26226.8667524839,511016547221.9484,513232.0,1049105.0,1.294929881704,395697270.82537055,634482331.3931302,694438978.594581,24095933.828844585,31.1587501,1059798.8759899596,0.48920937370425266,41.0
2023-09-14,btc,26556.056943308,517457530984.23016,574875.0,1131002.0,1.31072461763,436074544.78248847,914681914.3242486,849757315.9304928,26888007.65509935,30.66265456,1066675.9478446478,0.508288225838681,45.0
2023-09-15,btc,26672.6160818235,519760082134.1451,708663.0,1234300.0,1.316247721823,506061819.12466383,787567472.3218884,860136495.8541253,31340323.896142613,32.48141046,1049450.817511309,0.5741416187312647,45.0
2023-09-16,btc,26555.6361031561,517506259356.3879,591563.0,1053706.0,1.31045230781,417231817.9694916,468594599.7987049,522929041.8194162,25725772.474932473,26.79341153,1039670.6889725251,0.5614118169584306,43.0
2023-09-17,btc,26502.4321189363,516494120490.5542,616879.0,1039207.0,1.30778359727,401080907.6114008,463238537.3432786,471995554.7448311,24680389.91075943,28.47698957,1037268.9759542303,0.5936055088158567,46.0
2023-09-18,btc,26764.6319064874,521630111130.5716,625728.0,1125172.0,1.320321096515,419923634.42439765,762075581.4816847,753947484.3840661,26095516.108825214,47.13931592,1042038.8039202624,0.5561176424582197,46.0
2023-09-19,btc,27215.0504848042,530432200788.9904,491377.0,1035954.0,1.3414912821240002,386415687.751435,710377552.779763,722679373.0093273,23643075.108673647,47.46467706,1054464.7046476593,0.474323184234049,46.0
2023-09-20,btc,27133.4037235535,528865632041.9488,561350.0,1062056.0,1.337531751739,414558854.2037332,662903642.9225196,762922876.4686092,24759230.89774257,46.88357485,1040127.4049346374,0.5285502836008648,47.0
2023-09-21,btc,26571.5952919345,517938166731.53284,427398.0,1078476.0,1.3100462763860001,391843298.7563836,606927318.6686344,645188064.0642239,22918000.939293507,47.40174793,1016813.7627058468,0.3962981095545937,47.0
2023-09-22,btc,26581.1476116306,518145793262.0893,433758.0,978848.0,1.3105295190750001,366288300.9225151,666808026.5995288,553522217.267134,21431050.26187717,46.51538172,1016665.0136730789,0.44313110922226945,43.0
2023-09-23,btc,26575.776386616,518067003459.20776,639336.0,1090192.0,1.310250960634,442953294.4241206,389308169.9821582,432369884.70536935,25911381.9769506,51.01066827,1006633.9518379774,0.5864434888533396,47.0
2023-09-24,btc,26286.6410488019,512454598334.41113,428059.0,1061159.0,1.296058458113,414558854.2037332,502083720.7653034,480783941.1851191,23986559.957031734,36.89212181,994567.017150108,0.4033881821668572,44.0
2023-09-25,btc,26288.8095005845,512520696246.095,294377.0,1104115.0,1.2961878074620001,411719407.7284147,809377067.556415,832663368.2515947,23824233.609904703,33.09262149,996913.9634698693,0.26661806061868554,47.0
2023-09-26,btc,26194.5378880772,510705063524.1078,305251.0,1027673.0,1.291644411828,386164409.8945462,716713168.7474055,633065623.7642415,22265357.20486562,27.92949222,1007647.4620865808,0.29703125410514825,46.0
2023-09-27,btc,26336.0825973115,513490549820.4746,341149.0,1072094.0,1.298711354638,445792740.8994391,730663781.5798781,692067300.2823977,25842281.04861191,32.21248616,1017841.4649097539,0.3182081048863253,44.0
2023-09-28,btc,27033.4254415546,527111733520.92126,376671.0,1045920.0,1.332826815107,414558854.2037332,887219903.0889817,859792774.4817817,24668000.715418573,28.92334807,1049075.5782454223,0.3601336622303809,46.0
2023-09-29,btc,26911.2514739918,524754246922.81,323661.0,1050872.0,1.326653306014,417398296.5902521,629263195.2840594,672850032.6847655,24724712.291729968,28.55654353,1051484.1574714975,0.30799279074901603,48.0
2023-09-30,btc,26977.6933126826,526073093616.72375,280334.0,1019753.0,1.329742814001,391843298.7563836,636562308.7846076,633906251.2285973,23268260.482188743,21.83615353,1074552.7614144618,0.2749038247497188,47.0
2023-10-01,btc,27950.1453594389,545060830633.9652,320190.0,921731.0,1.377331393995,400361634.09353954,615114009.4814659,519806608.0424025,24631065.59800553,18.71006696,1138885.3137466195,0.3473790075412458,48.0
2023-10-02,btc,27565.8892954413,537594432787.1499,340200.0,1027085.0,1.35843524556,445792740.8994391,1237507240.3946235,1120093444.689736,27049028.871151775,27.28232358,1143375.188303997,0.3312286714342046,50.0
2023-10-03,btc,27439.1422393337,535150716312.2905,309334.0,1077556.0,1.351957092666,466801496.99817747,723259103.5535903,721873873.9885828,28125120.795317043,28.93640904,1150762.5884116695,0.28706999914621606,50.0
2023-10-04,btc,27797.251176505,542157740802.6998,293693.0,904067.0,1.369035570095,373280258.5727724,896808261.2610899,807800545.9462042,22758999.400763467,27.11856417,1183281.789689954,0.3248575603356831,49.0
2023-10-05,btc,27426.3450926359,534947755956.13696,321037.0,946720.0,1.350981968888,401774937.148881,761455476.8469597,780533994.3600444,24169466.612885386,26.00778363,1187961.5829612727,0.33910448707115093,48.0
2023-10-06,btc,27941.9633760959,545032774162.6376,293272.0,915218.0,1.37581058469,455914820.2886373,735590490.5614884,853583420.3034046,27941963.3760959,42.82945856,1221565.1131539803,0.32043950184546194,50.0
2023-10-07,btc,27972.7515704266,545663221045.6799,242646.0,853582.0,1.376921632645,487258964.67074007,570478571.5416805,598710257.4015411,29895878.240893427,41.1264569,1258901.936144878,0.28426794379450365,49.0
2023-10-08,btc,27936.3261157218,544978512422.1076,243277.0,786381.0,1.375035048808,421721210.10054034,638451368.8305748,635540720.6729802,25841101.657042664,15.31061253,1290751.817110936,0.3093627643597696,50.0
2023-10-09,btc,27591.3467618352,538275597960.0022,280007.0,942188.0,1.357643501831,444516948.8581938,754244212.5224401,737485630.778102,26901563.09278932,19.70971948,1294986.7932304102,0.2971880346597494,50.0
2023-10-10,btc,27419.7971803039,534956624501.66693,283755.0,903210.0,1.349224905545,461613756.003859,785196807.8492708,811698441.5462734,27762544.6450577,17.03734574,1306927.090768357,0.3141628192779088,50.0
2023-10-11,btc,26828.1725710111,523440934621.2323,265623.0,867301.0,1.3202674350580001,455914820.2886373,956424372.673659,771668569.857064,26828172.5710111,22.00138682,1307031.2150131057,0.30626391529584307,47.0
2023-10-12,btc,26741.3405990649,521774344475.74725,272350.0,911879.0,1.316151935393,470162157.5250749,869530257.5958058,765334449.685024,27577007.492785677,25.07718826,1338994.1034694654,0.2986690120070755,45.0
2023-10-13,btc,26842.4467703098,523770269515.9214,278419.0,917035.0,1.321220609655,393226531.5244317,685257655.8359313,669430672.7236603,23151610.339392204,21.77493596,1399293.553122131,0.30360782303837913,44.0
2023-10-14,btc,26861.9892375804,524176108562.7522,258882.0,806946.0,1.321559699731,416022274.3853186,491745137.1555899,524512028.7923634,24511565.179292116,13.23541991,1446286.1882180346,0.3208170063424318,47.0
2023-10-15,btc,27130.3067092344,529440285566.39777,258142.0,795940.0,1.334644980263,475861093.2402966,563249222.7597411,566580976.045695,28317257.627763405,11.62376556,1514343.654817694,0.32432344146543707,45.0
2023-10-16,btc,28506.7936741671,556327162174.4191,298000.0,1018543.0,1.401484702482,417078811.4760414,1179742559.5782075,1295112842.9913073,25121611.925359756,20.61911313,1646364.9014816321,0.2925747857478771,47.0
2023-10-17,btc,28433.2051522501,554919826688.8004,294069.0,917408.0,1.397569787083,491483968.44434166,904928180.61231,1036308377.6420692,28788620.216653228,19.4977668,1677175.3697320463,0.3205433133349611,52.0
2023-10-18,btc,28328.0750195792,552893715020.0322,275052.0,932487.0,1.392147247637,439908488.33259135,807385018.0289675,880859246.6183103,25672317.98649365,19.34632265,1724339.9456758467,0.2949660424220391,50.0
2023-10-19,btc,28690.358041204,559989684490.2711,282274.0,918882.0,1.410163206398,424739231.01810473,840640839.6475987,1020001690.1816227,25104063.2860535,18.98760843,1775165.2038712436,0.3071928713371249,52.0
2023-10-20,btc,29704.9853673291,579818457347.6527,293330.0,952627.0,1.458847579295,406536123.98821926,1256620966.27068,1289044975.7316375,24877925.24513812,19.74396406,1867716.1063567414,0.30791694965605637,53.0
2023-10-21,btc,29922.5464044418,584093133773.0231,268430.0,871252.0,1.469157536053,455077750.01582444,804332238.132493,724857062.3684404,28052387.25416419,15.66483321,1965347.4963894235,0.3080968537231478,63.0
2023-10-22,btc,29984.1593196961,585324500584.1046,247456.0,795000.0,1.471860430263,464179303.53076714,653284654.9499042,650283805.3476466,28672352.349459395,12.19512069,2013183.3417482616,0.31126540880503145,53.0
2023-10-23,btc,32954.1690482174,643334765892.806,312741.0,1071672.0,1.6135006059850001,476314711.12985504,1536091387.416661,1465539021.7076192,32336278.378563322,17.92860465,2207725.524236442,0.29182529729245515,53.0
2023-10-24,btc,33880.9566537113,661454292586.7697,372695.0,1021188.0,1.654397557736,382265308.79004353,1999902871.738786,1808848633.7007751,26681253.364797648,38.68234,2251296.991101712,0.3649621813025613,66.0
2023-10-25,btc,34488.6589210988,673349438741.3811,477890.0,1090466.0,1.6816017813770001,436874638.61719257,1302720057.3082342,1196245776.3238711,31039793.02898892,40.77740706,2254312.43936503,0.4382438333703206,72.0
2023-10-26,btc,34181.4922521917,667384425419.413,429794.0,1099370.0,1.6636629180990001,455077750.01582444,1024594172.8768414,1052631980.9046465,32045148.986429717,29.39355894,2220239.557897819,0.3909457234597997,71.0
2023-10-27,btc,33896.938528346,661861216442.4817,456280.0,1052994.0,1.648793504518,467213153.24616593,1255967815.7596738,1255101616.0802088,32625803.333533026,24.58743349,2167708.6459822645,0.4333168090226535,70.0
2023-10-28,btc,34091.5890327294,665695994028.7043,564578.0,1018571.0,1.6573894555300002,485416264.64479774,818596440.2265388,846941925.8424554,34091589.0327294,19.08509768,2110110.9505998273,0.554284384691887,65.0
2023-10-29,btc,34574.3377206312,675152083745.6385,403706.0,909920.0,1.679987904494,415637677.503162,830057146.2355795,735057333.5704021,29604276.673290465,13.73259444,2120040.653542931,0.4436719711623,72.0
2023-10-30,btc,34495.1050207481,673638496021.2749,461480.0,1097494.0,1.674700476949,482896145.81756824,1203417338.317165,1233969636.1894634,33632727.3952294,18.07698576,2086903.6805726283,0.4204852144977558,68.0
2023-10-31,btc,34636.4264736996,676431849484.7964,437895.0,1044499.0,1.679986208289,481286783.3729944,1144210483.0209033,1180604565.2091975,33554038.146396488,18.48037298,2066167.863606342,0.4192392716508106,66.0
2023-11-01,btc,35431.9794532437,692001591886.2858,461955.0,1053031.0,1.715331297044,462656325.7712219,1319046258.536958,1437062573.7743638,32996030.865833197,22.00127002,2075626.3444985477,0.43869078878019735,66.0
2023-11-02,btc,34882.9173366452,681309570415.5433,410238.0,1062991.0,1.687432786238,447130946.6720661,1594923565.5660942,1241546746.8440173,31394625.60298068,22.37939039,2024213.7369687275,0.38592800879781675,72.0
2023-11-03,btc,34708.2218804792,677927038798.8893,450384.0,990903.0,1.677473281454,422290336.5363693,1090183285.4729223,1273708876.1064837,29501988.59840732,34.20912183,1981136.3793872115,0.45451875713364476,65.0
2023-11-04,btc,35091.0763062537,685441863797.9694,704138.0,1118816.0,1.695198047921,521652772.6078469,787129727.246383,771638506.1329587,36845630.121566385,80.0624722,1911050.2792380583,0.6293599662500358,68.0
2023-11-05,btc,35105.0420265926,685750422606.9633,666535.0,1144443.0,1.69531363252,506127389.0373817,888262389.0282677,852211983.265218,35763261.564591214,71.51637093,1834591.2519637188,0.5824099583815009,70.0
2023-11-06,btc,35017.7151484512,684072353457.0869,439013.0,993108.0,1.690062847822,394344652.3693652,1092058087.785498,989278837.853318,27795311.39908314,74.5464002,1802714.2037196467,0.4420596752820439,74.0
2023-11-07,btc,35418.4768901227,691930690430.0776,449873.0,961106.0,1.707693280842,412975109.97113776,1295985672.2701926,1144782780.188082,29441608.914914493,89.49898293,1795353.6061107975,0.46807844296050594,68.0
2023-11-08,btc,35797.8946090006,699376281704.5089,585167.0,1004807.0,1.7244775030000001,462656325.7712219,934256327.3134236,1204566487.068975,33336789.354631808,119.51921842,1762482.972616492,0.5823675591431986,66.0
2023-11-09,btc,36675.3264333723,716551269713.5323,571031.0,989778.0,1.7622009643640002,444025872.64075875,1248074501.5192785,1410810246.3163142,32778572.999826495,249.59381306,1758493.2514239214,0.5769283617134348,69.0
2023-11-10,btc,37367.4943722969,730110600644.3364,526138.0,1127201.0,1.792853668717,478181704.8703776,2161343408.432581,1036713965.3471786,35966213.333335765,160.99446622,1753693.5493619477,0.4667650223873116,70.0
2023-11-11,btc,36979.9312405026,722575118046.0164,628048.0,1073475.0,1.773581111946,496812162.47215015,919900379.728959,928722269.6050589,36979931.2405026,114.30174463,1682317.0444062627,0.5850606674584876,70.0
2023-11-12,btc,37053.3410514319,724046805388.679,706503.0,1008655.0,1.7764983663140002,506634196.247056,864661180.7548031,857721928.3466172,37284924.43300335,116.39942802,1625155.0680151416,0.7004406858638484,73.0
2023-11-13,btc,36543.2680870836,714107277954.3351,418873.0,963722.0,1.7512217148790001,389037995.74489516,1015981428.8550377,1037730383.5316815,27635846.49085697,106.92014619,1587463.6981554765,0.43464090266695166,72.0
2023-11-14,btc,35590.6835645821,695523122553.6345,525384.0,957065.0,1.705402061503,443696223.8353265,1290509663.3066409,1124236012.0750496,30696964.57445206,101.92946784,1518268.3484396376,0.5489533103812175,69.0
2023-11-15,btc,37840.5534894798,739525714298.6049,569166.0,961281.0,1.810152914492,475848126.7972334,1462800534.7842221,1220534592.9476302,35002511.977768816,136.59745993,1578136.4142247548,0.5920911783339107,60.0
2023-11-16,btc,36160.4044509059,706723664687.0618,628280.0,933700.0,1.729237075753,475848126.7972334,961436199.8577396,1002054101.1993964,33448374.117087957,321.64013904,1469388.961301609,0.6728927921173825,70.0
2023-11-17,btc,36569.7120534775,714757510003.9954,532945.0,1014052.0,1.747806543208,482278507.3896148,1080753817.8898292,1220373154.8898916,34284105.05013516,242.06018465,1460113.1512046352,0.5255598332235428,63.0
2023-11-18,btc,36577.4249617183,714942322047.2709,629610.0,860889.0,1.74769689693,479063314.77848727,569458347.4584733,519066775.32681906,34062726.995600164,316.01896346,1422993.6954817644,0.7313486407655342,69.0
2023-11-19,btc,37442.7285119813,731895327518.4427,712264.0,962703.0,1.78814575059,546582308.683555,807058205.8323103,787489706.747052,39782899.04398013,201.48893355,1410144.3327373674,0.739858502570367,66.0
2023-11-20,btc,37516.0503708358,733367477325.5004,630519.0,1064908.0,1.789732455017,533721547.49879223,1250968995.806306,1423822890.2646198,38922902.25974214,177.65265045,1382744.8590288123,0.5920877672061812,69.0
2023-11-21,btc,36035.0330862069,704450637687.3756,530112.0,1007505.0,1.717720966087,488708887.9819962,1229734697.4664054,1477443501.0159936,34233281.43189655,169.72756871,1314291.1798889707,0.5261631455923296,71.0
2023-11-22,btc,37403.0347168323,731226964175.8768,536770.0,979014.0,1.7806550974350002,456556985.02008927,1323543081.0454032,1764339572.1887314,33195193.311188668,155.51005219,1358916.254665315,0.5482761227112176,62.0
2023-11-23,btc,37311.7192156634,729476032042.607,586979.0,970303.0,1.7755708342140002,472632934.1861059,1015838469.5111058,1237065978.5692768,34280142.02939075,219.47823037,1341665.2235722153,0.6049440226403505,66.0
2023-11-24,btc,37718.7841630625,737474104744.7794,624489.0,1136807.0,1.7936646055710002,540151928.0911736,1464559055.5076709,1665663229.6772957,39604723.37121563,96.61399822,1341552.5597399275,0.5493359910697242,66.0
2023-11-25,btc,37800.1260932203,739102058354.1208,612626.0,1032695.0,1.7969383115120001,511704247.8625202,969349618.3172592,988413449.5861254,37563875.30513767,92.38812809,1340330.0164497017,0.5932303342225923,73.0
2023-11-26,btc,37482.7055260082,732929768941.7416,578192.0,983533.0,1.7812471300230002,493217212.10255015,946760633.8051177,1087415350.8611772,34202968.79248248,81.77206996,1314284.344804116,0.587872496398189,73.0
2023-11-27,btc,37229.2452197545,728003902580.5377,478456.0,981736.0,1.7686998843250001,439166011.3759895,1341979428.4018285,1343847767.656067,30248761.74105053,90.38276952,1304033.5884251168,0.48735708988974635,66.0
2023-11-28,btc,37828.4655911748,739756186708.6306,447781.0,996007.0,1.795694998493,496595410.01969415,1366652113.5638852,1748068798.9864452,34754902.76189185,78.15706408,1324247.3087305073,0.449576157597286,68.0
2023-11-29,btc,37846.8531227352,740147934698.2544,358838.0,915309.0,1.7944431855410001,459435208.60806966,1312521826.5440977,1257035323.1574667,32169825.15432492,62.07806416,1333741.3241475753,0.3920402836637682,72.0
2023-11-30,btc,37712.7114789597,737556192386.4604,410936.0,958958.0,1.7877907247590001,452678812.77378166,1169231613.0235877,1206719727.8937314,31584395.86362875,72.87849716,1329011.3222379033,0.42852345983869994,74.0
2023-12-01,btc,38703.5536820573,756975202401.7816,497410.0,1131524.0,1.831958430263,570915812.8429431,1688433504.907745,1676307806.4479094,40880628.57667302,97.47076381,1359887.226730441,0.4395929737239334,71.0
2023-12-02,btc,39462.2799272355,771845911078.7954,435763.0,860355.0,1.8665626361240002,429031407.8953413,1036753370.5028481,1121547221.963854,31323184.692243177,64.72208528,1410896.1593000328,0.5064920875685037,74.0
2023-12-03,btc,39978.2226104617,781978503111.6078,707186.0,919493.0,1.88957149278,557403011.4451509,1059268602.5442419,1039412575.4031001,41227542.067038625,141.18916976,1425634.6050100308,0.7691042781184848,73.0
2023-12-04,btc,41910.2994815897,819810743285.1487,567712.0,1034656.0,1.9741576608670002,523621012.81527853,2173935540.9119997,1857535963.302775,40600602.62279002,152.28627261,1482186.6869285936,0.5486963783131785,74.0
2023-12-05,btc,44067.0054763296,862036250724.3538,513549.0,867570.0,2.070210110876,466191609.30696577,1911292616.2185252,2220499324.132079,38007792.22333428,245.80515529,1552147.0488345595,0.591939555309658,75.0
2023-12-06,btc,43745.8343907072,855790704203.0582,469800.0,867353.0,2.049004981703,459435208.60806966,2124090918.4785624,1496581576.545392,37183959.23210112,287.43139808,1552418.5841914688,0.5416479795423548,72.0
2023-12-07,btc,43282.6182261835,846760011628.9462,368965.0,898183.0,2.024192806038,388493008.56657284,1787060445.5438747,1191454340.1748085,31109381.850069392,170.65886039,1556411.9175806947,0.41079045138908216,72.0
2023-12-08,btc,44205.0522089421,864843357731.6556,411806.0,924415.0,2.063554127808,456057010.69092566,1665539257.471087,1578833481.4947476,37298012.8012949,153.42173224,1601671.7296125463,0.44547741003769953,72.0
2023-12-09,btc,43740.0063927528,855787955926.2657,593873.0,927620.0,2.040603828859,530377413.51417464,1349612194.2792127,1148295558.6444767,42919881.27288868,142.28948258,1588491.9532463695,0.6402115090230913,73.0
2023-12-10,btc,43732.7120900059,855683506559.4652,528723.0,848613.0,2.039126541822,469156589.98176646,1029608553.6401014,909170069.2175086,38266123.07875516,109.97741548,1607240.0169708799,0.6230437195753541,74.0
2023-12-11,btc,41209.8947904734,806362223760.3176,528218.0,1010741.0,1.9204216041020001,528635574.132489,2070633763.340743,1782471843.645783,40694771.10559248,137.42811792,1503570.3921490982,0.5226047028862982,74.0
2023-12-12,btc,41467.2735698422,811435726173.2714,547067.0,886419.0,1.928403638971,481794448.28640914,1708734091.5434387,1436442869.7133465,37320546.21285798,115.80405292,1510849.012710211,0.6171652457810584,67.0
2023-12-13,btc,42939.0607583285,840275791000.0148,586126.0,742559.0,1.9945074560720002,498523421.11458844,1568277199.8691022,1591525220.1515603,39987000.33119342,200.38256859,1562785.1186931923,0.7893325648197652,65.0
2023-12-14,btc,43033.1371560491,842156042637.0098,569840.0,711343.0,1.997076014934,488486038.38126975,1169420076.108415,1298936175.9026275,39267737.65489481,340.65399192,1572385.7375134672,0.8010762740337644,72.0
2023-12-15,btc,41978.0970195792,821551732456.0333,632050.0,860116.0,1.945584187067,545364546.9606683,1282672201.7188807,1171122045.118133,42765186.33869631,414.19566536,1523845.1653501028,0.7348427421417576,70.0
2023-12-16,btc,42203.2140450029,825997582210.4384,636141.0,724669.0,1.954587603816,508560808.6658516,673331751.3727481,936515600.1532843,40093053.342752755,568.94621841,1531428.936496186,0.8778366399004235,67.0
2023-12-17,btc,41428.6657855056,810877031378.7365,621213.0,703993.0,1.9184329378830003,501869218.570991,693650633.6859949,484274245.07006085,38839374.1739115,543.33939018,1512513.8316346807,0.8824136035443534,73.0
2023-12-18,btc,42635.7331911163,834547547301.949,641771.0,928612.0,1.970997560336,562093524.6067921,1353357458.097721,1339201497.4595757,44767519.85067212,402.22664701,1555500.0378404832,0.6911078039051832,65.0
2023-12-19,btc,42271.863025716,827467989591.4052,662370.0,817240.0,1.952266717846,542018754.3222103,1480190046.9948215,1080547446.9845483,42800261.31353745,425.85765116,1528844.5268323151,0.8104963046351134,73.0
2023-12-20,btc,43605.1555549386,853606590402.8165,580281.0,787679.0,2.010355157868,485140240.9248672,1414877577.4419372,1629166356.59503,39517172.22166311,428.44189548,1572623.4595934905,0.7366973094369661,74.0
2023-12-21,btc,43870.2382340736,858835832285.3038,589222.0,815395.0,2.02055347695,488486038.38126975,1111393268.3316753,1324467032.2639287,40031592.38859216,405.86906216,1582023.9583098255,0.7226215515179759,70.0
2023-12-22,btc,44009.5016551724,861608364729.8561,623750.0,1012121.0,2.024349186253,562093524.6067921,1630880406.2219064,1545169831.391428,46209976.73793102,317.05181008,1587208.2846849568,0.616280069280254,74.0
2023-12-23,btc,43768.8067518995,856939861545.1433,609387.0,893092.0,2.012046953684,561495983.9886068,847220870.6710505,967891362.678605,43768806.7518995,202.72232586,1578944.6889198823,0.6823339588754574,70.0
2023-12-24,btc,43097.8093258329,843848610986.3271,724746.0,880971.0,1.9789937726040001,612085087.5512701,828135946.2239043,1344927250.5481386,46060783.716983914,177.61389683,1539972.0984852458,0.8226672614649063,71.0
2023-12-25,btc,43623.7504029807,854184356141.2782,531891.0,702609.0,2.002168071468,497542850.09060687,1426212484.3650227,1063564765.0126916,37898133.16258948,169.29169371,1553424.0907351347,0.7570227537648963,73.0
2023-12-26,btc,42491.1229079486,832043610688.7291,556724.0,742922.0,1.947666354666,497542850.09060687,983944630.0640022,1112351722.3719115,36914163.02628034,168.07237778,1502527.1328326904,0.7493707280172077,71.0
2023-12-27,btc,43436.9594269433,850599611615.5896,541778.0,776011.0,1.98454282113,461748397.66264915,1673546761.049567,2574714194.308249,35021048.53797304,274.99201232,1518124.4724721897,0.6981576292088643,73.0
2023-12-28,btc,42670.6797180012,835626290884.1329,417387.0,848615.0,1.9481910660460002,433112840.87468374,998550415.8094116,1058368582.7276194,32269701.536738407,228.60423565,1490787.53312689,0.49184494735539674,73.0
2023-12-29,btc,41998.6033442431,822504553591.4153,579710.0,910761.0,1.915289168243,540496187.8497554,1131225908.2755396,1256911684.769997,39636181.90612943,212.89731756,1459723.393174454,0.6365116644212916,65.0
2023-12-30,btc,42204.4917744009,826574939575.0736,540497.0,787521.0,1.9235259549150001,519019516.3929808,1485601092.9604497,819745128.2130092,38247820.670550816,262.89297872,1457273.2991064077,0.6863270947695363,68.0
2023-12-31,btc,42217.1587913501,826864184822.2917,724837.0,791644.0,1.923147103068,558393411.4865339,1223608650.877507,1375287697.2165587,41161729.82156635,360.49941065,1456164.8656816445,0.9156097943014789,67.0
2024-01-01,btc,44049.4735534775,862794527491.1962,655722.0,827239.0,2.005011405976,554813968.8209385,1227117607.5535545,1183945166.8566902,42672927.50493133,212.54134993,1511076.2401890818,0.7926633052842045,65.0
2024-01-02,btc,44941.160493571,880296744332.1412,364237.0,867688.0,2.041843744783,468907288.1482407,1890899524.8254497,1917102688.0903623,36795575.15411126,139.99686991,1556263.6326872357,0.4197787684052332,71.0
2024-01-03,btc,42773.6515423729,837882334394.8176,502203.0,940343.0,1.941607815328,565552301.9721254,1705417846.520628,1467087227.4667275,42238980.89809324,146.47629682,1478255.4818129882,0.5340636342270852,70.0
2024-01-04,btc,44250.7452670953,866863769397.9294,482718.0,1010934.0,1.9912804763710001,608505644.8856747,1701915064.644337,1672271191.4491324,47016416.846288756,127.5893122,1518502.7661627484,0.477497047284986,68.0
2024-01-05,btc,44146.3222022209,864856217418.0073,416347.0,813324.0,1.983754393826,493963402.27061075,1591981467.3902068,1662020173.0669396,38076202.89941552,117.05381845,1514555.8244261793,0.5119079235335487,72.0
2024-01-06,btc,43917.9798147282,860421264320.442,389306.0,808917.0,1.972626827535,509355148.2310429,2004576998.475832,2037092727.4894273,38428232.337887175,85.70416723,1526317.5054349946,0.48126816471900086,70.0
2024-01-07,btc,43844.195949737,859008059190.4152,348435.0,713381.0,1.968589392178,429363545.32436717,1684583334.0296133,1869984594.521839,32335094.512931038,76.09066339,1541416.6709923784,0.4884276424519296,71.0
2024-01-08,btc,46981.3242995324,920507694271.332,409400.0,756849.0,2.105199604079,447556920.0629499,1899254985.454641,1458227208.447706,36116893.05526553,128.0165037,1664446.611942256,0.5409269220148273,71.0
2024-01-09,btc,46084.005795149,902970262822.9576,470829.0,902934.0,2.061111820714,553078470.4920907,2593465056.82355,1979348359.6635795,43779805.50539155,110.41254939,1640813.9337909913,0.5214434277588396,76.0
2024-01-10,btc,46818.1592764465,917394187765.1337,384427.0,839431.0,2.090437479903,483943659.060734,2495000942.5668306,1854162672.191275,38917594.89854615,82.64575047,1689134.4339437566,0.45796140480873354,73.0
2024-01-11,btc,46380.8708082992,908875740937.4849,450822.0,960999.0,2.06755309096,629490625.5312515,2933300964.835904,2670425097.8799167,50149316.56147351,102.19403968,1686650.432761969,0.4691180740042393,76.0
2024-01-12,btc,42817.4305356517,839091815873.353,367870.0,987727.0,1.910157143573,611297256.0323596,2733096279.3449707,2549154713.349504,44958302.062434286,106.05743161,1584898.6482448913,0.37244096800026727,71.0
2024-01-13,btc,42846.9544699006,839712974628.9417,667027.0,845713.0,1.911017344621,578549188.8384776,1197597226.6963544,1289803754.6460843,42579161.004463725,131.8837983,1582774.1829424019,0.7887155571689214,64.0
2024-01-14,btc,41888.1513068381,820955897438.4492,591106.0,722721.0,1.868072683047,465750289.56184196,798803084.9976469,833594857.1669163,33510521.04547048,219.67908398,1550561.567662065,0.8178896143878481,60.0
2024-01-15,btc,42528.9192489772,833544457525.685,401054.0,786699.0,1.895817002527,414808852.869068,1389901711.0828886,1232445436.380202,30301854.964896254,112.7937371,1600323.0926976472,0.5097934534046694,52.0
2024-01-16,btc,43171.4472241379,846171395720.2479,469892.0,782242.0,1.9151314987310002,454834268.91044486,1962032804.8405578,2056759156.6447482,33727693.14385773,126.17373793,1646293.0354305126,0.6006990164169145,64.0
2024-01-17,btc,42689.304327294,836753555542.9312,455050.0,809220.0,1.892920670298,440279571.215455,1884967397.6393185,1652862686.0272532,32283786.397516087,103.88545904,1642260.293694955,0.5623316279874447,60.0
2024-01-18,btc,41261.9076177674,808811755816.4711,480795.0,897358.0,1.826405496575,516691726.2546159,1951278505.556604,1802650288.8088405,36619943.01076857,120.55348118,1599577.1959635948,0.5357895065291667,63.0
2024-01-19,btc,41606.8535330216,815607676546.724,461325.0,806018.0,1.840326498572,480304987.2568318,1839886698.1079998,1844198034.210634,34325654.16474282,83.78486085,1631737.2759164162,0.5723507415467148,51.0
2024-01-20,btc,41668.6904102864,816857089192.0228,565601.0,817313.0,1.842828285649,512668948.5237081,1019863218.8162655,964693894.7328657,37241392.05419347,71.44540606,1639365.7747950964,0.6920249647319937,52.0
2024-01-21,btc,41537.1123562244,814314028256.8575,593968.0,767739.0,1.8367873760790001,489551346.64456606,807551678.7332922,863900615.9104898,36344973.31169635,72.44586642,1649725.9300832846,0.7736587564263376,56.0
2024-01-22,btc,39577.0998603156,775928554108.8254,451204.0,951076.0,1.7507031178760002,559487254.0274162,1786349645.7387657,1720087330.730239,39577099.8603156,74.76848331,1581191.4856007653,0.4744142423949295,55.0
2024-01-23,btc,39737.3143617767,779107885559.914,368563.0,865990.0,1.75685238167,538506480.3019457,2102611914.0076509,1942301985.0196135,38247165.073210075,89.1242877,1609713.9704206644,0.42559729327128487,50.0
2024-01-24,btc,40101.8568980129,786292868063.8229,368789.0,899326.0,1.769398537471,524519302.8536838,1994447815.1774707,1807879403.9625452,37595490.841887094,59.76162066,1645564.0326286787,0.41007265441008045,48.0
2024-01-25,btc,39917.6611461134,782726426382.1896,347123.0,1101397.0,1.759912897525,632919954.5134856,1843311870.9688165,1806984196.2313018,45156854.17154078,64.07678258,1646748.4727427238,0.31516610268595247,52.0
2024-01-26,btc,41860.7310458796,820866927315.7286,496525.0,892906.0,1.8436580045350002,531512894.0955074,2328443055.1348696,2065393228.1520362,39767694.49358562,55.07790175,1737853.0153205374,0.556077571435291,49.0
2024-01-27,btc,42125.3014155465,826100034581.4243,603739.0,965883.0,1.854538165179,597952003.3397532,1045821314.2489444,1104974926.7536182,45021415.88786532,58.15742689,1740608.8238873305,0.6250643193844388,55.0
2024-01-28,btc,41983.0202744009,823351807165.9025,629248.0,898096.0,1.847823938144,559487254.0274162,1041216756.3608484,991292347.2308283,41983020.2744009,56.24412183,1747387.4554477562,0.700646701466213,54.0
2024-01-29,btc,43218.3470821157,847620609856.2834,580828.0,959589.0,1.900281404617,545500071.5437692,1880044940.484966,1828611745.8196836,42137888.40506281,55.39170629,1809162.7783822576,0.6052883057225541,55.0
2024-01-30,btc,42950.0541277031,842397364504.327,524001.0,907924.0,1.8844546437240002,503538529.12821317,1761389913.686639,2341083233.471433,38655048.71493279,51.42742245,1776380.4648238076,0.5771419193677004,61.0
2024-01-31,btc,42589.4708059614,835359963215.0078,437107.0,870798.0,1.865776569305,458080188.57405275,1583109079.106859,1688400108.6640368,34870129.2223809,50.31202889,1770219.0053991284,0.5019614192958642,60.0
2024-02-01,btc,43020.3596548802,843852657325.6139,410372.0,933880.0,1.883692689819,535009687.19872653,1675161005.6417925,1631239360.4316335,41138218.91997919,56.57506216,1798060.9182074412,0.4394269070972716,63.0
2024-02-02,btc,43155.3852030976,846551917090.7051,432087.0,932903.0,1.8884791268670003,677399664.675745,1613792964.9007518,1758958999.4861329,50707577.61363968,66.0573781,1801654.4134169905,0.4631639087879447,63.0
2024-02-03,btc,42982.3789979544,843198728324.983,515129.0,820828.0,1.880647419447,566738184.0279739,945725694.2896564,981631287.1069247,40564620.17931946,179.6426965,1777518.6490894754,0.6275724025008893,60.0
2024-02-04,btc,42576.2913050847,835273625240.0701,331515.0,802004.0,1.862423695961,581751117.2721473,929759094.4410266,871324411.2037902,41245782.2018008,96.51447226,1763057.9220342885,0.41335828748983794,60.0
2024-02-05,btc,42619.2742738165,836158430969.5535,281772.0,852467.0,1.863325630825,585504347.880863,1472178234.3647535,1397713260.3935628,41553792.41697109,64.6181784,1782071.0540137028,0.3305371351618303,60.0
2024-02-06,btc,43102.7062632963,845688803310.792,280196.0,865722.0,1.881777313878,638049614.2354698,1472778612.1370645,1423921292.288078,45796625.40475232,52.45518052,1828920.9537632978,0.3236558618124525,64.0
2024-02-07,btc,44253.0314731151,868302802756.0363,425025.0,901234.0,1.929905898886,600517281.1250362,1528508512.1663668,1715401796.4878573,44253031.4731151,73.47071811,1871957.0595706746,0.47160337936651303,62.0
2024-02-08,btc,45332.09157218,889514483023.9789,287438.0,818130.0,1.9742447014070001,517946153.68673813,2151098367.4578843,2184530888.576196,39098928.98100525,53.1170405,1942118.5063406657,0.35133536235072665,66.0
2024-02-09,btc,47176.9665137347,925763898219.7604,330447.0,950564.0,2.050894304805,623036680.9912964,2249257023.978393,2342726944.891643,48946102.75799975,53.96871698,2027179.1007591104,0.347632563404463,72.0
2024-02-10,btc,47792.8972156634,937895843905.5869,406003.0,963958.0,2.075743628106,570491420.041345,1349019861.2807877,1410952568.5188653,45403252.35488023,41.20815866,2096542.3192163275,0.4211832880685673,74.0
2024-02-11,btc,48200.7986057861,945941841244.1549,323411.0,840255.0,2.091679256465,514192923.07802254,1384232668.485064,1154368507.0243793,41271933.80620435,28.29055111,2160705.195697571,0.3848962517331048,71.0
2024-02-12,btc,49989.80371654,981107036008.364,413637.0,1013562.0,2.163451148703,671828711.3325322,2731821813.467718,2546859385.5719604,55926092.90787912,68.03312947,2238730.9218260758,0.4081023163851841,70.0
2024-02-13,btc,49628.0941528346,974049946091.3962,305214.0,843469.0,2.144571750971,506686456.45593584,1979246718.4385,2258211544.7039533,41873704.441454194,47.85561801,2252861.900712557,0.3618556224354422,79.0
2024-02-14,btc,51844.2929193454,1017592289633.9614,298455.0,803805.0,2.227481564237,521699389.70010924,3022967029.2706876,3115952125.381176,45039729.473681316,53.34423438,2384413.0360876443,0.3713027413365182,74.0
2024-02-15,btc,51939.1472919345,1019505042839.3538,309299.0,892019.0,2.227672856945,606890743.6292629,2617657029.837225,2625592766.145821,50965288.280210726,38.40744736,2423678.918512873,0.3467403721221185,72.0
2024-02-16,btc,52157.3123977206,1023831051832.7769,306995.0,836256.0,2.233361065632,544386619.0220116,2095213881.7781124,2315336097.4890013,43681749.133091,32.57596823,2466279.3815938286,0.3671064841388283,72.0
2024-02-17,btc,51674.8158521333,1014408246958.5171,330435.0,850883.0,2.211108586549,609388005.4074552,1469552315.5668006,1481321946.5993094,48445139.86137497,28.82609461,2494039.4752470995,0.3883436383145509,76.0
2024-02-18,btc,52148.0645365283,1023737845114.2451,346126.0,748090.0,2.229209056718,491572990.75567466,1291316298.097519,1202690029.6582887,39436973.80574953,24.63543514,2572971.4832743076,0.4626796241093986,72.0
2024-02-19,btc,51804.8051537113,1017043227936.4347,366190.0,867774.0,2.207720044105,552511787.2013328,2203952020.23664,2432026229.667456,44034084.3806546,29.1540239,2575801.6436834508,0.4219877525715221,75.0
2024-02-20,btc,52308.0531712449,1026969199193.7711,396745.0,866223.0,2.226411177484,572824725.2000104,2421557169.5496936,2449858133.3468533,46096471.85715957,32.07407978,2594327.3305844325,0.45801716186247654,72.0
2024-02-21,btc,51744.321808007,1015946034869.6826,369350.0,821320.0,2.199223255693,560636961.2307789,2195357009.9967184,1981340188.3445635,44629477.559406035,31.54219389,2566350.7433999307,0.44970291725515027,78.0
2024-02-22,btc,51292.3252574518,1007114829786.9011,366922.0,855859.0,2.176256754311,548449203.1116722,1876163553.2270648,1891320859.8487487,43277899.435974956,28.3018489,2539506.429951055,0.42871781449981833,74.0
2024-02-23,btc,50789.1431759205,997285419197.9482,403218.0,938307.0,2.151044247173,645951285.6149,2117111623.7840047,2254369427.7608,50471711.031071,30.46340271,2536030.8052402013,0.42972928902800467,76.0
2024-02-24,btc,51578.2349164231,1012824030063.5236,342157.0,819174.0,2.182874558495,556574377.1411183,1550271958.1824288,1539725907.8876925,44163863.64718728,26.10222917,2638219.679508964,0.4176853757565548,72.0
2024-02-25,btc,51746.4789669784,1016180820662.2234,421219.0,894568.0,2.188723304731,666264217.7634526,1702745681.34758,1625977276.6158938,53040140.94115286,24.05579339,2699200.4660663786,0.47086303109433825,74.0
2024-02-26,btc,54551.8259184687,1071316673976.7391,355313.0,887140.0,2.30035580813,540324029.0822262,2360753245.1665998,2750845770.73008,45346205.29472711,33.0921629,2907862.777906688,0.40051513853506776,72.0
2024-02-27,btc,57049.888220339,1120420896302.5642,388230.0,917983.0,2.39296751458,524073681.0233341,3463449102.9944396,3262049208.3761983,45996472.37764832,48.62101767,3081705.650739906,0.42291632851588756,79.0
2024-02-28,btc,62460.740619813,1226744513760.7969,415406.0,1054242.0,2.578804516452,605325415.4676697,4746077066.269508,4254164940.4273133,58166564.70220086,60.83395661,3381355.7482224214,0.3940328691135432,82.0
2024-02-29,btc,61394.7818515488,1205859852279.2776,407609.0,989364.0,2.523625575021,540324029.0822262,4206529408.085778,3808097723.4267364,51034412.41409994,74.63737446,3324694.2939259647,0.4119909355909453,80.0
2024-03-01,btc,62524.401817066,1228106988685.405,415081.0,1058499.0,2.552193764104,607463923.1349978,4465167472.556433,4807072125.542824,60179736.74892603,58.46513507,3391711.8104112395,0.3921411357025373,80.0
2024-03-02,btc,62049.6145637054,1218830448923.2932,342086.0,843207.0,2.530515094253,500960507.5972892,1966417632.8346493,1854800390.6700363,49251881.55994116,42.06457924,3424541.981546746,0.4056963473974955,80.0
2024-03-03,btc,62991.4422913501,1237391640177.7898,385135.0,868123.0,2.564912446775,611408497.2364956,1951721516.9566748,1905360862.6617093,61022959.71974541,47.46206023,3458086.805378012,0.443641050864912,83.0
2024-03-04,btc,68091.8388243717,1337637736660.585,358771.0,889591.0,2.751198902437,508849650.1201027,3846887096.3529067,3606486935.818295,54899045.05214968,84.378542,3709730.3315143543,0.40329881934506984,82.0
2024-03-05,btc,63950.524329924,1256349969665.857,424703.0,1163884.0,2.565781926711,658743346.6931944,4777421163.221901,3998578340.993618,66748359.76935817,101.03408688,3435123.9622839238,0.3649014850277175,90.0
2024-03-06,btc,66103.7215400351,1298708781023.3398,381467.0,922558.0,2.612226371577,552239931.1554857,3556385353.55036,3819242759.981991,57840756.347530715,66.67707272,3566110.1078578825,0.41348836604311057,75.0
2024-03-07,btc,67070.3791484512,1317775703379.3416,437969.0,1034779.0,2.630694305772,710022770.2513908,4057745117.571206,3531725381.7692366,75454176.5420076,52.0775472,3565826.341896281,0.4232488289770086,82.0
2024-03-08,btc,68343.7149552893,1342859547465.889,424558.0,947450.0,2.663773784415,607463923.1349978,3737469322.752178,3979849116.2499886,65780825.64446595,47.73634254,3600951.2747196136,0.44810596865269936,81.0
2024-03-09,btc,68502.5053392753,1346049345988.8496,362520.0,915625.0,2.664446669894,642965061.6475674,2305562077.7113686,2408277592.3587537,69786927.31438671,40.77661246,3624599.0239761,0.3959262798634812,84.0
2024-03-10,btc,68882.2513395675,1353572780460.2922,363011.0,862638.0,2.673324643842,564073647.779797,2485538143.670051,2216652557.617603,61563512.13473845,36.33400092,3631029.6807052144,0.42081498844242893,79.0
2024-03-11,btc,72198.0875341905,1418807431184.4077,393001.0,1150718.0,2.776042557045,670577063.3175056,4469812870.294325,3791024857.0725484,76710468.0050774,41.46573431,3813564.6120485924,0.3415267685045337,82.0
2024-03-12,btc,71432.7283018702,1403829853146.6147,344882.0,1016389.0,2.732831670246,556184505.2569835,3679496053.235701,3437583463.690185,62950091.81602311,38.34777079,3758992.8717660285,0.33932087025735225,81.0
2024-03-13,btc,73081.5759053185,1436306869781.0378,387845.0,1093495.0,2.746836537171,631131350.7034383,4112967302.1094894,4276056565.101808,73081575.9053185,35.2733557,3813357.264181098,0.35468383485978444,81.0
2024-03-14,btc,71505.2729076563,1405390053436.6956,330080.0,1000634.0,2.676637138189,580862770.2919041,3989505152.562396,4870642560.154161,63014021.74987211,34.48419108,3723936.0387775665,0.3298708618735722,88.0
2024-03-15,btc,69424.9141753361,1364557049381.3796,311078.0,963220.0,2.593181988006,529980319.0136912,3916583608.4235864,4080432214.9904113,55106025.62667303,37.00099633,3614342.1292281523,0.3229563339631652,83.0
2024-03-16,btc,65433.6819006429,1286167673667.403,355299.0,916345.0,2.443363523614,600922569.4689919,2341855563.8595357,1934641991.5758846,58890313.71057861,37.64116141,3398715.8763163174,0.3877349688163301,81.0
2024-03-17,btc,68285.0891691993,1342277385497.008,365645.0,861558.0,2.541969044316,609268716.934864,2667984238.1775284,3439181858.656071,62310143.866894364,25.29065756,3540464.6223505675,0.42439975021995036,79.0
2024-03-18,btc,67770.8865245471,1332230717578.118,417117.0,910571.0,2.51875351754,600922569.4689919,2672674221.9451065,2629366489.224054,60993797.87209239,42.62561643,3497187.48968724,0.45808289523826257,77.0
2024-03-19,btc,61969.3075394506,1218244887373.998,459004.0,974102.0,2.30649799611,655172524.9925482,3945073948.9730964,3426727587.1967936,60807383.0230859,45.63946834,3179409.72832733,0.47120732736407483,79.0
2024-03-20,btc,67848.1076396844,1333878479086.9724,360623.0,942142.0,2.517432122856,621787935.1290596,3215565516.908793,3063992677.7077274,63183550.239456095,32.95557912,3484027.5279700705,0.3827692640812107,74.0
2024-03-21,btc,65454.7357232612,1286874418578.5918,328692.0,819742.0,2.425056482588,500768805.88775134,2790530532.8322983,2813264496.386464,49091051.7924459,38.64095953,3373285.1163937724,0.40097006131197377,78.0
2024-03-22,btc,63486.4849997078,1248231144166.5354,347556.0,915500.0,2.347242779085,563364908.8771799,3020199908.089507,3681964376.4389815,53566721.71850345,37.52921992,3289128.981395732,0.3796351720371382,75.0
2024-03-23,btc,64361.2429047341,1265492833453.9434,315648.0,908728.0,2.355130916016,650999448.2549993,1514580070.3782728,1592475173.4809585,62752211.83211575,23.77739181,3342953.8067765166,0.34735146270391143,73.0
2024-03-24,btc,67289.5658310929,1323142018390.209,331993.0,918817.0,2.4590890421380003,709422480.5161046,1598990315.5956433,1638676663.5139794,71495163.69553621,21.25186473,3524913.557826854,0.3613265753681092,74.0
2024-03-25,btc,70042.0204237288,1377322433812.7395,320633.0,918815.0,2.531973278125,550845690.6829845,3063859478.4897475,3293291563.0712357,57784666.84957626,28.33934579,3681399.97021249,0.34896361073774373,75.0
2024-03-26,btc,70071.0472144945,1377951907816.7256,313314.0,851577.0,2.529858023857,559191838.1488566,3514402747.965475,3552773140.9695425,58684502.04213914,31.73448011,3709611.561622556,0.3679221021704438,81.0
2024-03-27,btc,69267.8879815897,1362216604596.2068,358499.0,865580.0,2.497305617703,567537979.6055032,3611972512.1035976,3418043620.417628,58877704.784351245,30.07974471,3687425.788163326,0.41417200027727075,83.0
2024-03-28,btc,70826.8968714202,1392943231125.4192,433584.0,942681.0,2.542320039061,630471212.2216165,3642064988.6472764,4705673248.621351,67285552.0278492,30.48254828,3761155.7637028983,0.45994774478323,80.0
2024-03-29,btc,69917.0430070134,1375112180619.6648,451776.0,847610.0,2.50681430136,595046224.9834744,2288944431.2154436,2165151564.9486904,62925338.70631206,29.19381658,3699916.5671871286,0.5329998466275764,79.0
2024-03-30,btc,69663.0119073641,1370183441931.5342,486300.0,826192.0,2.495980095994,640501145.6086524,1353951300.0815494,1234268057.0880327,67486042.78525898,29.62062953,3636263.514770813,0.5886041017100141,75.0
2024-03-31,btc,71227.4517939801,1401014986716.4766,315001.0,691124.0,2.5494727043400003,566120367.485718,1340451596.35353,1915264160.67625,60988505.59859546,28.42997282,3742966.591609801,0.4557807282050688,75.0
2024-04-01,btc,69791.6277305669,1372838341430.19,330165.0,970510.0,2.483865174687,619839819.6746066,2759134382.0567975,3359631030.570075,65429650.99740647,27.14297447,3677727.672786951,0.34019742197401365,79.0
2024-04-02,btc,65533.7548351841,1289144341529.4675,358331.0,953501.0,2.325824861038,611575288.1108959,2706971439.9907913,2608029810.688274,60618723.222545296,22.22169146,3475588.5883456315,0.3758055838431213,79.0
2024-04-03,btc,66130.2162393337,1300936296061.3975,369696.0,965290.0,2.343574739079,586781693.4197637,2184556871.536304,2354116476.3431454,58690566.91240866,27.90854939,3511359.9705527113,0.38298956790187405,71.0
2024-04-04,btc,68438.135024547,1346397493893.6897,324609.0,978380.0,2.4223402543140002,570252630.2923423,2418882571.8528104,2856777426.597815,59027891.458671786,23.07677565,3674214.3947759955,0.33178212964287906,70.0
2024-04-05,btc,67904.9094766219,1335970050153.925,346357.0,950040.0,2.401839662162,611575288.1108959,2826734902.1454587,2546738749.6051345,62812041.26587526,20.47892648,3673758.5838574623,0.3645709654330344,79.0
2024-04-06,btc,69136.0710783168,1360259059730.4456,433426.0,907389.0,2.442327543695,640501145.6086524,1613784219.0825415,1627452433.1878116,66975568.8571194,17.93208872,3714682.6050738944,0.47766283258888964,75.0
2024-04-07,btc,69392.6830108124,1365381654693.3076,526443.0,833045.0,2.4497750726370002,702485129.3612516,1584094055.8163147,1437655451.071374,73729725.69898817,21.56961081,3670170.433915473,0.6319502547881567,78.0
2024-04-08,btc,71712.7972840444,1411103414779.7266,454644.0,896193.0,2.52594267686,652897939.9789873,2526723898.6834836,2519361698.040128,70816387.31799385,34.00181329,3770756.884155387,0.5073059039738093,76.0
2024-04-09,btc,69074.5418638223,1359253099652.0125,450513.0,890535.0,2.431151797828,603310756.5471852,2473900799.951197,2197368728.1985617,63030519.45073785,46.69578897,3595951.4992441186,0.5058902794387643,80.0
2024-04-10,btc,70579.4456767972,1388933299151.3293,538372.0,846297.0,2.480887886464,627214744.5940204,2066631184.6258297,2311934192.324846,66609351.85747736,71.20955424,3622944.8895259164,0.6361501931355068,78.0
2024-04-11,btc,70046.5536057861,1378504301565.5657,479937.0,748021.0,2.459930871341,566860611.5965838,1249769527.4946682,1376463065.8105,57788406.72477353,109.2683687,3546234.4867734024,0.6416089922609125,76.0
2024-04-12,btc,67098.113691993,1320536537240.2312,441977.0,832502.0,2.355699837214,584038201.0151991,2288629783.564408,2029785361.7084792,57033396.63819405,153.45642058,3356741.3621930727,0.5309020278629961,79.0
2024-04-13,btc,64551.6482875512,1270486530668.2883,510750.0,869723.0,2.266724603585,704281364.0491091,1319723853.1226263,1371000124.5657976,66165439.49473998,107.18489341,3184574.412819366,0.5872559424092498,72.0
2024-04-14,btc,65648.8099602572,1292144961483.2134,468144.0,839158.0,2.303797513539,674220574.8366151,1174116122.709088,1044493607.2119559,64417894.77350238,72.98308634,3209414.099393563,0.557873487471966,72.0
2024-04-15,btc,63393.325166277,1247806826197.3333,503794.0,813736.0,2.224653591762,605510198.6103525,1312446632.4801137,1297569499.6195338,55865367.802781604,157.47266193,3075639.4981140336,0.6191123411032571,74.0
2024-04-16,btc,63784.8203340152,1255578626046.3093,453968.0,941086.0,2.235583060627,708575759.8577794,1990406866.6966221,2359806021.291552,65778095.96945318,92.75445493,3096168.300503152,0.48238736948589184,65.0
2024-04-17,btc,61324.2184286967,1207195172504.9727,385424.0,794595.0,2.150115532828,588332603.0078033,1551388033.2522345,1430882093.2468734,52508862.02957155,121.85088432,2970370.244132695,0.4850571674878397,67.0
2024-04-18,btc,63510.14500263,1250283688855.0876,416810.0,823945.0,2.223657090198,622687788.0289676,2576449355.591794,1658720633.437927,57556068.90863344,107.17008007,3052752.7914963723,0.5058711443118169,57.0
2024-04-19,btc,63762.6310300994,1255313599075.937,398632.0,880733.0,2.229521797353,648454181.4327914,1782511972.536152,1645007187.882028,59378950.146780066,179.87658691,3051443.1937977797,0.452613902283666,66.0
2024-04-20,btc,64907.9928366452,1277889041416.1594,630654.0,509709.0,2.268874228093,558271813.7953093,403171051.8136952,437728864.1895912,26368872.089887112,1206.4665844,3023632.006268553,1.2372824493975974,66.0
2024-04-21,btc,64968.192619813,1279102660225.9148,644793.0,565959.0,2.2701785738330003,601215796.6177483,519503172.7630669,396862194.8397795,28423584.271168187,335.52917373,2948564.512605116,1.1392927756250895,72.0
2024-04-22,btc,66944.5960911748,1318046160711.64,673406.0,659537.0,2.336371416788,652748583.4253956,924482039.6843057,1148634602.6555724,31798683.14330803,254.1083329,2952584.2567843827,1.021028388096498,73.0
2024-04-23,btc,66385.3002919345,1307069255153.7227,928131.0,547174.0,2.315430605828,721458959.6516582,1213560025.5623422,964037169.1154251,34852282.65326561,445.20827332,2790724.386593538,1.6962264288873374,71.0
2024-04-24,btc,64189.9679064874,1263876147635.96,600768.0,835569.0,2.229186378145,672198686.5397469,1518760586.321203,911747611.3350198,31092015.704704836,250.0755658,2649555.1859805747,0.7189926864208701,72.0
2024-04-25,btc,64515.3874725307,1270312365909.4153,525222.0,818807.0,2.239412644798,626294685.533232,971073295.9484218,1082706985.5828738,28830313.776787158,109.88507376,2644901.287530359,0.6414478625610186,72.0
2024-04-26,btc,63777.4715002922,1255809257754.7334,440854.0,847289.0,2.213395882136,582497851.0693291,1021503592.8068514,1189589647.7395566,26507511.592308946,90.92221995,2616829.8415361843,0.52031125153283,70.0
2024-04-27,btc,63429.3099649328,1248981539069.536,459297.0,856864.0,2.200293292653,613155632.0406893,935435041.109089,905166913.8649529,27750323.1096581,62.41209597,2607843.055068345,0.5360208854614035,67.0
2024-04-28,btc,62978.5770049678,1240133745037.1575,480244.0,707117.0,2.182739504636,613155632.0406893,1198257772.090673,943059356.2999291,27553127.439673413,52.6358838,2557850.5692069926,0.6791577631424502,65.0
2024-04-29,btc,63908.3888766803,1258469166546.7375,400991.0,856192.0,2.213049963714,573738484.1765486,1560046741.252434,1248822220.2858489,26162496.696390998,45.31174055,2582196.5259093,0.4683423811481537,67.0
2024-04-30,btc,60636.3261633548,1194063184619.5881,501881.0,827915.0,2.099491659604,617535318.6404514,1962031953.0122588,1496753316.2490275,26717881.21572821,45.06205756,2424540.016198167,0.6061987039732339,67.0
2024-05-01,btc,58141.7772799532,1144963991083.4077,477225.0,781183.0,2.01516295818,578118170.7763108,1903324679.9462922,1720289631.567253,23983483.127980694,37.91687325,2306856.02120125,0.6109003908175165,54.0
2024-05-02,btc,59170.1088936295,1165241347389.5042,563418.0,744998.0,2.050901531028,635054046.1192689,1723018460.224813,1641154801.6628354,26811455.592425868,34.86927785,2308049.2800799455,0.7562678020612136,43.0
2024-05-03,btc,62983.6554783752,1240367193696.9216,437975.0,731936.0,2.180678249434,564979117.283768,1342142323.4595866,1342363934.7101614,25390286.11472,34.64122185,2441033.934560846,0.5983788200061207,48.0
2024-05-04,btc,63881.1305429573,1258069746191.7712,668343.0,613171.0,2.210725676775,617535318.6404514,901310365.1310493,976432109.0717331,28147623.14549056,46.6176148,2435656.696361832,1.0899781626984968,67.0
2024-05-05,btc,64067.5959918177,1261769810812.1025,626139.0,573428.0,2.216655067084,608775951.7476709,803501972.4915265,621590947.5729357,27829362.008945815,123.39594228,2426096.1624305155,1.0919226127778903,69.0
2024-05-06,btc,63228.1031341321,1245260648377.0237,507965.0,670316.0,2.186202853853,534321336.312408,1162586956.2241044,1439602349.9281583,24105714.31988786,40.57671837,2385617.67856806,0.7577993065956952,71.0
2024-05-07,btc,62396.999720339,1228916076889.098,373579.0,702887.0,2.157205469069,534321336.312408,1141879942.5190902,1155625292.350686,23788856.143379245,35.91638629,2366763.652887831,0.5314922597800216,68.0
2024-05-08,btc,61079.27442782,1202987566725.959,453934.0,697417.0,2.110540935051,556219750.3909875,1194057040.5187128,1001095195.5848074,24240837.038541064,29.99070924,2330362.3651531576,0.6508788859462846,64.0
2024-05-09,btc,62998.4903381064,1240816052414.6277,521126.0,671205.0,2.175223560734,612635655.6510732,1231408001.6442835,1456406704.460676,28546190.934454463,30.3355985,2396811.6787322676,0.7764036322732996,55.0
2024-05-10,btc,60896.6418880772,1199445712976.238,720578.0,606931.0,2.102988744981,599332434.9336824,1406340783.0413165,1276439412.074325,27593790.855534982,31.61827711,2273208.18119443,1.1872486328758953,66.0
2024-05-11,btc,60843.5729240211,1198430676128.0483,712455.0,612137.0,2.100448702876,657199019.7430513,823935974.9827567,833367102.1489147,30231650.296622984,36.33618273,2240693.0492018997,1.1638816147365705,53.0
2024-05-12,btc,61431.2746879018,1210031928139.5818,562310.0,573640.0,2.119745795365,545599186.5386837,949364746.0793374,892490624.7070361,25340400.808759492,21.76650346,2248247.0365401036,0.9802489366152988,56.0
2024-05-13,btc,62886.9394491526,1238733522166.955,541770.0,746125.0,2.168233271084,607599089.9064494,1737240311.2677543,1647669577.409376,28888687.809454475,26.56727678,2295789.420567392,0.7261115764784721,57.0
2024-05-14,btc,61555.5670046756,1212534592795.9192,422749.0,686207.0,2.121406641577,562132490.5322264,1196614132.9689434,1236439395.4529204,26161115.97698713,21.80349699,2251887.3095069276,0.6160662890352329,66.0
2024-05-15,btc,66281.5322542373,1305656862270.2595,499145.0,714393.0,2.2757055335120002,582799130.9401395,2106315297.0048697,2686157449.0581408,29205300.14952331,22.61964088,2406678.335240499,0.6986980555520561,64.0
2024-05-16,btc,65269.2603246639,1285745432661.991,481822.0,689540.0,2.238813737175,586932455.4505274,1667589808.8717525,1700906544.5239358,28963234.269069605,22.57077245,2359876.368713868,0.6987585926849784,70.0
2024-05-17,btc,66956.4409476914,1319013797948.8914,564502.0,743911.0,2.293532882786,640665709.7975173,1376981909.4382381,1594151812.3313427,32432026.084038023,21.6140954,2394898.2135180617,0.7588300213331971,74.0
2024-05-18,btc,66977.6006914085,1319457427063.7263,399736.0,650957.0,2.293351817746,529065876.59314966,882936075.3083751,979132969.6580758,26791040.2765634,17.78384646,2432122.268466901,0.6140743551417375,73.0
2024-05-19,btc,66259.4704260666,1305342162215.1062,641786.0,637953.0,2.2677414333590002,636532379.3351383,912362423.903572,906560902.6932888,31887370.142544553,16.36852518,2406580.3537445716,1.0060082796068048,72.0
2024-05-20,btc,71202.2025902981,1402750979194.1008,632582.0,706063.0,2.430732575262,644799034.3079053,1776781673.4224308,1860925786.8914912,34711073.762770325,17.7672926,2593137.5170978024,0.8959285502851728,70.0
2024-05-21,btc,70217.2546914085,1383376851822.5369,544407.0,746087.0,2.392177115696,570399145.5049934,3466293633.895886,2686835583.5814877,30281191.085669916,28.50070627,2623793.8588648126,0.7296829994357227,76.0
2024-05-22,btc,69074.9141350088,1360904192311.322,587003.0,709347.0,2.350508549105,632399054.8247503,2178362677.0550346,2049304228.437726,33026443.320801083,21.28417083,2583579.8500700193,0.8275258794355936,76.0
2024-05-23,btc,67758.7306586791,1335008716623.4395,736406.0,728396.0,2.30342600975,706501036.6485612,1878250694.3870876,1811461654.2685177,35785079.629114896,29.88985282,2498642.337356779,1.010996765495692,76.0
2024-05-24,btc,68608.998279661,1351795322625.1067,739561.0,663534.0,2.329942400919,671140034.0912752,2150793315.268641,1786788347.4602065,34304499.1398305,23.29662675,2480532.482555164,1.1145789062806126,74.0
2024-05-25,btc,69282.7925976037,1365105657154.5442,844733.0,591356.0,2.351755247843,671140034.0912752,798539354.2425708,728761204.9512857,34641396.29880185,20.95915897,2443241.2821055525,1.4284677926663465,76.0
2024-05-26,btc,68445.0069532437,1348634376225.0068,852881.0,538911.0,2.321857258415,704697038.5139561,812786788.8717285,775617272.8240478,35933628.65045294,19.45922541,2357604.908477891,1.5826008376151164,75.0
2024-05-27,btc,69347.815260374,1366449886995.2542,549315.0,612909.0,2.349289009693,515938903.7370268,1150320178.7366307,1018749258.1174184,26655566.490706258,22.50732148,2366831.132008542,0.8962423459273726,74.0
2024-05-28,btc,68342.8204488603,1346675790188.2783,594169.0,653177.0,2.276025405912,562079781.798083,1225594624.778178,1409109652.9887187,28618556.062960252,17.81071009,2319339.241617607,0.909660015585362,72.0
2024-05-29,btc,67584.2632402104,1331757571193.812,721240.0,559784.0,2.249666771523,574663655.4364581,1483119361.0905282,1296322725.7072432,28934512.699715078,39.68926576,2259729.145130262,1.2884255355637175,72.0
2024-05-30,btc,68375.4760260082,1347374814099.0803,510008.0,649063.0,2.2745939327649998,515938903.7370268,1153299220.537832,1807393307.5852115,26281823.5974969,38.83301124,2293652.2668365645,0.7857603961402823,73.0
2024-05-31,btc,67377.7626122151,1327745507331.9841,713689.0,656289.0,2.240434640049,620804533.4975141,2185276287.276727,1647956960.0518856,31162215.208149485,68.10439279,2222974.356886957,1.0874614689565116,73.0
2024-06-01,btc,67714.3526399766,1334408183644.8196,737521.0,570980.0,2.250811711614,591442157.6477985,846635803.7741137,816669790.9088746,29836636.631989688,43.98748517,2224925.991500619,1.2916757154366179,72.0
2024-06-02,btc,67805.4855742256,1336233753379.1138,729457.0,536181.0,2.252890611825,587247529.0748333,770755279.3916632,718881836.722855,29664899.9387237,34.67564887,2214346.303270069,1.360467827095701,73.0
2024-06-03,btc,68833.3028351841,1356522583774.1863,758731.0,689745.0,2.282844084426,658556160.4529,1740897371.7014961,1974636294.0261083,33771339.2035122,44.11314832,2215093.0426625004,1.100016672828364,73.0
2024-06-04,btc,70554.0894330801,1390464286885.4888,636795.0,637180.0,2.336035028633,562079781.798083,1380800432.2407796,1575163485.9215999,29544524.950102292,35.36014269,2236190.750051431,0.999395775134185,73.0
2024-06-05,btc,71087.4433158971,1401002830701.5596,562197.0,592424.0,2.350051564625,515938903.7370268,2470575998.208576,1835412387.2375233,27324236.02454795,58.08407623,2239215.0946837454,0.9489774215764385,75.0
2024-06-06,btc,70788.5013755114,1395140656059.825,602842.0,624088.0,2.333807126267,554745618.7245225,1492055990.3123357,1588110319.0874434,29421470.884196926,64.84076304,2219492.7708803667,0.9659567240517363,78.0
2024-06-07,btc,69338.1573240795,1366587206919.3806,250713.0,583336.0,2.283767499815,590944002.2950455,1103744306.426826,1394177804.2530358,30768807.31256028,322.71243036,2233699.305406148,0.42979174952343074,77.0
2024-06-08,btc,69310.1092618352,1366071661252.0422,529506.0,772154.0,2.281753656488,715791324.8666921,1106394537.6345448,639347898.5477585,37254183.72823642,146.21708792,2256960.317809295,0.6857518059868887,72.0
2024-06-09,btc,69644.0190894214,1372686175118.295,761292.0,609844.0,2.291783692164,636721355.3029393,577924506.9887055,582133234.3489246,33298546.627129607,73.01393361,2241570.1683866964,1.2483389194613705,75.0
2024-06-10,btc,69465.9362478083,1369206330030.37,661124.0,684041.0,2.284430208974,578459271.8356823,1095055941.27558,1005641340.4504477,30174266.05764173,65.82128027,2220431.6366752223,0.9664976222185512,72.0
2024-06-11,btc,67368.263506429,1327886106724.7012,469892.0,684207.0,2.210797104332,511874032.7312927,2452996577.571833,2746327135.783263,25894676.285283647,43.46025505,2147559.2255839095,0.686768770269816,74.0
2024-06-12,btc,68213.8346838106,1344584160572.3743,690905.0,677849.0,2.236528862009,607590313.5693108,1795135917.6513035,1886044299.4364297,31122562.074488588,47.3618229,2150742.895370587,1.019260926843589,72.0
2024-06-13,btc,66783.4902767388,1316420457334.039,729876.0,613255.0,2.189193919128,603428732.7544087,1428930010.4125683,1713946447.230935,30261269.03164727,56.90466857,2076271.3229818288,1.1901672224441708,70.0
2024-06-14,btc,65982.1865195792,1300651738960.456,599059.0,606488.0,2.162288948988,532681918.82778853,1651008988.0202909,1346630159.5367327,26392874.60783168,52.92308615,2047415.3309699092,0.9877507881442007,74.0
2024-06-15,btc,66204.904308007,1305069712028.442,447381.0,635369.0,2.168574282271,557651385.7391865,745017406.3454175,609564757.792241,27723303.678977933,44.27193232,2048881.7755082876,0.7041278375243363,74.0
2024-06-16,btc,66622.5999336645,1313337507861.0647,452652.0,735939.0,2.181700780897,678337127.495931,720536352.1469629,804422193.92424,33935886.84121036,36.56667052,2083961.3232275404,0.6150672813915283,71.0
2024-06-17,btc,66483.8785260082,1310631966548.8096,465013.0,724644.0,2.17600767278,582620846.6579129,1356525960.1657567,1176485747.8805323,29086696.855128586,28.63720969,2099606.500067207,0.641712344268358,71.0
2024-06-18,btc,65112.1230020456,1283620750458.029,605888.0,733498.0,2.131170120016,632559780.4807087,1637969218.0694506,1655451460.389721,30928258.42597166,36.09319142,2049127.1625442624,0.8260254288355251,74.0
2024-06-19,btc,64878.7141525424,1279047103315.1213,635236.0,622245.0,2.122527340691,570136116.1985496,1302821350.9952133,1726426899.4376197,27776199.496557213,33.2733342,2036226.5136598407,1.0208776285868106,64.0
2024-06-20,btc,64897.7011542957,1279448394407.8145,528366.0,661281.0,2.122824344632,553312848.2609435,1463883815.3837893,1428778347.381724,26973107.04225415,31.10704312,2061246.7474715428,0.799003751808989,60.0
2024-06-21,btc,64086.0489228521,1263474830674.3936,592761.0,719280.0,2.094841851078,582332777.6713909,1372409499.4582953,1258761963.9217005,28037646.403747793,27.57973752,2052851.9972552478,0.8241032699366033,63.0
2024-06-22,btc,64258.135506429,1266898089628.074,681231.0,639305.0,2.094393635978,632247019.8647388,681374013.6899844,677676027.3666003,30522614.365553774,20.79966679,2078130.452460674,1.065580591423499,53.0
2024-06-23,btc,63345.0218760959,1248917529606.7346,497676.0,511478.0,2.064629768046,465866224.5329962,589859035.2840358,568390749.8083589,22170757.656633563,14.6153336,2092172.5210416308,0.9730154571653131,55.0
2024-06-24,btc,60258.9554374635,1188100921863.343,525488.0,756391.0,1.9658526057590002,632247019.8647388,1992677156.7472737,1601739976.043632,28623003.83279516,19.66337788,1993134.4920882687,0.6947306353460049,51.0
2024-06-25,btc,61739.6658477498,1217319401227.3342,550745.0,631668.0,2.013824808421,515780460.73663557,1395623414.9976034,1770498523.3849697,23924120.516003046,24.0234603,2047477.7287613617,0.8718899801794614,30.0
2024-06-26,btc,60794.4760584454,1198706106409.1138,465408.0,659381.0,1.9831428158920001,503301903.18315285,1812882988.4242938,1445926373.6518712,22987911.259599667,19.26881426,2047638.6704152375,0.7058256152361078,46.0
2024-06-27,btc,61569.9234275278,1214020888208.7363,427935.0,741302.0,2.00449611147,540737581.8333095,2071532854.0984912,1385001133.0384617,25012781.39243317,18.42543764,2084235.3881067215,0.5772748488470286,40.0
2024-06-28,btc,60303.3147364115,1189071644235.0774,595003.0,752964.0,1.963323618484,561535179.7523502,2074047896.6727781,1638323936.0149143,25440460.904423602,17.89385748,2056366.9534455487,0.790214406000818,47.0
2024-06-29,btc,60889.3298430742,1200656669706.7126,703622.0,720705.0,1.982090071071,653044617.7837796,770557911.8047997,609965378.0784667,29873827.454258278,16.03949068,2080758.5187870783,0.9762968204743966,30.0
2024-06-30,btc,62763.2796861485,1237632202717.0747,518698.0,653363.0,2.04224535277,503301903.18315285,681355973.4502558,654767314.1904294,23732365.131324902,13.47568084,2173186.1040113163,0.7938894611418155,47.0
2024-07-01,btc,62835.3997647575,1239082028945.833,596143.0,907181.0,2.04314593286,586492300.8490242,1445202126.7511728,1385271053.8540971,27686848.021346275,18.49026197,2198144.4744283888,0.6571378809741386,53.0
2024-07-02,btc,62028.6170385739,1223201373387.4177,608523.0,750376.0,2.017079157971,615608939.1336229,1244546333.4703293,1301861999.2332711,28688235.380340427,18.00587384,2173865.9491149858,0.8109574400034116,51.0
2024-07-03,btc,60216.3920859147,1187491669195.1458,536681.0,769767.0,1.956495892684,603130375.5904316,1248962020.7077086,1144150203.591415,27285552.6639301,15.19477075,2113826.290669371,0.6971992823802527,50.0
2024-07-04,btc,57418.2420213326,1132336135774.266,535655.0,715636.0,1.867131113244,582332777.6713909,1847448986.8384454,1590593685.7016485,25120480.88433301,16.9184077,2024291.6827994618,0.7485020317591625,44.0
2024-07-05,btc,56720.9881256575,1118607148795.7935,493163.0,694964.0,1.84216706331,480652547.1920645,2069835003.6838188,2038911185.104989,21447623.635014243,14.77085672,1969264.6192343615,0.7096238078519175,29.0
2024-07-06,btc,58259.221773232,1148973034600.3096,656568.0,720587.0,1.891715119434,652035051.0748852,920316147.276125,930541875.9600328,30039911.22682275,15.35289765,2006691.4343732295,0.911157153820427,26.0
2024-07-07,btc,56112.5725587376,1106662108515.9316,684693.0,594423.0,1.82212870475,557193592.6181126,724373378.7429619,598703498.488702,24724602.283693753,12.69506688,1942074.0419893402,1.151861553136403,29.0
2024-07-08,btc,56691.9149061952,1118116169843.2405,586774.0,798942.0,1.8423149950100002,628324689.305936,1785947160.0933633,1490439240.3545022,28168795.21901574,14.37429054,1971360.9821784745,0.7344387953067932,28.0
2024-07-09,btc,57981.4320967271,1143576800885.0251,644607.0,762581.0,1.8828260999630002,608566046.9111612,1411481679.6161659,1286803496.419166,27903564.19654992,13.30599968,1994310.4759840372,0.8452964340837236,27.0
2024-07-10,btc,57722.0113527177,1138484737067.43,632748.0,646708.0,1.873671456415,537434950.2233378,1520846818.3197594,1495678324.4259603,24531854.824905023,16.23558048,1992648.0588603572,0.9784137508736555,28.0
2024-07-11,btc,57307.712738457,1130338357125.1465,646591.0,646553.0,1.8603917077540002,553241861.8629625,1594774346.970319,1293091663.3444712,25072124.323074937,12.19231647,1988743.3370966618,1.0000587732173543,29.0
2024-07-12,btc,57859.1202819988,1141241450890.7737,659272.0,708446.0,1.8776966974990001,592759140.9620242,1376965799.0720253,1333579784.8110783,27121462.632186938,12.34355143,2000357.984126201,0.9305889227972209,25.0
2024-07-13,btc,59329.0372016365,1170263359782.1216,733907.0,601071.0,1.924461076714,608566046.9111612,768903653.3377378,558286593.124414,28552099.153287567,19.58933961,2015083.9041237263,1.2209988503853955,25.0
2024-07-14,btc,61015.0339412624,1203551433724.7993,588547.0,751254.0,1.978252221421,659938506.8946977,701660062.6671671,667084111.2857225,31842220.838096313,13.01942202,2055227.135907072,0.7834194560028965,33.0
2024-07-15,btc,64734.7611697837,1276955826783.0232,544485.0,787506.0,2.094337235781,604614321.846499,1821126943.0839841,1819569968.297671,30951307.684302833,13.33311612,2170057.3407493066,0.6914042559675736,52.0
2024-07-16,btc,65118.8266583869,1284561804277.9807,536502.0,746639.0,2.10249498714,580903954.3870618,4483357772.879777,1624032510.4163015,29913960.996196482,12.20790622,2192214.8557181386,0.7185560893550966,65.0
2024-07-17,btc,64201.3707805377,1266495577595.2537,617766.0,729938.0,2.0722141993,628324689.305936,1266485283.7470565,1290034182.1161647,31900056.10657967,14.03700729,2163687.1581690675,0.8463266743202847,69.0
2024-07-18,btc,63984.3022022209,1262239275865.345,435804.0,764574.0,2.063284607936,515736551.86932254,1284657404.924638,1495801449.4981418,25793671.8252703,10.045443970000001,2168663.4594639195,0.5699958408211632,61.0
2024-07-19,btc,66755.7833828171,1316943858342.905,507835.0,755308.0,2.146794861585,599556359.5658232,1507278228.589759,1661648110.295352,30665937.991481606,12.22929051,2274504.6149937264,0.6723548539139,60.0
2024-07-20,btc,67185.4978112215,1325455815468.5513,696460.0,673407.0,2.159544550027,672971424.2421774,720603199.6212134,651729544.5918896,34642522.308911085,9.98442967,2287057.312071432,1.0342333833773631,74.0
2024-07-21,btc,68056.6201215663,1342677522206.0012,858284.0,607493.0,2.186185421436,689285884.3643016,556819477.8265411,549075787.8762212,35942402.501702204,10.36967833,2266408.3311877763,1.412829448240556,74.0
2024-07-22,btc,67535.1976738749,1332428244617.5247,827992.0,749350.0,2.167482354881,730072034.6696123,1411099756.4995692,1372245031.8311539,37777501.19882377,13.21311422,2208826.7034645095,1.1049469540268233,70.0
2024-07-23,btc,65916.4081616014,1300525327320.521,827733.0,671794.0,2.109594621683,689285884.3643016,2662882109.536461,2819498234.462891,34812103.06034574,11.31611274,2121154.7052045907,1.23212324015993,71.0
2024-07-24,btc,65353.3857784921,1289445533977.6633,601149.0,681137.0,2.091076478928,571006057.2887083,1416567717.5837755,1433063570.6379902,28592106.278090294,10.18503466,2086585.148786554,0.882566943214067,69.0
2024-07-25,btc,65722.0611917007,1296753108115.7764,708129.0,713877.0,2.101052278672,664814194.1811152,2037767565.9586785,1880149960.9275708,33477174.919522543,10.72105675,2064971.6957683756,0.991948192755895,68.0
2024-07-26,btc,67912.2433091759,1340001251630.1753,458448.0,715636.0,2.167988897972,652578352.0261246,1796897693.5433893,1753075644.2607498,33956121.65458795,10.48366546,2150542.231643154,0.6406161791748878,68.0
2024-07-27,btc,68077.3730812391,1343292249647.731,454253.0,694649.0,2.17149524018,628106661.8429382,1176971685.1918018,937924851.2702569,32762235.795346316,10.11460275,2187084.1591923707,0.6539316978790728,72.0
2024-07-28,btc,68170.6691309176,1345164681876.9836,756828.0,578686.0,2.173689504641,603634977.532957,625536917.8308582,544819733.1102479,31528934.47304939,8.1296834,2160220.508946413,1.3078387934043678,71.0
2024-07-29,btc,66867.167277031,1319480775875.413,821955.0,794379.0,2.130351323441,725993416.7024786,1699163665.237516,2189196628.661977,37194861.79784849,10.87533798,2091881.8516561792,1.0347139086003028,74.0
2024-07-30,btc,66186.9146861484,1306088468540.5605,670957.0,673555.0,2.10753663783,611792207.594019,1395513781.3820727,1508966559.6349134,31025116.25913206,9.78754169,2063355.8269737456,0.9961428539614434,67.0
2024-07-31,btc,64690.6340385739,1276590367647.9438,578053.0,740485.0,2.060104597961,615358184.0246311,1068832367.0369031,1127937425.702377,28504310.623246625,10.54679916,2012058.1136482114,0.7806410663281498,61.0
2024-08-01,btc,65178.0554891876,1286237547913.6736,532152.0,772675.0,2.073446664875,630987878.5179507,1772064344.785116,1974599378.2150617,28515399.276519574,9.41985937,2027663.0382463152,0.6887138835862426,52.0
2024-08-02,btc,61506.7698877849,1213811646574.5771,410307.0,764749.0,1.958129492294,563382038.5632738,1609124782.124256,1434037131.3070335,24026081.987415977,8.9817149,1922456.7293337157,0.5365250559333847,57.0
2024-08-03,btc,60688.2444272355,1197683974936.4004,502369.0,692352.0,1.931910948089,608452598.5330584,819374127.0078132,820187581.8608537,25602853.117739975,8.04342189,1913604.3788856354,0.7255976728600481,37.0
2024-08-04,btc,58306.2644786675,1150701598520.431,526479.0,668340.0,1.85658107668,644509051.7010149,960875436.0404006,1012158303.0432404,26055611.93890454,7.22564665,1855287.8393104968,0.7877412694137714,34.0
2024-08-05,btc,54343.6276773816,1072523586902.1217,550851.0,817104.0,1.734614783702,703100778.3637027,3302147443.3517966,2981413699.566413,26492518.49272353,9.5054762,1732825.0510825594,0.6741504141455678,26.0
2024-08-06,btc,56047.4712866744,1106175094630.1853,483465.0,729981.0,1.790105908673,630987878.5179507,1835139876.184326,1700362692.7646308,24520768.68792005,7.99507133,1803967.8243330177,0.6622980598125157,17.0
2024-08-07,btc,55129.7410376973,1088083425121.3396,381999.0,714826.0,1.7610266594400001,549860865.3802096,1900565858.811551,2166405093.1403165,21018213.770622097,7.81753066,1800762.8482709716,0.534394384087876,29.0
2024-08-08,btc,61908.7896724138,1221904955759.4966,485878.0,722252.0,1.974027468759,581410258.657091,1663504287.9860635,1565599468.6838799,24956980.83669181,9.17395476,2041629.468374564,0.6727264168185065,20.0
2024-08-09,btc,60720.9407594974,1198484835251.1091,394215.0,705635.0,1.9348471510420002,585917318.5481662,1875285468.5845568,1605337199.1274242,24667882.18354582,8.70616098,2034680.0614614217,0.5586670162336052,48.0
2024-08-10,btc,60871.5550727645,1201482137168.4636,556497.0,594175.0,1.937094140148,581410258.657091,609344020.4536033,643640928.6414695,24538845.63870819,6.46378844,2061948.609062962,0.9365877056422771,40.0
2024-08-11,btc,58836.1043722969,1161336033784.414,641944.0,630696.0,1.872742222889,725636064.8387561,700608460.7277349,895259208.7713805,29601915.01231188,6.58820174,1986549.4598264778,1.0178342656366934,39.0
2024-08-12,btc,59394.1629538282,1172376697310.6846,442326.0,714520.0,1.890144044639,617466711.8250475,1627579640.9913752,1533428307.3061078,25428126.014607698,8.37945558,2018030.0114221056,0.6190533505010357,25.0
2024-08-13,btc,60536.2457846289,1194948367404.523,582647.0,706882.0,1.926417221684,671551385.0868212,1749913446.8373375,1122569939.1509378,28187189.443467833,8.01615877,2051064.5360661594,0.8242493089369938,31.0
2024-08-14,btc,58840.6466797195,1161502552681.3994,510189.0,662757.0,1.87350048326,593799520.5910221,1214627953.928693,1271035735.6298609,24271766.755384292,7.93335583,2006891.336661186,0.7697979802552066,30.0
2024-08-15,btc,57644.1876879018,1137913514476.404,658114.0,715632.0,1.835793831991,690944705.1107434,1134232526.8916378,1294078200.5718215,28822093.8439509,8.62865215,1939525.9710322048,0.919626288371677,29.0
2024-08-16,btc,58927.2765087668,1163268220731.6545,581170.0,700335.0,1.876508258409,613213425.7080535,1251106966.2633202,1673587893.9173145,26148978.950765267,8.79411815,1973930.0701477085,0.8298457166927257,27.0
2024-08-17,btc,59414.6743351841,1172917480915.17,706066.0,612305.0,1.891903199321,643442255.8959327,624392577.9150083,473908974.8843285,27664957.737320095,7.26972032,1989145.7504047744,1.1531279346077528,25.0
2024-08-18,btc,58793.2061458212,1160677609428.6133,758170.0,588717.0,1.871999609436,673671086.0838118,654868695.1190965,516564028.4273368,28661687.996087834,7.38767581,1980396.6868440635,1.2878343924160505,31.0
2024-08-19,btc,59411.5190169492,1172908290164.1162,560243.0,687027.0,1.891279440638,561392574.8457611,1394100102.7190375,1151381812.2961392,24135929.600635614,9.13703766,2034459.1705811732,0.8154599455334361,28.0
2024-08-20,btc,59123.3002662186,1167245960130.3333,715687.0,696903.0,1.8824266003710002,647760663.7619168,1277468638.3481371,1191039989.6153145,27714046.999789968,9.64437192,2038788.8919306106,1.0269535358579314,30.0
2024-08-21,btc,61133.0256493279,1206951189414.0603,684872.0,711700.0,1.945233846186,634805446.3824668,1326754327.8424187,1390882995.2543926,28082983.657660004,8.53354842,2097187.6469680113,0.9623043417170156,26.0
2024-08-22,btc,60394.4737749854,1192400134476.1396,797502.0,719227.0,1.9211706948460001,690944705.1107434,1399366101.1049871,1284734684.4757912,30197236.8874927,100.34522908,2060476.0416323787,1.1088321211522927,39.0
2024-08-23,btc,64106.8029152543,1265727472786.8767,799006.0,694990.0,2.035903975825,708218324.137675,1693583704.5206897,1921035416.1633263,32854736.49406783,9.65522128,2142163.543176086,1.1496654628124146,34.0
2024-08-24,btc,64023.226703682,1264107951577.8176,797698.0,611271.0,2.032046751517,660715874.9228643,1135154617.609151,995547562.3542556,30611105.267697956,7.43903817,2095913.0310743195,1.3049825691060102,56.0
2024-08-25,btc,64498.0183413209,1273509292081.1406,703385.0,539499.0,2.046583028581,574347786.0067085,812009493.2832497,840373635.5497497,26806988.873111498,7.10675825,2118203.9331294433,1.3037744277561218,54.0
2024-08-26,btc,62983.4427729398,1243630467610.3735,606871.0,656542.0,1.998001382993,578666193.8726926,1364343576.168949,1406250295.95892,26374316.66116854,8.417358310000001,2095277.5992538263,0.9243445202287135,55.0
2024-08-27,btc,59548.0076215663,1175823003704.9958,676465.0,685194.0,1.8919717992950003,613213425.7080535,1465681092.7485795,1306910294.290545,26424428.382070046,7.7773379,1980378.745724106,0.9872605422697805,48.0
2024-08-28,btc,59100.7747548217,1167021768381.195,721912.0,740845.0,1.8758270729480002,704440301.0132378,1969364688.187204,2437200326.300963,29735077.298519667,7.74423375,1948692.514966531,0.9744440470003847,30.0
2024-08-29,btc,59339.7909947399,1171765932988.4946,525910.0,723280.0,1.883349152914,587091198.731184,1245240456.3233318,1234167447.448213,24477663.78533021,8.19689202,1957342.9324306683,0.7271181285256055,29.0
2024-08-30,btc,59142.9399640561,1167905016492.7954,548197.0,826297.0,1.876982694923,631567801.6874318,1283303043.3433268,1179995921.7171586,26244679.609049894,7.9546598,1934976.0189256726,0.6634382068433021,34.0
2024-08-31,btc,58959.926273232,1164318100826.983,695519.0,670825.0,1.87073697854,653806103.1655557,713220999.166582,570329522.4713012,27084716.13176595,6.4177164,1907235.6238745516,1.0368113889613535,29.0
2024-09-01,btc,57349.0807180012,1132533186813.8843,656333.0,660770.0,1.820019010688,631567801.6874318,660988249.5565431,639065982.2042433,25448654.568613034,6.3825282,1841182.6067390859,0.9932851067693751,26.0
2024-09-02,btc,59159.0238877849,1168306929893.2593,739986.0,717673.0,1.877143284457,742759315.4826825,1060403767.1763954,911497647.5626967,30873615.591437746,7.69021658,1878709.7576507998,1.03109076139133,26.0
2024-09-03,btc,57637.7754444769,1138291265398.3298,592324.0,699302.0,1.8297296998850001,662701425.0377315,1172738690.4012122,1521239226.572841,26837589.191334557,8.42822766,1819070.147102611,0.8470217445395551,26.0
2024-09-04,btc,58033.3989704851,1146131838403.5774,728756.0,699461.0,1.841861370616,671596746.9099072,1110744854.5445714,1133946471.1557305,27384510.139197655,7.74885958,1796054.5897549675,1.0418822493319857,27.0
2024-09-05,btc,56112.9529400935,1108231128685.7102,714387.0,734546.0,1.781930708989,689387390.6542588,1177064166.8393888,887709212.795651,27179711.58035779,10.81990512,1714732.600726846,0.972555837211012,29.0
2024-09-06,btc,53838.9534623028,1063344022288.459,665444.0,726287.0,1.710811543806,644910781.2933799,1544440559.313202,1531397180.7534964,24395775.787605956,7.59197643,1620984.7886703261,0.9162273316195939,22.0
2024-09-07,btc,54066.4399248977,1067863679558.0648,794571.0,606660.0,1.7182066342670002,702730370.2602069,550961496.2060821,660770347.0472957,26695304.71291824,6.46683071,1607044.7588585415,1.30974681040451,23.0
2024-09-08,btc,54859.2584082408,1083551229332.9729,906655.0,596940.0,1.743469313486,742759315.4826825,778576793.1170377,398556227.2517915,28629675.481800668,6.33151484,1607778.657708896,1.5188377391362615,29.0
2024-09-09,btc,57135.7814371712,1128541804948.6787,570838.0,736827.0,1.814072811646,644910781.2933799,1198107029.9781034,1547604124.8244286,25889650.9637182,6.91182253,1663209.041787119,0.7747245961399352,26.0
2024-09-10,btc,57664.4998214494,1139009699685.7004,556413.0,733172.0,1.8308505690330001,609329500.2093079,2656670098.8451495,3119851986.589837,24687613.986058023,7.09570672,1680957.3844247337,0.7589119606313389,33.0
2024-09-11,btc,57409.1950663355,1133986205007.4746,408991.0,662704.0,1.8228024761650001,496254188.9565946,1715928822.8264759,2101941854.5595398,19375603.33488823,6.59198231,1682518.0286664928,0.6171548685385934,37.0
2024-09-12,btc,58124.6418065459,1148145814023.1392,561823.0,775748.0,1.8449236926110002,700222817.5061857,1540738496.4839027,1418656728.4884684,27609204.858109303,8.30613518,1712263.6811448073,0.7242339006997117,31.0
2024-09-13,btc,60536.8814503215,1195818457804.4062,422965.0,794367.0,1.9181664171350001,566627674.5179347,1495072607.7773223,1694912270.5028522,23268863.807467327,7.5291349400000005,1798514.0786473781,0.5324554015964913,32.0
2024-09-14,btc,60007.1702507306,1185380845498.9973,637192.0,688474.0,1.901061522523,640335338.4711611,978501030.9390528,1028481552.5331452,26065614.577661105,6.77228776,1789435.9439744647,0.9255135270177233,50.0
2024-09-15,btc,59129.9197536528,1168079552742.054,730022.0,643849.0,1.873189573393,695616084.7776585,858467483.9037657,839812653.7577957,27901930.883754916,6.03449901,1765998.1509026184,1.1338403880412955,51.0
2024-09-16,btc,58227.46421654,1150274777284.253,486773.0,746172.0,1.844209085413,575841133.3412993,1581676432.9122021,1225462783.8892534,22745103.20958594,6.69885955,1746005.9632980225,0.6523603137078314,39.0
2024-09-17,btc,60238.2177255991,1190025146381.112,551806.0,732953.0,1.9065555693860001,691009358.6828212,1436565678.3334599,1511671989.9916196,28236664.558874577,8.05436086,1822534.81113814,0.7528531843105902,33.0
2024-09-18,btc,61306.2337317358,1211150580513.792,535050.0,720313.0,1.9384869881350002,635728605.7426339,1578442880.7406523,1471193137.7085116,26438313.296811063,7.11434967,1870214.6097499467,0.7428020874258829,45.0
2024-09-19,btc,62994.6096528346,1244529728528.0693,449403.0,746741.0,1.989407371018,562020941.7894076,2197748514.6314945,2024674078.4772034,24016694.930143192,10.00384875,1959371.9430547415,0.6018191046159244,49.0
2024-09-20,btc,63153.9518270018,1247706329948.0483,524801.0,822445.0,1.991251479392,667975708.307565,1742956265.3261154,1640173172.2512105,28616634.42161019,9.57190122,1995134.1874810674,0.6380985962587163,54.0
2024-09-21,btc,63367.7296078317,1251956581811.1748,564640.0,665209.0,1.997224680189,621908420.8244321,874518448.9538805,735741497.7569646,26733260.928303998,5.89529395,2028934.8724227592,0.8488159360441605,54.0
2024-09-22,btc,63571.9521729983,1256018426232.2214,629903.0,595289.0,2.00309504051,626515146.9192694,790610445.1755695,711894109.1615607,27018079.67352428,5.26931683,2044211.7033880127,1.0581465473072742,52.0
2024-09-23,btc,63336.0126347165,1251385764258.5867,573531.0,796781.0,1.993210662996,672582441.036092,1443959451.16966,1523022367.6569037,28897055.764589403,7.83739591,2040626.4774076415,0.71981008583287,50.0
2024-09-24,btc,64342.7891113384,1271306695183.4255,531570.0,749184.0,2.02322807255,667975708.307565,1506999223.4002383,1656496369.0003178,29155326.316075213,6.91630544,2090754.336316326,0.7095319707842133,54.0
2024-09-25,btc,63059.6269167154,1245981917271.0693,504605.0,713234.0,1.980828516174,655944699.4434932,1978736120.0168653,1492578223.023847,28376832.11252193,6.62531601,2075597.7415344715,0.707488706371261,59.0
2024-09-26,btc,65057.7861461134,1285489555328.316,483781.0,721855.0,2.040909822528,571298869.5864017,1742379498.9765608,1843679337.839879,26429725.621858567,8.76025312,2146791.637500059,0.670191381925733,50.0
2024-09-27,btc,65767.7132542373,1299545301087.6184,434448.0,751618.0,2.061133588941,602061115.6314254,1718677357.7859948,2246424967.5363383,28156802.236970343,10.96442965,2185089.49874003,0.5780170246055842,61.0
2024-09-28,btc,65770.5276478667,1299627426191.8003,521838.0,649697.0,2.059734897491,566904259.3924077,955024339.8492013,870029416.5630776,26513743.958046265,9.9366052,2208259.0800710903,0.8032021080596031,64.0
2024-09-29,btc,65617.7610689655,1296640538015.1348,685081.0,680061.0,2.054377793402,681164035.8409815,938854016.5441741,745176530.9551138,31783603.017780162,7.51745261,2199347.0681664795,1.0073816907600937,63.0
2024-09-30,btc,63260.0425482174,1250077896709.859,593815.0,732082.0,1.980655974681,602061115.6314254,2238038982.354344,2244161668.8128047,27083205.715955574,7.39176461,2139311.1522110635,0.8111318131029037,61.0
2024-10-01,btc,60858.2487086499,1202646051653.5708,624352.0,863700.0,1.906306811115,689953249.9007359,1934679503.398555,1639830620.5897522,29858578.272681355,7.89629034,2054118.0306663855,0.722880629848327,50.0
2024-10-02,btc,60686.0993135593,1199273528113.5735,599545.0,711643.0,1.9011356320780002,681164035.8409815,1499077638.9909623,1430963627.0192447,29394829.355005287,6.8074531,2064630.907640771,0.8424800075318664,42.0
2024-10-03,btc,60765.2367498539,1200867438226.5305,574536.0,737116.0,1.9036677655940002,694347853.7664963,1366693706.397611,1357055108.875425,30002835.645240363,7.60769711,2085305.8069006791,0.7794377004433495,37.0
2024-10-04,btc,62052.5100496785,1226339830656.776,571667.0,784413.0,1.9426530369990003,742688527.9310287,1357756600.7775493,1303560802.9369235,32771481.86998646,7.36742345,2141996.1279333155,0.728783179269084,41.0
2024-10-05,btc,62030.4538977206,1225933206941.341,759113.0,608641.0,1.9416000184480002,663585607.7214726,668792046.0366905,660350039.4518657,29270620.432986908,11.98735357,2146032.6894170246,1.247226197380722,49.0
2024-10-06,btc,62789.8814555815,1240971909274.3645,744069.0,610738.0,1.964736190677,667980217.9154667,807240899.045471,970435757.1631461,29825193.691401213,9.89011969,2194666.5175025715,1.2183112889651537,50.0
2024-10-07,btc,62416.508829924,1233622849152.0454,717392.0,719501.0,1.952455630153,681164035.8409815,1525792601.2838755,1684116064.3877108,30232996.464494437,15.187683,2161660.2771589356,0.9970688018501712,50.0
2024-10-08,btc,62126.3273769725,1227920018306.1497,711462.0,822783.0,1.926780183281,733899313.8712744,1531186298.6514213,1709685830.5519233,32422177.099857524,14.45446138,2130989.8177974396,0.8647018715748866,49.0
2024-10-09,btc,60615.2581917008,1198077958961.5269,534258.0,668278.0,1.880158282942,575872986.8706377,1537468686.0426888,1318546120.6494362,24056680.594831254,15.04769008,2063181.8062455375,0.7994547179467227,49.0
2024-10-10,btc,60221.1172869667,1190316820566.9536,759342.0,679738.0,1.868650690361,709250576.1991408,1300336836.9743207,1227145468.7745068,29169603.685874496,25.35958928,2025214.3151514435,1.1171098276100497,39.0
2024-10-11,btc,62462.539962595,1234647595504.9775,631180.0,718986.0,1.9319116698910002,640613421.5382024,1557676136.810824,1585110791.4315891,27327361.233635314,45.73079814,2074393.6186772338,0.8778752298375768,32.0
2024-10-12,btc,63202.8806992987,1249309568739.937,732389.0,606243.0,1.953970337674,654340856.4238901,799298961.65817,859194739.99934,28243787.312499106,44.38733295,2087105.6993674266,1.2080782788419826,49.0
2024-10-13,btc,62759.431113384,1240571118552.432,643752.0,609844.0,1.9395474296050002,631461800.4774662,705768818.4069281,683360380.6814296,27065004.66764685,24.42843919,2083230.1085520585,1.0556011045447689,50.0
2024-10-14,btc,66089.7587410871,1306430701379.4465,609666.0,722649.0,2.039522213226,636037614.3024176,2233266101.659804,2023204509.4939065,28707738.95315971,25.83263721,2177774.0386673035,0.8436543882299705,48.0
2024-10-15,btc,66933.974833723,1323151391127.9893,648296.0,787245.0,2.060181206339,713826383.4349256,2399665088.315822,2834873180.2037845,32630312.731439963,25.75104629,2193048.9151044735,0.8234996729099582,65.0
2024-10-16,btc,67662.9534038574,1337591659770.7974,722995.0,614677.0,2.079852586869,645189235.3631539,2586616571.6740575,2231903308.4881606,29813988.843574665,61.92289461,2192589.641123859,1.1762193802598764,73.0
2024-10-17,btc,67337.9075482174,1331199044933.5322,637858.0,765780.0,2.067823405287,718402197.2598771,1761441527.935223,1955093514.9601943,33037660.890844163,50.32160159,2158298.8687034626,0.8329520227741649,71.0
2024-10-18,btc,68390.5375625365,1352037490364.0718,471530.0,723986.0,2.097751626956,622310179.41673,2299913958.5869365,2603356394.262734,29065978.464078013,24.71878877,2198867.310970322,0.6512971245300323,73.0
2024-10-19,btc,68357.8982963179,1351429188789.67,738236.0,685573.0,2.095293659588,791615159.1566001,976083457.6380281,929448973.6391815,36955988.766446866,15.38628622,2175937.9148446606,1.0768160356373428,72.0
2024-10-20,btc,69012.3532089421,1364405010361.8098,785369.0,688498.0,2.110307256847,791615159.1566001,869940487.3069983,773440831.6389049,37309803.45358432,13.55162116,2177364.9695874173,1.1406990289005923,73.0
2024-10-21,btc,67440.4625058445,1333364068408.3066,837363.0,717571.0,2.056928495458,782463538.0958639,1863696791.5189483,1923546361.8102086,36038497.15156066,18.03407499,2096306.8668394762,1.166940971694787,72.0
2024-10-22,btc,67425.7553211572,1333102370303.0415,696851.0,639877.0,2.0548573040083666,639026240.6203893,1806053662.758957,1937086010.8895493,29077356.982249044,25.73374623,2076623.3399727342,1.0890389871803487,70.0
2024-10-23,btc,66647.2866642315,1317742395147.647,655119.0,740774.0,2.030149964645596,718143297.5144315,2064582912.096607,2002490548.894926,31449188.39468424,23.72766322,2035650.7730730965,0.8843709417447156,71.0
2024-10-24,btc,68130.9948369374,1347109398128.7732,700022.0,656927.0,2.0735534317639304,699119632.4620647,1477349778.4213731,1558594075.8741617,31297675.753218118,49.28574683,2056482.439406718,1.0656008962944132,69.0
2024-10-25,btc,66261.5376861485,1310177531436.6272,503588.0,859095.0,2.015882390039284,727655130.0406147,2011461094.8138509,2790226068.124014,31681297.70618975,34.73362813,1992591.4148668004,0.5861842985932871,72.0
2024-10-26,btc,67023.3399611338,1325271090943.3503,603956.0,727063.0,2.038385405545456,694363719.6232325,1156889655.461078,927288903.877277,30579398.857267298,10.27423282,2006596.4339213606,0.8306790470701989,
2024-10-27,btc,68000.1475008767,1344619989932.5823,695610.0,654362.0,2.0672450714484367,765702460.1453481,929421443.4557042,853853409.5794097,34212574.21137859,8.21010153,2034734.163168367,1.0630354452122832,74.0
2024-10-28,btc,69862.5205470485,1381482823559.9583,713082.0,756668.0,2.12079659111609,798993870.5627303,2263745500.585034,2677973239.733127,36677823.287200466,7.43238722,2077127.9635461622,0.94239745833047,72.0
2024-10-29,btc,72678.7866201052,1437208187257.8213,617786.0,831182.0,2.1993875776152856,746678795.0929815,3551228959.0327544,3277292753.76719,35658029.68548911,11.48863344,2161675.981391684,0.7432620051926052,72.0
2024-10-30,btc,72450.2843819404,1432727864892.0596,674680.0,794409.0,2.1895048875101897,803749783.4015626,2587335821.3712564,2987486956.234688,38262806.43921227,9.51950036,2146274.773371704,0.8492854436442688,77.0
2024-10-31,btc,70367.0819576271,1391566605240.4385,562286.0,789382.0,2.125316419355179,751434707.9318137,2838306373.7977114,2579033493.2199106,34743746.71657838,65.59262752,2085980.945615438,0.7123116564603703,77.0
2024-11-01,btc,69483.5830303916,1374127913099.305,547824.0,819093.0,2.096717117505966,727655130.0406147,2508457716.357782,2152282108.864546,33221838.136405982,8.45088325,2062472.7388795423,0.6688178265471686,75.0
2024-11-02,btc,69241.6794865576,1369374466600.2305,540251.0,690705.0,2.088469515716,670584141.7320336,979478027.1318133,976344752.6642603,30509615.023764443,6.98802368,2079737.6958350476,0.7821732867142992,72.0
2024-11-03,btc,68742.7546227352,1359535717301.9387,455287.0,627617.0,2.072996077959187,627780898.788468,1262657249.0235677,1250633523.6970768,28356386.28187827,5.25744622,2097652.3995108004,0.7254217141983088,74.0
2024-11-04,btc,67779.0969795441,1340509299537.1174,462249.0,811710.0,2.0421715913323313,722003987.1010513,2063125882.2515738,1620344008.1930177,31983261.387222372,6.53551271,2097789.9799527745,0.5694755516132609,70.0
2024-11-05,btc,69538.0241729982,1375326900715.9146,457869.0,768957.0,2.0934035678438234,702351990.309251,3097708168.592795,2155229132.5939126,30205579.250146095,6.32291368,2183220.2100702925,0.5954416176717293,70.0
2024-11-06,btc,75696.0366192285,1497156604749.206,500965.0,894241.0,2.265383861200003,773092476.7620561,4776996955.24404,5243705029.872821,36192167.50856863,8.31425928,2381109.350078295,0.5602125154181031,70.0
2024-11-07,btc,75972.2955546464,1502657637883.2903,567009.0,792482.0,2.268079148113374,788251150.3516102,3080907590.358743,3723624784.4365945,37036494.08289012,6.82760192,2416255.0712334053,0.7154850204799604,77.0
2024-11-08,btc,76507.4474012273,1513276367734.307,481877.0,848426.0,2.2784564278185018,717510663.898805,4111118321.4311914,4944607896.990401,33950179.78429461,7.83022716,2454374.135454265,0.5679658567747806,75.0
2024-11-09,btc,76799.2527469316,1519081480991.7898,587132.0,654475.0,2.2854908075229896,702351990.309251,1635425125.131777,1607501832.4060364,33359675.411948413,13.58884107,2484695.5977571243,0.8971037854769089,75.0
2024-11-10,btc,80409.2865666277,1590524775490.166,553582.0,793243.0,2.386299165227104,747828018.3540778,2777506695.640825,2725900914.8817396,37189295.03706531,10.40340315,2615328.2671347405,0.6978719005399354,78.0
2024-11-11,btc,88859.998448568,1757720678966.7961,461089.0,941403.0,2.614736204421691,687193309.4435323,4253166611.784786,4009344121.4257374,37765499.3406414,16.33887419,2915691.6979494137,0.48978917636761304,76.0
2024-11-12,btc,88048.7488877849,1741713696652.337,502742.0,1007782.0,2.574402718870185,737722233.5356535,6117714814.977129,5736573807.771262,40172241.68005186,19.53908127,2914269.1677152934,0.49885987247241964,80.0
2024-11-13,btc,90369.3819693162,1787657675322.5647,570985.0,859128.0,2.6237625094988872,697299094.2619566,4731327493.493375,4828728371.209408,38971795.97426761,22.97549117,3018563.517791509,0.6646099300686277,84.0
2024-11-14,btc,87204.2569827586,1725080813100.306,503550.0,839766.0,2.516917131040333,641717281.3987055,4808549877.234495,5423691829.261917,34609189.49003232,24.82924316,2936684.6266295062,0.5996313258693493,88.0
2024-11-15,btc,91139.0844427236,1802962571173.1033,559376.0,886479.0,2.6166281818489865,757933803.172502,4080322897.9171276,4203261471.878882,42721445.832526684,41.00771635,3052960.874908003,0.6310087435799382,80.0
2024-11-16,btc,90567.6957568673,1791703486489.7222,608007.0,802492.0,2.596325157424582,793304046.3989046,2283254806.3157578,2138112113.8081062,44434775.73071302,17.77681763,3057979.291934807,0.7576486743793085,86.0
2024-11-17,btc,89732.9704292811,1775232152213.3113,598836.0,717710.0,2.570045957525609,757933803.172502,1904774721.2897537,1494385139.941949,42062329.88872552,9.62792329,3064713.176473795,0.8343704281673656,90.0
2024-11-18,btc,90587.6965534775,1792185787343.076,676948.0,796834.0,2.586767436063493,789337179.1728685,3765301425.3406186,3891252418.9942865,44161502.069820285,17.43262085,3124888.426819278,0.8495470825793076,83.0
2024-11-19,btc,92254.1385800701,1825205105778.552,815851.0,757888.0,2.616096692148944,889845956.7430438,3900413468.704923,4094820315.540504,50451482.035975836,25.38338346,3159051.753163207,1.0764796381523392,90.0
2024-11-20,btc,94160.0406858562,1862955744741.5977,669311.0,750264.0,2.6545840511759584,747470599.8566331,3762177617.7998414,5014465178.038927,43254768.69006519,21.83644136,3221564.1207877304,0.8921006472388386,83.0
2024-11-21,btc,98545.5688798948,1949767734681.4053,480041.0,977195.0,2.735703520509395,732216100.2096523,5490464473.15789,5927378760.902991,44345505.99595266,21.35338055,3418124.6029215264,0.49124381520576754,82.0
2024-11-22,btc,98938.3495450029,1957583287126.9268,539627.0,902930.0,2.7268624607806946,727131269.4347124,6637688640.599318,5830178989.353775,44213074.95292317,19.41600607,3424099.7917737365,0.5976399056405258,94.0
2024-11-23,btc,97707.0484590883,1933263035602.37,451335.0,877099.0,2.682475835762373,701707093.5935298,3311927182.090487,3297989391.6843567,42136164.64798183,13.33536165,3414110.7889087885,0.5145770317831853,93.0
2024-11-24,btc,97980.2082819988,1938708892763.7039,463815.0,790852.0,2.684190145202477,681367763.1716092,2895674272.8575044,2904240510.2634645,41029212.218086995,9.16009539,3474523.9060367756,0.5864750926848513,80.0
2024-11-25,btc,93343.0290745178,1847003530882.5168,598037.0,956417.0,2.550936868826199,859336950.1269213,4230548647.187099,3928053710.3726306,49296787.229979716,11.6169858,3334726.703285042,0.6252889691421211,82.0
2024-11-26,btc,91875.5699593805,1818006432546.3628,475347.0,790710.0,2.504171774475637,706791931.6906307,4989189706.892877,5797909310.482024,39908450.70110591,17.23152108,3312800.0057854154,0.6011647759608453,79.0
2024-11-27,btc,95989.0802273524,1899443244839.8486,462955.0,800136.0,2.606953545179931,676282925.0745082,4011210063.1551204,5163071989.43454,39895461.469493344,9.91088139,3509553.1613624934,0.5785953887839067,75.0
2024-11-28,btc,95737.9402822911,1894516141679.913,523444.0,754947.0,2.5937387638687115,722046431.3376114,2901168505.237663,4178817063.0651126,42483711.00026668,13.9498591,3509444.6077688597,0.6933519836491833,77.0
2024-11-29,btc,97398.9417399182,1927421800509.8132,348672.0,767132.0,2.630994842256662,615264919.1644242,2922889254.620258,3826788934.8929477,36828974.84540657,13.01648571,3618069.6298682443,0.45451369516589063,78.0
2024-11-30,btc,96463.6248980129,1908962307847.3223,633055.0,828664.0,2.6035102735918114,833912781.6078997,2156379916.887662,2184365933.2237153,49437607.760231614,9.98037754,3561261.213175662,0.763946545282527,84.0
2024-12-01,btc,97469.6044529515,1928918216380.875,698852.0,739652.0,2.627590012401485,803403774.9917772,2349619121.8277016,1850274624.2689726,48125617.1986448,21.31730326,3541026.368079669,0.9448389242508639,81.0
2024-12-02,btc,95726.4417258913,1894459110890.3772,310261.0,925715.0,2.572610271286454,649987948.1056839,3622097479.264951,4239650993.2455497,37991431.55996311,18.29973793,3512771.7102685897,0.3351582290445764,80.0
2024-12-03,btc,96010.8774228521,1900135290511.2388,437755.0,918415.0,2.5714581344527003,811042072.2804599,4118651603.587372,4378145283.036803,47105336.735586815,15.34214632,3527995.9793201666,0.4766418231409548,76.0
2024-12-04,btc,98920.2528255406,1957759688318.8252,503460.0,887569.0,2.6375374682187815,759383337.5345526,3919693117.767618,4291928414.677627,45441491.141732715,11.7681086,3634386.352705588,0.5672347727331621,78.0
2024-12-05,btc,96949.6644117475,1918806150363.6316,509543.0,968792.0,2.5624396365200885,800710325.3312784,5666195141.756981,6400394362.831209,46959993.699440196,14.40977231,3575696.3725418304,0.5259570681838827,84.0
2024-12-06,btc,99953.1056580947,1978292068450.6501,433339.0,872253.0,2.619701356628037,702558733.033483,4373568671.526044,4611486266.046305,42480069.90469025,15.45416475,3698495.9562598574,0.4968042528945157,72.0
2024-12-07,btc,99977.7002282291,1978823210378.2974,443750.0,798958.0,2.6172416537051104,733553973.8810275,2579395879.8089724,2066854864.7038887,44365104.476276666,17.9532308,3735248.397171707,0.5554109227268518,75.0
2024-12-08,btc,100798.98356429,1995124567555.0059,419481.0,851865.0,2.635830347444721,754217467.7793905,2216286744.411675,2104807098.5440211,45989536.251207314,15.19391832,3800375.843060683,0.49242661689352185,79.0
2024-12-09,btc,97390.1988597311,1927704967520.9807,401306.0,915304.0,2.5283215621984017,862700799.5875101,5879171737.060814,5485868409.207695,50825510.029922165,15.76046721,3686947.761401868,0.43844012481099176,78.0
2024-12-10,btc,96835.5017387493,1916772101161.006,441945.0,985635.0,2.504255955643038,795544448.1372591,4137622628.066235,4165731649.7661166,46602085.2117731,16.08278745,3681325.596150444,0.44838606583573026,78.0
2024-12-11,btc,101310.201899766,2005389739960.3052,482129.0,858578.0,2.607825988676539,733553973.8810275,4380962800.313908,5015677625.744592,44956402.09302116,19.09109099,3875141.7677652896,0.5615436221286826,74.0
2024-12-12,btc,100090.890479544,1981300299243.6243,471573.0,883811.0,2.5725090268010704,764549214.7285719,2813943808.7285056,3000088845.167523,46292036.8467891,19.3308715,3837059.945273501,0.533567697166023,83.0
2024-12-13,btc,101289.823976914,2005087006885.8284,527292.0,936834.0,2.5964143923269845,878198423.730711,2829341313.710675,3603040668.7579427,53810218.98773556,14.55124844,3891762.4165370124,0.5628446448356913,76.0
2024-12-14,btc,101366.87166803,2006662563398.3247,523313.0,774578.0,2.5956011229498386,821373819.2296414,1660152506.7012024,1924671215.2251978,50366664.36005241,11.9293312,3917821.784380863,0.6756104614383575,83.0
2024-12-15,btc,104551.367141146,2069747720545.4941,370567.0,789756.0,2.671579602981782,707724610.2275023,2010587440.9059637,1842312751.236988,44761054.05730313,9.47781511,4106350.1558756614,0.4692170746407751,80.0
2024-12-16,btc,105855.672229982,2095617308590.0566,412496.0,952348.0,2.690487024205537,797498864.7082182,4142815297.783283,4359336996.7900305,48958248.406366676,12.42637813,4237070.03017511,0.4331357864982128,83.0
2024-12-17,btc,106115.910582992,2100814326264.9373,417545.0,829977.0,2.6825053486643022,733677846.6894215,3411643022.0205297,3642275677.204139,45099261.9977716,12.68251366,4373362.474962781,0.5030802058370292,87.0
2024-12-18,btc,100469.770656926,1989080900958.294,415402.0,890898.0,2.5337669288940026,776835370.7386128,3668178457.7843733,4765055212.016578,45211396.7956167,13.44800318,4220433.68753255,0.46627335564789685,81.0
2024-12-19,btc,97697.045779661,1934231301840.7524,437556.0,861604.0,2.449250681750823,782230057.3605849,4120390465.69232,3398868756.335576,44268973.86890889,22.52973589,4117309.245348136,0.5078388679718293,75.0
2024-12-20,btc,97617.4422051432,1932701352301.5586,391262.0,882836.0,2.438923701718572,814598200.3974782,5378690768.670937,4840512551.060106,46063230.540551946,15.103959,4160985.1183922323,0.44318763620876356,74.0
2024-12-21,btc,97093.0190832846,1922362435573.6519,334464.0,744752.0,2.424795342221161,782230057.3605849,1876737340.9619536,1892303814.6698983,43995274.27211333,10.67149899,4176255.091785049,0.4490944636603863,73.0
2024-12-22,btc,95149.1058252484,1883920629195.253,332182.0,758970.0,2.36832468298583,836176962.4220738,1937388142.4130177,1848406231.9007726,46087848.13410469,8.23399629,4134972.792349655,0.4376747434022425,73.0
2024-12-23,btc,94800.7562060199,1877064601089.3376,298335.0,804969.0,2.3466031181287983,749861922.0920451,3557346543.425366,3335303018.173857,41179078.476989895,11.00316454,4219043.371543233,0.37061675667013266,70.0
2024-12-24,btc,98637.7330543542,1953077820204.9307,323103.0,763920.0,2.4325472895826454,712099092.4331796,5621482999.034435,2981682335.261456,40688064.88492111,9.51769171,4444210.85168115,0.42295397423814013,73.0
2024-12-25,btc,99235.3678869082,1964958123095.0613,407080.0,702219.0,2.4457574461003446,814598200.3974782,2109042399.995988,2225012193.5884852,46826689.221634805,7.64520668,4491640.117639208,0.5797051916852151,73.0
2024-12-26,btc,95628.3030902981,1893573831131.2705,298230.0,739743.0,2.3548963638187823,706704398.0428538,2741310886.2835827,3453555281.8462734,39147836.577590786,7.73055662,4409538.969369759,0.40315352764406015,79.0
2024-12-27,btc,94219.9821461134,1865733631847.3726,348548.0,846364.0,2.316536046291274,852361030.0563437,3327158756.1839356,4082128601.7713566,46521116.18464349,6.83222029,4344752.691966086,0.41181808299974954,74.0
2024-12-28,btc,95123.5811098773,1883669106004.3425,291855.0,704798.0,2.3373921900161463,771440684.1166407,1587815556.8022585,1714807160.587242,42508350.30847642,5.5634798,4514630.871294119,0.41409737258051244,72.0
2024-12-29,btc,93457.5783202806,1850724503071.0579,432661.0,727603.0,2.293980618606982,853362734.1174872,1706062814.12466,2258066676.3256536,46144679.29563855,6.67212669,4539096.063191508,0.5946388346392195,73.0
2024-12-30,btc,92523.163085038,1832266408959.4832,362074.0,812462.0,2.264447243535571,867710158.6044941,3069474088.442546,4915821464.165303,45972446.65787826,6.88225012,4473522.755865677,0.4456503811870586,65.0
2024-12-31,btc,93389.7326016949,1849465014110.3464,315699.0,780332.0,2.2808124449322915,703991256.0098306,2763012497.1044335,5772776995.004123,37647735.955058254,6.05174448,4564088.949249898,0.4045701060574217,64.0
2025-01-01,btc,94455.7965718878,1870618380200.1174,290700.0,661798.0,2.3030404933089104,764021519.2467396,2352937927.9868755,2666284758.016094,41324411.00020091,4.63322656,4704508.372137184,0.43925790044696417,66.0
2025-01-02,btc,96851.393682934,1918111729016.9207,412640.0,806065.0,2.3578841474857937,911368526.8668325,3118449148.7354436,3079564838.742463,50544321.07828118,5.66261043,4866306.983390135,0.5119190139752997,70.0
2025-01-03,btc,98120.6846759205,1943293181040.9524,400483.0,774077.0,2.3862905574570155,774936113.276951,2819865771.821775,2277406799.6137395,43541053.82493972,6.06347884,4944914.208098976,0.5173684271719738,74.0
2025-01-04,btc,98230.0478571011,1945504870252.1658,439080.0,699568.0,2.3875160097101222,813137188.4534372,1549555085.942869,1693916330.6414113,45738366.0334627,6.02843849,4952644.005311087,0.6276444891704595,73.0
2025-01-05,btc,98414.8120964348,1949212211950.715,433093.0,672568.0,2.390965860098841,851338263.6299235,1731840997.7599897,1540201653.141544,47977220.897011966,5.86404186,4955948.414297317,0.6439393488836817,72.0
2025-01-06,btc,102179.560366745,2023819606221.7131,364707.0,765227.0,2.477062799747396,725820444.0702534,3604437149.4186096,3897117594.867897,42468379.77742839,6.67936903,5162798.532710323,0.4765997540599064,76.0
2025-01-07,btc,96974.9957857978,1920775996884.6814,344525.0,780759.0,2.3467027834219376,731277745.0146126,3216670186.569448,3600172720.1096554,40608279.48530283,7.24543198,4943812.400092428,0.44126932894785714,78.0
2025-01-08,btc,95039.2809210988,1882472571006.6912,408966.0,739012.0,2.2986659046669535,682162075.8079149,3258093317.0278716,3181426660.6088595,37124719.10980422,7.530428,4878031.42588087,0.5533956146855531,70.0
2025-01-09,btc,92346.1691589714,1829173131917.1707,528450.0,742304.0,2.233820238836667,829509083.4280078,3122359620.8872633,3077406053.6461964,43864430.35051142,7.20633832,4715098.089069172,0.7119050954864853,69.0
2025-01-10,btc,94759.1196358854,1877010385895.271,405326.0,797315.0,2.290082536703305,774936113.276951,3184521507.544058,3025314456.2182207,42049359.338424146,6.9081061,4893353.564073433,0.5083636956535372,50.0
2025-01-11,btc,94606.5080099357,1874028218724.5142,368077.0,680515.0,2.285501707170164,753106925.2165282,1747129829.4392176,1796381935.3241482,40799056.57928477,5.57448942,4957228.593108694,0.5408800687714451,69.0
2025-01-12,btc,94353.7752586207,1869072635804.9495,380129.0,706797.0,2.278657758123868,939920313.6991916,1654960227.0366375,1400112806.2593808,50715154.20150863,4.87193051,4939657.741284445,0.5378192040996213,62.0
2025-01-13,btc,94375.7299102864,1869545289653.9631,407646.0,730319.0,2.2779845089607447,702796045.256185,2935537592.332398,2558565090.3268933,37750291.96411456,7.68337237,4943169.760831675,0.5581752631384368,61.0
2025-01-14,btc,96569.475726768,1913048986189.6113,348098.0,790420.0,2.3280580564665416,845551487.3779281,3453915267.049859,3078531503.2748365,46474060.1935071,6.56850422,5091585.801803864,0.4403962450342856,63.0
2025-01-15,btc,100172.405985096,1984466832794.9482,356513.0,804761.0,2.4095410827754344,763192581.1983879,3541818503.7719045,2954821454.808907,43512388.849776074,7.57681134,5311395.77721957,0.4430048175793807,70.0
2025-01-16,btc,99977.7298234951,1980650188550.2842,381403.0,787871.0,2.3989108291075403,702796045.256185,3281353660.928444,3584433541.1922374,39991091.92939804,7.64525217,5329788.734158042,0.48409320815209594,75.0
2025-01-17,btc,104296.588034191,2066259604648.9434,420369.0,844973.0,2.495913169030756,823589117.1405907,3831974148.592883,5396024049.99646,48889025.64102703,8.75065982,5544647.447180701,0.4974940027669523,75.0
2025-01-18,btc,104398.156261251,2068314222988.1396,360806.0,730835.0,2.4946785705686336,713777234.3280816,2721247721.3315663,2626897966.7995944,42411750.981133215,6.13599716,5536184.616829447,0.4936900942073108,77.0
2025-01-19,btc,100954.572281999,2000137986542.0994,381533.0,777201.0,2.4106728700866626,823589117.1405907,3279334633.326989,2767511106.3363433,47322455.75718703,6.38180377,5328561.012255776,0.490906470784263,77.0
2025-01-20,btc,102588.998699006,2032568393070.494,353367.0,852334.0,2.4450561327537335,834570306.2124871,4626677667.1910305,3978613426.4234366,48729774.38202785,12.74676251,5386753.2171042,0.4145874739245413,76.0
2025-01-21,btc,105987.888705435,2099953742682.111,329282.0,864025.0,2.518858900509325,730249013.9826986,3610159487.8051505,4014278237.336862,44051216.24319642,10.00097541,5562086.244042771,0.3811023986574463,76.0
2025-01-22,btc,103791.128861485,2056477666295.4973,429325.0,830610.0,2.459018475131256,823589117.1405907,3341580356.19788,3384518776.453649,48652091.653821096,7.66907261,5435494.656084217,0.5168791610984698,84.0
2025-01-23,btc,104184.616743717,2064318362060.2715,326782.0,797154.0,2.455447281433525,746720793.6373154,3428770768.678644,3791082089.1318116,44278462.116079725,6.71707239,5441552.310772079,0.4099358467749017,75.0
2025-01-24,btc,104716.12488194,2074895497988.584,372822.0,778133.0,2.4651832101972833,768683171.7811084,3004140461.461777,3216298719.6738462,45813304.63584875,6.6514907,5456963.284968085,0.47912374876788416,75.0
2025-01-25,btc,104866.085348919,2077908832637.7983,328968.0,674223.0,2.4670204525538764,702796045.256185,1926791146.354569,1907902683.046259,41946434.1395676,5.13483221,5445904.114958543,0.4879216520350092,75.0
2025-01-26,btc,102833.369273232,2037674834179.0256,310325.0,652111.0,2.418361700134125,752211392.1264914,1812928808.063513,1895872693.5639708,44025536.22010245,4.26691798,5402317.935919019,0.47587757298987443,73.0
2025-01-27,btc,101907.44629661,2019377065358.7554,335928.0,800741.0,2.393412498448327,841019046.8641225,4230818360.4913945,4133183254.3013754,49679880.06959738,6.17294713,5367093.726825688,0.4195214182863123,71.0
2025-01-28,btc,101138.144066043,2004179506349.8545,311149.0,754559.0,2.3732871181658965,795344640.9204767,2897112448.7026844,2801366480.2899094,46776391.630544886,4.90333402,5329003.25813798,0.41235874199366784,72.0
2025-01-29,btc,103918.795458796,2059331945599.1267,349802.0,732357.0,2.436318963363576,832962291.9147371,2582125930.765394,2504050968.0746756,50335666.55035431,4.59548864,5445090.196732334,0.47763863798666495,72.0
2025-01-30,btc,104987.446410871,2080556697805.9507,346376.0,768553.0,2.4577562130040627,779222784.9668734,3136020497.568373,3209429082.9933896,47572436.65492592,4.9368606,5535851.060317088,0.4506858993459137,70.0
2025-01-31,btc,102263.043670953,2026606623485.593,317922.0,767144.0,2.3926271926371028,671743786.5481226,3026907643.8446774,3404913302.526765,39946501.43396602,5.06805196,5434943.102140905,0.4144228462974357,76.0
2025-02-01,btc,100610.290439801,1993910895067.3057,352449.0,732561.0,2.3532962389997323,988806850.4558095,1908943077.8202703,2022609170.4029183,57850917.00288557,4.6201881,5391999.32064693,0.4811189784877983,68.0
2025-02-02,btc,97424.7809000584,1930832016063.449,383886.0,762118.0,2.278588298536274,918945495.2928308,2750452425.299973,2407580789.044493,52061367.29346871,4.59301876,5246352.105586789,0.503709399331862,60.0
2025-02-03,btc,101582.408702221,2013279341602.09,363728.0,872269.0,2.3717271049935724,822214390.5251644,4967339436.66049,4816624175.049278,48569089.16074941,6.19287225,5470893.261620252,0.41699063018403726,44.0
2025-02-04,btc,97848.1497592051,1939309473574.1904,313377.0,807567.0,2.280750094282139,703987482.9783524,3209293499.990114,4366548147.554144,40056586.30767459,5.24385708,5285865.987521744,0.38805077473448024,72.0
2025-02-05,btc,96559.3327562829,1913809109907.929,378194.0,755489.0,2.2465355832791136,773848838.1413312,3574129686.6039205,5318652231.631899,43451699.740327306,5.23646864,5232033.553246271,0.500594978881228,54.0
2025-02-06,btc,96541.3006811806,1913495458438.8672,426147.0,753978.0,2.243314171452448,779222784.9668734,3241651650.5007973,3167307266.4304156,43745276.871159956,5.29458452,5283955.107309897,0.5651981888065699,49.0
2025-02-07,btc,96384.1109836353,1910431989078.9983,501276.0,753607.0,2.2387599646519227,929693396.6824036,2980875269.7281327,3033643162.5987525,52107660.00052784,5.34405862,5226042.717264967,0.665168980649065,44.0
2025-02-08,btc,96603.318157218,1914825201259.517,467968.0,655694.0,2.2429885869544703,859832041.5194248,2056380690.6038737,2182442929.711437,48301659.078609,4.52066207,5187435.781022863,0.7136987680228887,44.0
2025-02-09,btc,96309.7532405026,1909049334363.78,382701.0,630935.0,2.232532160927027,796800432.702752,2064463963.9108791,1809985210.1503718,43038420.9793496,3.51064062,5170501.755749325,0.6065616901899562,46.0
2025-02-10,btc,97375.2253535944,1930211390619.167,364185.0,784554.0,2.2560105134383015,788864729.4327155,3538542663.8812056,3574717081.4998593,42297363.512967564,4.68166329,5249887.678631001,0.4641936692694193,43.0
2025-02-11,btc,95806.2580385739,1899147805926.7595,331657.0,778968.0,2.2178405166069126,703735439.5557053,3100348143.9645357,2880406067.375223,37124924.989947386,5.15076372,5173661.888217172,0.42576460137001776,47.0
2025-02-12,btc,97756.4976548802,1937847635266.7153,389778.0,713585.0,2.2614665289821283,754813011.8474292,2685608871.509783,2615864366.037358,40630044.337809585,4.63539392,5262057.651862461,0.5462250467708822,46.0
2025-02-13,btc,96534.7406332554,1913676151860.9067,375861.0,752473.0,2.2326518009087044,896695156.1941719,2921731034.7382307,2417694063.1421223,47664028.18766985,5.6391493,5199216.43926971,0.4995009787726603,50.0
2025-02-14,btc,97414.3589821742,1931159716999.0176,341719.0,734111.0,2.2516623241667397,862643446.7812971,2863974483.0438952,3139453425.2192974,46271820.51653274,4.73142402,5287065.33925113,0.4654868269239938,48.0
2025-02-15,btc,97583.2431767972,1934556498527.5261,310167.0,651702.0,2.254483790385446,908045728.7226007,1597837922.2365873,1569788046.3863604,48791621.5883986,3.7953138500000003,5322719.579969913,0.47593378568732336,50.0
2025-02-16,btc,96182.2661706604,1906827963922.0862,306797.0,607272.0,2.2219614753167987,856968156.4308769,1602664587.0420961,1713516097.4020076,45386006.84928038,4.41102585,5285241.603127876,0.5052052457547853,54.0
2025-02-17,btc,95790.5109985389,1899102368220.6968,327916.0,722465.0,2.212551004856131,777514156.9042867,2246200158.7676315,2120679117.9992158,41010312.521249466,6.1755852,5277123.496530041,0.45388496328541866,51.0
2025-02-18,btc,95444.031886616,1892274974606.2866,429401.0,752996.0,2.2037234329299973,794540011.6107242,2566032827.1161165,2219032678.733773,41756763.9503945,4.63306895,5206421.403066604,0.5702566813103921,47.0
2025-02-19,btc,96647.9132977791,1916181201685.9421,448514.0,680832.0,2.23047321584031,715086012.0841341,3233642818.1498466,2873259533.830023,38055115.86100052,5.22946452,5262274.658053284,0.6587733831547283,44.0
2025-02-20,btc,98392.2197247224,1950804507961.5483,482796.0,692965.0,2.269163375900631,737787157.1409917,2403708695.185035,2970825967.8898473,39971839.26316848,5.29833123,5276616.504702063,0.6967105120749244,49.0
2025-02-21,btc,96048.9937247224,1904384514551.3694,454467.0,718521.0,2.2145337837142764,732111866.7905716,3690748772.2329435,3033417224.6264067,38719750.59527872,5.74780813,5110749.173518026,0.6325034341376243,55.0
2025-02-22,btc,96605.7091057861,1915464594989.7834,558602.0,629577.0,2.2259723481715947,788864729.4327155,1884451764.606441,2984156480.4060864,41963104.892825834,6.31048493,5029782.053727207,0.8872655767285018,49.0
2025-02-23,btc,96091.6329774985,1905310407147.9175,574133.0,515136.0,2.213616967746432,727639381.136543,1210919273.824301,1283227956.979527,38736939.54405408,12.02795183,4882328.101241348,1.1145270375201888,50.0
2025-02-24,btc,91869.6543430742,1821634093760.3489,511496.0,713984.0,2.116419481382366,714530231.5962585,2206510965.6466794,1945767709.5716977,37322047.07687389,13.48343678,4594093.223386248,0.7163970060953747,49.0
2025-02-25,btc,88769.7356265342,1760208246634.8357,493632.0,837361.0,2.0450571925613175,807968795.7163498,5039360010.818348,3876660082.0986166,40778597.30343915,11.43713848,4367395.868653649,0.5895091842108721,25.0
2025-02-26,btc,83987.89564173,1665430715502.8594,398655.0,827083.0,1.9371568882829038,862932663.9471062,4282388915.677406,3952297250.4692087,41206561.29922378,10.84354772,4114424.114955272,0.4820012018140864,21.0
2025-02-27,btc,84625.4191364699,1678112099535.171,326363.0,890859.0,1.951252300853544,824457960.142975,3074389418.657376,3142408244.60112,39668165.22022027,8.395862170000001,4153086.741599854,0.36634641396674444,10.0
2025-02-28,btc,84243.7779114553,1670585267601.7073,388679.0,915297.0,1.9428821960052791,857436273.1666324,3977624857.690821,3591250988.278301,41068841.73183446,6.78413458,4108762.502287997,0.4246479558001392,16.0
2025-03-01,btc,85844.3685628288,1702364201940.718,283151.0,796043.0,1.979772195615528,791479639.2045211,1994353953.3690512,1999970423.1113021,38629965.85327296,5.39872381,4212563.973804909,0.355698121835127,20.0
2025-03-02,btc,94328.0094444769,1870638896492.3982,271285.0,691454.0,2.17233527887869,692544684.3039559,2157317364.7135854,2586081171.237739,37141653.71876278,5.68852873,4675493.0734471325,0.39233990981323413,26.0
2025-03-03,btc,86315.9305511397,1711790108875.507,372983.0,804674.0,1.9890487557357126,824457960.142975,3128116198.831166,3086398314.132193,40460592.44584674,5.96592865,4274933.155710825,0.46352063071504734,33.0
2025-03-04,btc,87323.690650789,1731815528260.4128,302840.0,752956.0,2.011926611190173,802472412.8506724,2682940591.4720106,2549937111.827085,39841433.85942248,5.26754788,4329011.995351954,0.402201456658822,15.0
2025-03-05,btc,90619.4090976038,1797214619202.8445,306253.0,735786.0,2.085499742580572,736515778.888561,2165602898.4984007,2123570692.70648,37946877.559621595,4.7877807,4521529.450287683,0.4162256416947319,20.0
2025-03-06,btc,90222.0693275862,1789382285455.221,372699.0,825264.0,2.074588033844596,934385688.6896913,2350677993.72352,2241367945.5506425,47930474.33028017,5.18656761,4523548.357259252,0.4516118478450532,25.0
2025-03-07,btc,86553.5921937464,1716663461110.232,313867.0,863520.0,1.990605455895191,780486865.5583698,2602833297.713387,2269287245.113932,38408156.535974964,5.70866279,4414408.777564949,0.36347392069668333,34.0
2025-03-08,btc,86171.2789362946,1709117730734.5408,291511.0,673352.0,1.9817025600012972,753004935.4003898,1066629305.6953813,1056261905.5671053,36892078.79460113,4.33431507,4467402.350738728,0.43292512682816714,28.0
2025-03-09,btc,80647.7964108709,1599605268650.1082,302935.0,664954.0,1.855317446819111,878405393.0064901,1260428040.3754685,1171861567.3207293,40071873.84165148,4.36458492,4212519.454528742,0.4555728666945383,27.0
2025-03-10,btc,79005.9601291642,1567078358406.0225,441520.0,800739.0,1.8183074680565463,858547238.6202688,2628828063.1935534,2194730324.196554,38021618.31216027,5.30315769,4097060.4468620885,0.551390652884398,20.0
2025-03-11,btc,82747.1601917008,1641320516183.5276,379790.0,782819.0,1.9029557814450992,769347526.0381613,2776801541.0064535,2637680827.4669743,35684712.83267097,6.09165522,4271963.759644275,0.48515684979541884,24.0
2025-03-12,btc,83630.1581101695,1658875091592.0264,432621.0,745460.0,1.9218834269936984,852972260.0961258,2083997847.513983,1891571310.582933,39985669.346424796,5.18131301,4300527.251877895,0.5803409975048963,34.0
2025-03-13,btc,81110.2890490941,1608931653806.9155,529277.0,764889.0,1.864334615532672,886422155.3249065,1697599154.3631897,1544939399.2721493,40301674.87126863,5.53267484,4112634.8854104932,0.6919657623524459,45.0
2025-03-14,btc,84105.8335517241,1668389628844.3645,441947.0,779781.0,1.9320354593333136,791647456.1906817,1984244854.10202,2031034434.7095895,37321963.63857757,5.4727813,4225950.289524716,0.5667578461132036,27.0
2025-03-15,btc,84352.8773018703,1673324978903.1606,472408.0,663845.0,1.9374873260847636,735897638.8373549,967033743.6739489,1046958934.2758378,34795561.8870215,4.98328639,4177144.445932292,0.7116239483614398,46.0
2025-03-16,btc,82492.1028287551,1636449800880.6472,468961.0,682615.0,1.8947461194507271,808372399.7910849,961302652.0335258,918625732.6146253,37379234.094279654,4.1094162,4026873.5770264594,0.6870065849710305,30.0
2025-03-17,btc,84013.947518118,1666676385336.546,382454.0,777796.0,1.9296028955456381,780497491.1144215,1834918694.0483932,1942864081.4123127,36756102.03917663,4.6979143,4081689.7738019396,0.49171505124737075,32.0
2025-03-18,btc,82680.8065514319,1640266102189.8105,367012.0,728748.0,1.8989060236861497,791647456.1906817,1672892287.0407622,1502413185.4471366,36689607.90719791,4.41816966,4039051.3305745274,0.5036199070186127,34.0
2025-03-19,btc,86774.23507218,1721514946126.3872,438484.0,757656.0,1.991193242134441,847397281.5719827,2020823999.7062683,2390349283.545593,41217761.6592855,5.36175403,4242864.005298459,0.5787375801155141,32.0
2025-03-20,btc,84124.9712878434,1668993504738.9026,341253.0,813034.0,1.929826803780835,791647456.1906817,2423892837.7432933,2453635755.659342,37330456.008980505,5.56172012,4165314.214755109,0.41972783426031385,49.0
2025-03-21,btc,84069.4081800117,1667929256877.527,318682.0,769088.0,1.9281651540140552,808372399.7910849,1716980595.1808126,1650944938.1472669,38093950.5815678,4.9480401700000005,4213655.315392968,0.41436350586668885,31.0
2025-03-22,btc,83821.220305377,1663044522837.712,412886.0,644074.0,1.9223588315764386,836247316.4957225,780780556.1522869,844888892.3734384,39291197.01814547,9.82052173,4257286.159651631,0.6410536677462527,32.0
2025-03-23,btc,85760.8814506137,1701569937335.2126,542672.0,610837.0,1.966380986053732,876971228.9099865,781190633.35207,799063626.7316619,41808429.70717418,5.90796058,4368474.033338659,0.8884072182922776,30.0
2025-03-24,btc,87322.5718568089,1732597247212.6855,481825.0,809888.0,2.0008793939408274,870857127.4297615,2079955121.9626532,2843851061.6926694,42023987.70608928,6.22306624,4460265.359580569,0.5949279406535225,45.0
2025-03-25,btc,87422.8426084161,1734627459888.4238,499703.0,725387.0,2.0026741040033817,842582547.0624223,2303723244.812887,2654317367.210042,40706261.089543745,13.34504035,4463000.677117354,0.6888777990231422,46.0
2025-03-26,btc,86836.6760955582,1723038102417.2332,518025.0,759292.0,1.9885114032158298,859547301.7972896,2646635405.1514964,2840288247.304193,41247421.145390145,9.48009417,4385083.598481463,0.6822474094287837,47.0
2025-03-27,btc,87211.3240169492,1730512308533.819,435123.0,778898.0,1.996709094176898,836927634.2461863,1774139077.0998316,1939181797.95261,40335237.357839,5.19765756,4360995.070847615,0.5586392570015586,40.0
2025-03-28,btc,84309.0783550555,1672964353420.1504,395973.0,830965.0,1.9282823462091283,870857127.4297615,2674485321.37087,2653901637.4004,40573743.95837046,6.19616007,4213204.89720081,0.47652187516923095,44.0
2025-03-29,btc,82497.1792472238,1637046774655.5232,292760.0,665765.0,1.8872433668233977,797343220.1032952,1450535631.8268282,1611122244.9690478,36350319.60580799,4.10333659,4119189.7561990884,0.43973474123752376,26.0
2025-03-30,btc,82216.4666765049,1631511606002.1658,303321.0,611195.0,1.8812161854306813,774723552.5521919,2212542318.452269,2062595581.3952649,35198924.79587866,3.18640344,4093477.1564201857,0.49627532947749897,32.0
2025-03-31,btc,82461.4496279953,1636411209942.2063,319360.0,770064.0,1.8870880493017759,836927634.2461863,2871521850.603715,3244192013.9257197,38138420.452947825,4.92728411,4125593.871076415,0.41471877662116396,34.0
2025-04-01,btc,85226.7137936879,1691322616301.7249,352343.0,807365.0,1.9500766862141923,763413718.7766402,2246031933.3535314,2376105373.65514,35955019.88171209,4.29156676,4245110.735796413,0.4364110408551275,34.0
2025-04-02,btc,82555.631296318,1638359405101.183,404621.0,769838.0,1.8882773504046595,972645623.266647,2726813092.871016,2785908550.4973965,44373651.82177092,4.52284032,4076233.2350396635,0.5255923973615229,44.0
2025-04-03,btc,82931.697399474,1645862024148.4058,395213.0,792583.0,1.8941542618128038,859547301.7972896,3322991812.976906,3040724152.2398586,39392556.26475015,5.6786135699999996,4086724.1254042895,0.49863925923215613,25.0
2025-04-04,btc,83774.1797375804,1662629046893.731,422793.0,820433.0,1.9126673444102584,1017884958.3688536,2877161218.6471906,3265869243.1115656,47122976.10238898,5.56761572,4088860.718656525,0.5153291006090687,28.0
2025-04-05,btc,83302.1715756867,1653304002042.1262,294122.0,736838.0,1.9016833447333794,950907688.4520772,1752887679.7059429,1488814477.0323367,42692362.93253943,4.46771255,4064995.661884785,0.39916779536343133,30.0
2025-04-06,btc,77949.0884926943,1547096309796.6248,272974.0,645459.0,1.7801240635878879,875826844.1440289,2294919518.799209,1788125176.6918447,35320680.7232521,4.14241203,3813895.7180077634,0.4229145460827101,34.0
2025-04-07,btc,79421.8044105786,1576362060476.6785,315963.0,791618.0,1.8128169226747146,875826844.1440289,4158528976.205585,3946201838.344116,35988005.12354343,7.47149574,3929479.4878878966,0.39913569423636147,23.0
2025-04-08,btc,76351.4295303916,1515457839297.2393,360926.0,736263.0,1.7439655745926919,924148329.2792507,2805322367.983031,2559047192.8357763,36505527.24421848,7.04955975,3784015.261001469,0.4902134155865499,24.0
2025-04-09,btc,82720.6034891876,1641909959540.38,320082.0,743091.0,1.8872309635239621,791264253.8552574,2921866855.8602004,2906686114.4043064,33863747.053386174,5.68968651,4141320.9469251675,0.43074401385563815,18.0
2025-04-10,btc,79558.9558252484,1579190648363.4094,315731.0,745006.0,1.8147281216378452,869786662.8510596,2241232014.532113,2378160349.935069,35801530.12136178,5.14311407,4061250.3318380383,0.4237965868731259,39.0
2025-04-11,btc,83359.8995157802,1654675324685.4863,412324.0,762968.0,1.9005276237422866,893947405.4186704,2644069223.7552214,2629158109.145123,38553953.52604834,7.6644239800000005,4266986.064939216,0.5404210923656038,25.0
2025-04-12,btc,85269.2495119813,1692613865286.0972,413756.0,651244.0,1.9432833469455526,869786662.8510596,1549361055.8215997,1534729493.1078696,38371162.28039158,5.50157395,4388525.5442424845,0.6353317650527298,43.0
2025-04-13,btc,83568.9544360023,1658907541993.3887,448011.0,599557.0,1.9039218772421993,1038911843.4286026,1480751736.095256,1377515160.3516438,44918313.00935124,4.14972777,4309493.584554624,0.747236709770714,45.0
2025-04-14,btc,84589.0324135009,1679196255170.022,448201.0,731158.0,1.9262023235820704,899987586.7116399,2203285296.2151012,2565380650.608733,39386768.21753636,6.42356669,4335751.79594808,0.6130015673766819,31.0
2025-04-15,btc,83671.3439713618,1661016663554.037,435581.0,764894.0,1.9071370551656621,869786662.8510596,1933109173.3588371,2165968500.813443,37652104.78711281,5.74167627,4261863.011409545,0.5694658344816406,38.0
2025-04-16,btc,84151.5357562829,1670588196755.446,512698.0,715957.0,1.9172708051026972,893947405.4186704,2134841151.521547,2412460928.924672,38920085.28728084,5.83564021,4257468.061496431,0.7161016653234761,29.0
2025-04-17,btc,84940.5838538866,1686293103287.5042,555992.0,734302.0,1.9396573992306128,924148329.2792507,2718586402.158504,2855206447.790054,40612216.65513953,6.04852215,4215107.642701392,0.7571707553567878,30.0
2025-04-18,btc,84434.7727463472,1676287312525.932,512005.0,669757.0,1.927799316975245,821465177.7158377,1726545241.4552522,1609540385.4292688,35884778.41719756,5.31676956,4119009.2720381264,0.7644638279256506,33.0
2025-04-19,btc,85124.721496201,1690021871643.1616,548341.0,618431.0,1.9434572717156722,847825370.5576409,1265669050.5420902,1257956233.9389365,36976050.89991231,6.34043577,4103973.179686266,0.8866648017321254,32.0
2025-04-20,btc,85101.7461545879,1689598441895.586,468036.0,563502.0,1.9426378432392224,753499805.3802223,1260778589.7899776,1357630364.0098155,32710983.678169724,5.55323301,4129676.1451882864,0.8305844522290959,37.0
2025-04-21,btc,87360.7198933372,1734482195997.8018,437926.0,680575.0,1.9927995689339313,771877846.40168,2175417486.6886063,2426722563.712123,34398283.458001524,6.41246794,4255687.875392086,0.6434647173346068,39.0
2025-04-22,btc,93495.6106890707,1856331181814.3782,514191.0,792265.0,2.1282639230663345,949532272.3473084,3609399705.59868,3495740546.4963846,45286936.42751862,6.39689005,4548878.866645096,0.6490139031763362,47.0
2025-04-23,btc,93695.7404772063,1860338085945.4592,425004.0,716670.0,2.1261098636422497,698365673.494388,2812471228.0109687,3333025622.2306666,33379107.545004744,11.38810925,4596114.113485993,0.59302607894847,72.0
2025-04-24,btc,93849.8817790766,1863439928975.8306,460328.0,771761.0,2.126194044694234,863768069.1518909,3292591260.231636,3575661337.343032,41352604.158905625,8.78504718,4593561.553078771,0.5964644494863047,63.0
2025-04-25,btc,94771.4128007014,1881780070424.8152,385154.0,818112.0,2.139689228562994,882146110.1733487,2697009233.1755013,4128063507.403542,42647135.76031563,6.04167583,4643194.419116908,0.4707839513416256,60.0
2025-04-26,btc,94694.5111014027,1880292468574.8242,330013.0,636351.0,2.1368454882429617,814759947.9993888,1657078260.0785847,1822661702.0011096,39357406.1765205,4.46749753,4624342.8086664025,0.518602155099937,65.0
2025-04-27,btc,93812.876534775,1862825953569.6738,432684.0,614897.0,2.116303078347162,827011978.2875143,1434202326.204844,1198081103.664987,39577307.2881082,5.15850616,4529914.629302947,0.7036690697791662,61.0
2025-04-28,btc,95066.0211867329,1887751317170.654,421997.0,801464.0,2.1414599497479094,863768069.1518909,2257347777.533,2311718297.076268,41888465.58540419,6.65662833,4549969.129817252,0.5265326951678428,54.0
2025-04-29,btc,94102.8403024547,1868668111983.0476,466125.0,738376.0,2.1164915940420426,894398140.4614742,2449932351.517545,2598622352.5685143,42934420.88799496,6.24269494,4460287.688633924,0.6312840612370932,60.0
2025-04-30,btc,94236.7325143191,1871365778928.626,344716.0,797218.0,2.117664419217392,808633937.2660565,2226325840.727309,2297364457.612758,38872652.16215663,6.58453638,4489653.769246633,0.4323986663622748,56.0
2025-05-01,btc,96411.7422635885,1914598090283.48,330132.0,783416.0,2.1635056908519745,827011978.2875143,2681427503.7102785,2746059086.434789,40673703.7674514,5.44203945,4619131.711139876,0.42140063516701215,53.0
2025-05-02,btc,96842.1021057861,1923192534185.8323,380180.0,931165.0,2.1700257371132774,974036332.9235594,2795378810.6359615,3638134631.9568167,48118419.483812466,5.59466532,4656965.507468681,0.40828424607883673,67.0
2025-05-03,btc,95943.61135301,1905398528848.1636,389316.0,686500.0,2.148827641148182,998934428.3048719,1421064715.1098862,1330493560.0057397,49171100.81841762,3.90478799,4576204.135936522,0.5671026948288419,65.0
2025-05-04,btc,94377.7899196376,1874342989258.6758,345861.0,613491.0,2.1136160468529854,823060872.6106743,1203164193.107616,1179330731.0358512,40995352.496342584,3.3828386,4473649.12789889,0.5637588815483846,64.0
2025-05-05,btc,94853.7298594389,1883847029957.3733,401820.0,758965.0,2.1198315170018898,1036227716.8248533,2343790094.1032243,2471489841.539977,51873133.51688065,5.18166695,4463665.236410297,0.5294315284631044,52.0
2025-05-06,btc,96677.9245029223,1920118226994.4229,335143.0,787857.0,2.1566030190508583,817139566.6454616,2248775793.226664,2870459000.6301465,41692354.94188524,5.29476865,4559555.901144113,0.4253855712394508,59.0
2025-05-07,btc,97137.3757086499,1929289214331.7031,343041.0,846613.0,2.1641775871229822,894116484.5065093,3197073525.3690796,3620888317.5813584,45836699.16251917,6.6552108,4572430.528619891,0.4051922188768658,67.0
2025-05-08,btc,103069.539295733,2047161802262.9502,371373.0,852697.0,2.2908345636251912,941486898.1215152,4142194123.299417,3899128062.6361065,51212677.33756734,6.49199029,4829046.061054062,0.4355275085991859,65.0
2025-05-09,btc,102940.802949445,2044649883878.203,335574.0,863281.0,2.2831068959043845,828982170.049213,3776486642.667232,4262793487.524592,45036601.290382184,6.85207179,4854509.514219991,0.3887193161902092,73.0
2025-05-10,btc,104582.821806254,2077313318157.5662,326973.0,664831.0,2.3179930154044754,888195187.0679705,1641707775.2054296,1957934792.9036212,49023197.721681565,4.39129382,4968623.437644096,0.4918137090478633,70.0
2025-05-11,btc,103976.137798948,2065311256125.5454,280245.0,615305.0,2.30314847924649,882273881.1027578,1842538173.3681743,1945912966.1234643,48413889.16263516,3.382963,5011740.123109313,0.45545704975581214,70.0
2025-05-12,btc,102920.074689071,2044380972696.5603,385997.0,758453.0,2.276547512358493,858588674.295255,3554453071.495471,3711563263.318292,46635658.843485296,13.32397413,4987839.2000017855,0.5089267232115899,70.0
2025-05-13,btc,104145.711825248,2068769059377.295,289432.0,808191.0,2.2970209363653464,769769161.5571295,2521105969.367707,2659957732.521175,42309195.429007,5.99850038,5112446.184117174,0.3581232654162197,70.0
2025-05-14,btc,103572.719642022,2057433647794.1636,325951.0,790244.0,2.2817352097814925,852667376.856716,2862329188.164461,2995109333.198588,46607723.8389099,7.14039545,5169640.028378441,0.4124688071026164,73.0
2025-05-15,btc,103716.283947399,2060332819995.9563,373943.0,754318.0,2.2793299047250057,864509980.2604675,3737969020.549975,4194867573.7257733,47320554.551000796,5.49743468,5262903.22464841,0.49573654612510903,70.0
2025-05-16,btc,103566.269191116,2057396779611.088,365949.0,829195.0,2.272925986368772,805296963.2417102,2545258090.732087,3067185593.660323,44015664.4062243,12.42293897,5326374.442208385,0.441330446999801,71.0
2025-05-17,btc,103190.041364991,2049968934871.8547,293931.0,740377.0,2.263971398372875,853949349.7167879,1707705947.226607,1845536816.3931248,46113049.73498035,7.03352172,5434991.000068831,0.39700179773277666,74.0
2025-05-18,btc,106015.689848919,2106156816753.2776,641273.0,601421.0,2.3240704676353836,979723251.299811,1778145176.476763,1822467031.0772228,53670442.986015245,5.94891823,5493841.675438425,1.0662630669697266,74.0
2025-05-19,btc,105615.828960257,2098259532017.2595,583361.0,718046.0,2.309462953385517,852722091.9971637,2879606907.8664536,3133097877.2797365,46536974.63561324,6.88530427,5400078.044057921,0.812428451659086,74.0
2025-05-20,btc,106893.330247516,2123688965537.7634,559405.0,739140.0,2.3328187609635207,895055811.7647127,3232293955.993766,3299875989.0992846,49438165.23947615,7.27756634,5442903.52626416,0.7568322645236356,71.0
2025-05-21,btc,109704.855619521,2179595937622.9268,424978.0,796779.0,2.387132485847717,870865112.2664987,3752365649.277916,4184263379.337786,49367185.02878445,7.90587525,5586203.460394077,0.5333699808855404,70.0
2025-05-22,btc,111477.014787843,2214857125536.5435,471085.0,868642.0,2.4191148692725477,907151161.5138198,4746590260.757859,4298015876.213874,52254850.68180141,8.10750052,5670992.412251526,0.5423235348970001,72.0
2025-05-23,btc,107291.888969901,2131757821570.904,445109.0,809410.0,2.325244185229265,937389531.5322618,3972815778.7031503,4131591472.670015,51969508.71979579,6.08910519,5428460.566477623,0.5499178413906426,78.0
2025-05-24,btc,107917.328289304,2144232082359.298,389251.0,644711.0,2.3375230632787902,852722091.9971637,1696431145.5040128,2013438762.6037915,47551072.777474575,5.13846292,5430966.9928488685,0.6037604446023102,66.0
2025-05-25,btc,108914.876558445,2164103972791.515,357724.0,625162.0,2.3575883785824456,913198832.0340477,1686320529.5446987,1787631884.4255133,51394207.37601624,4.14588679,5518720.026499587,0.5722100831464484,74.0
2025-05-26,btc,109371.985172122,2173238869041.109,352991.0,745729.0,2.3615409622706873,925294181.7831548,2394107155.1353426,2295257755.5351353,52293480.41042083,4.96133555,5577065.6363388365,0.47335023849146274,73.0
2025-05-27,btc,109066.345636762,2167213819846.428,424640.0,706571.0,2.3483230152239987,852722091.9971637,3542167241.6285787,3540402654.5743904,48057358.54619826,5.79600318,5582830.740674226,0.600987020412669,74.0
2025-05-28,btc,107895.402399474,2144001770511.488,540056.0,782052.0,2.319565765914059,991818601.048918,3116616838.83937,3220853906.0228796,55296393.72973043,7.99481868,5425530.299627778,0.6905627758767959,71.0
2025-05-29,btc,105732.957892168,2101084126510.3757,390670.0,765279.0,2.269515917375292,961580231.030476,2910835276.511071,3035136962.265483,52536063.45267098,5.34398452,5287992.558050763,0.510493558558382,74.0
2025-05-30,btc,103981.302957919,2066326288336.2883,389971.0,834229.0,2.2301710388100866,938712777.7441467,2855256527.2140584,3368869053.2115445,50365943.620242015,5.88312328,5195941.511369633,0.4674627710137145,60.0
2025-05-31,btc,104708.964150205,2080839122058.3977,300176.0,711975.0,2.2453195179282552,1016284108.9276667,1672584622.1248608,1607991385.251208,52681697.58807189,4.01331725,5274660.652408598,0.42161030935074967,50.0
2025-06-01,btc,105750.15972443,2101574335240.2615,254662.0,689965.0,2.2668244854256177,839539042.158194,1536403223.1650076,1470066664.0221922,43952410.13546622,3.46803334,5371571.331849832,0.3690940844825462,56.0
2025-06-02,btc,105899.696926651,2104590104579.1658,348163.0,771787.0,2.263174032245519,839539042.158194,2607577372.488457,3037960562.765769,44014561.53513932,4.72198068,5405757.338085955,0.4511128070309554,64.0
2025-06-03,btc,105483.98555114,2096375961866.664,360069.0,864048.0,2.249049850630191,908974603.1294426,2791396876.15712,4239120171.424015,47467793.498013,4.89837962,5372374.568816453,0.4167233764790845,64.0
2025-06-04,btc,104782.844900351,2082482835627.2385,332769.0,720304.0,2.2306295386760513,795352777.7382623,2535693422.717212,3506908180.8132324,41258245.17951321,4.61248281,5341792.759045662,0.4619841067105,62.0
2025-06-05,btc,101669.190496785,2020643792695.6504,321208.0,781431.0,2.1644219757163037,845851370.8408961,3043966250.0451803,3218066318.264228,42573973.52052872,4.95396644,5207099.038049982,0.4110510077025355,57.0
2025-06-06,btc,104421.051549094,2075379908381.1829,296656.0,781673.0,2.221377259248508,845851370.8408961,2820272229.3741302,2786704661.598758,43726315.336183116,4.3574863,5367376.043668692,0.37951419583380774,45.0
2025-06-07,btc,105685.250402104,2100553227975.266,290519.0,653737.0,2.246857184421021,902662283.5364864,1637505683.9762976,1507572358.0129619,47228096.27344023,3.27860352,5450832.940690118,0.44439736468946994,52.0
2025-06-08,btc,105727.739632379,2101448276113.1252,323313.0,611460.0,2.2465926766265145,965785515.8250327,1434899028.011811,1132591255.5334978,50551075.51173121,3.33871583,5431476.322268466,0.5287557648905897,62.0
2025-06-09,btc,110198.15871391,2190350694809.1885,354588.0,744523.0,2.3383291419548384,883725306.5781256,2627236479.981465,3160797129.656182,48211694.437335625,4.9822096,5677718.094463813,0.47626198250423424,62.0
2025-06-10,btc,110074.119081824,2187943357305.6514,421700.0,824315.0,2.3319943207037923,1066782692.9405546,2996639032.9822483,3166333022.2753997,58132894.1400883,5.19489238,5602871.052302125,0.511576278485773,71.0
2025-06-11,btc,108645.785558153,2159600242681.1958,349470.0,755087.0,2.2994649025476215,890037635.2608279,2265832623.086475,2462876404.8754864,47872049.26156116,4.81375031,5518420.205379583,0.4628208405124178,72.0
2025-06-12,btc,105998.985830801,2107037660426.0664,424933.0,780705.0,2.2419620475504867,934223899.6807595,2036296875.0812364,2288001478.416666,49024530.94674546,4.88265326,5359168.9505069535,0.5442939394521619,71.0
2025-06-13,btc,106024.822087376,2107599273522.1548,347897.0,811764.0,2.2394272436628913,915286922.7223988,2849658539.4831295,2620200535.6163826,48042497.50834225,6.54962301,5369402.1690799175,0.4285691407847601,61.0
2025-06-14,btc,105467.108742256,2096562615729.3809,271851.0,631338.0,2.227143824699812,949074580.5847822,1388675455.5617838,1310245087.9943652,49767291.93775205,2.94854091,5352036.96630043,0.43059502200089333,63.0
2025-06-15,btc,105512.797437756,2097515696363.0134,281450.0,599893.0,2.227219971359887,854616739.0187659,1357586981.6812232,1543069104.1707087,44842938.9110463,2.68171862,5536082.013916396,0.4691670014485917,60.0
2025-06-16,btc,107243.933345997,2131978316689.5857,366746.0,722329.0,2.258771912231857,917456210.4459594,2516058279.1904473,2557875224.8754864,48930044.589111134,5.01013142,5744332.722351067,0.507727088348938,61.0
2025-06-17,btc,104628.396527469,2080020784384.478,359926.0,712578.0,2.2032072026463054,741505699.4987009,2057469309.1563947,2181336276.8169494,38581721.21950419,6.14533437,5714022.689934207,0.5051040026495345,68.0
2025-06-18,btc,104813.367028638,2083743868284.6494,434037.0,751671.0,2.20581725377894,879752527.5896434,2269462431.3642173,2154044200.2917976,45855848.07502913,7.011965,5719167.261699374,0.5774294871027351,52.0
2025-06-19,btc,104709.720767095,2081724883731.6504,307561.0,716269.0,2.202308074044105,798061219.2587334,1493292758.0766225,1492819158.5058727,41556670.429440826,5.10770069,5806702.653317887,0.4293931469880729,57.0
2025-06-20,btc,103274.958839567,2053249239006.7852,353689.0,778947.0,2.1712340906871987,948875941.6351146,1996893384.0450091,1918744949.9533026,48732871.20242068,5.21503377,5779912.896837196,0.4540604174610083,54.0
2025-06-21,btc,101548.196381648,2018963554074.313,310017.0,658427.0,2.1341088047568837,886036479.2568042,1193668566.7096379,1153827038.7882712,44744674.03066365,3.50608004,5729035.166736131,0.47084490763592624,49.0
2025-06-22,btc,100899.234151958,2006094738210.3289,264346.0,595271.0,2.1199152283858615,672382294.5021127,1996776610.5914488,1643065318.3470013,33738181.419560954,2.74838076,5746902.741875006,0.4440767314382861,42.0
2025-06-23,btc,105496.947495324,2097542487005.0586,291899.0,691705.0,2.2134869832042128,672382294.5021127,1952284253.0809052,2468192745.964776,35275541.818748966,5.03361581,6046669.255244336,0.4219992626914653,47.0
2025-06-24,btc,105964.065136762,2106868694059.5767,279722.0,757208.0,2.220349702793955,735221756.8804231,2024390918.2778552,1929121862.8434694,38743111.3156286,6.14348201,6165544.402051256,0.36941236753969847,65.0
2025-06-25,btc,107305.065199591,2133579562773.2737,387334.0,748961.0,2.2450664068043222,898604373.5422429,2160581489.9320774,2322674863.2846212,47951951.01106723,4.79018074,6344987.548795537,0.51716177477866,66.0
2025-06-26,btc,107012.822824079,2127821320993.0576,506745.0,764181.0,2.2341438252792543,986579624.4914306,2199758378.836293,2338528325.1895137,52503166.19806376,7.61040348,6250801.637133871,0.6631216949911082,74.0
2025-06-27,btc,107090.95905114,2129413451733.8088,337361.0,731987.0,2.2307257878946083,722653862.5949844,2770617051.2177353,3509301477.424482,38485813.40900344,4.35101521,6290198.402451558,0.4608838681561285,65.0
2025-06-28,btc,107357.617171245,2134764370076.9768,389138.0,636115.0,2.2355962704995864,911172258.7787985,1210660078.8316305,1411787822.4648666,48646420.28072039,3.8461731400000003,6247370.976677567,0.6117415876060146,65.0
2025-06-29,btc,108360.901696376,2154771519854.2253,368982.0,545712.0,2.255148786868359,992910582.8334956,1030830589.0617553,1156128087.5822277,57228101.20839857,2.7760294500000002,6231465.395114454,0.6761478582109245,68.0
2025-06-30,btc,107153.101135885,2130802792373.5325,342103.0,759866.0,2.224449219216365,843035675.6364994,2049405194.2380571,2761869060.92075,48553748.95219789,4.34028358,6166008.616392004,0.4502149063124288,66.0
2025-07-01,btc,105566.356597896,2099293644623.7915,330384.0,796482.0,2.190371437932748,779081252.2306603,1550677424.6967916,1680794552.735817,44205911.82536895,4.21818291,6093523.3130257595,0.4148041010342983,64.0
2025-07-02,btc,108927.13451841,2166178189392.104,361066.0,794995.0,2.2572933277993874,889547992.7013457,2612471643.828749,2945487726.1443543,52080786.191614784,4.39139435,6269275.449391757,0.45417392562217374,63.0
2025-07-03,btc,109632.159126826,2180250385703.646,364594.0,798168.0,2.2682210955541695,877919913.435134,1981394483.7478323,2022748859.6838174,51732675.08797102,4.29623936,6281831.775081721,0.45678854576981287,73.0
2025-07-04,btc,108081.395758621,2149464119255.1885,365649.0,693948.0,2.215345083660493,924432230.4999803,2006734683.1645665,1865924766.5108151,53702943.51756481,3.29882118,6149470.966560329,0.5269112383060403,73.0
2025-07-05,btc,108244.788813852,2152766699219.0435,436219.0,561792.0,2.2180745576921685,912804151.2337688,959062849.4431303,1040768865.9032134,53107599.51179614,3.10577231,6068576.138070258,0.7764777711323764,67.0
2025-07-06,btc,109180.005545587,2171420830654.5227,496239.0,613042.0,2.236333996776805,930246265.946978,1282401127.6101186,1293048243.3714116,54590002.7727935,3.9884031,6016417.283796269,0.8094698242534769,66.0
2025-07-07,btc,108249.401004091,2152963631063.5625,374019.0,686261.0,2.2137003448829926,877919913.435134,1747588871.7115192,2129554358.3796253,51080186.09880544,4.16090095,5953829.454312273,0.5450098431937703,73.0
2025-07-08,btc,108956.631703098,2167078035042.8594,342697.0,795709.0,2.2241472452865456,825593560.9232903,1667057071.4869077,2122619649.0485804,48349505.31824974,4.4494959000000005,6039989.848890229,0.4306813169135953,65.0
2025-07-09,btc,111416.806720047,2216066450892.27,452381.0,779022.0,2.2682305804566223,953502424.4794011,2248828800.965638,2628758519.187774,57101113.444024086,5.04758223,6113898.150897214,0.5807037541943616,66.0
2025-07-10,btc,115873.903783752,2304779478142.834,434824.0,829216.0,2.354601798397052,994200697.7250334,3464097747.5818777,3621916892.6302247,61920117.334442474,4.87340907,6352457.239166946,0.5243796549994212,71.0
2025-07-11,btc,117618.605087084,2339537436457.521,409674.0,845548.0,2.38212290459618,872105877.9881365,4277106306.9493876,3813495922.238968,55133721.13457063,5.48028232,6409282.089981001,0.4845070888938298,71.0
2025-07-12,btc,117382.372540912,2334893219628.7124,394126.0,673470.0,2.37341147249211,920455694.5281461,1555453304.0216835,1368138486.7402067,54656167.21436215,4.00391579,6320938.340632744,0.585216861924065,79.0
2025-07-13,btc,118899.737107832,2365126544898.0674,410972.0,655163.0,2.4017092198498973,859946007.0619583,1691173632.020596,1457760115.2023964,50903949.94929057,4.5474046,6323596.031219618,0.6272820656844175,74.0
2025-07-14,btc,119871.096197838,2384502915692.5654,450093.0,797345.0,2.4125084332311304,910161827.2116249,4602182750.524214,3895990645.557537,54316590.46464534,5.3469701,6325063.056763202,0.5644896500260239,74.0
2025-07-15,btc,117710.89100789,2341591953037.3784,421980.0,753728.0,2.3641951149221963,1029424417.0149242,6058855211.484344,3411903763.6797276,60326831.64154363,4.23799581,6174938.288835151,0.5598571367920523,73.0
2025-07-16,btc,118730.187791642,2361917162381.5225,402255.0,735726.0,2.368875124533446,822284135.1705719,3827615709.0758204,3736641312.656142,48605170.62720344,4.98754741,6247236.868254177,0.546745663467106,70.0
2025-07-17,btc,119501.663770894,2377315036151.223,428846.0,811618.0,2.374985804949236,853669023.8939697,3884287458.6673546,4375904847.272441,50788207.10262995,5.9953424900000005,6216738.609019021,0.5283840427393183,74.0
2025-07-18,btc,117958.511213033,2346669299827.5835,449609.0,757713.0,2.340384009446915,903884853.0824847,4197810942.2657704,4275419986.7284317,53081330.04586485,4.45068174,6082113.662503825,0.5933763839342865,73.0
2025-07-19,btc,117908.52473232,2345727189536.0054,432190.0,655287.0,2.336414214135971,891330895.7853559,1695327462.1584334,2554801093.146825,52321907.849967,4.39533408,6011686.414936446,0.6595430704408908,74.0
2025-07-20,btc,117305.680953828,2333788554645.3423,405387.0,625098.0,2.323370138320551,935269741.8058825,2171752216.8838673,2105960750.446815,54620457.69412616,3.09111508,5904861.554096439,0.6485175124540472,72.0
2025-07-21,btc,117432.435634717,2336365376851.4854,388565.0,733805.0,2.3218439654227248,941546724.9738711,3655691883.459763,3659249571.9124727,55046454.203773595,4.2837264600000005,5860192.428756388,0.529520785494784,71.0
2025-07-22,btc,120068.00578872,2388857383305.068,423231.0,730808.0,2.3670956161477066,941546724.9738711,3329053016.344078,3114348989.697931,56281877.7134625,4.5314378600000005,5915804.400692044,0.5791274862891485,72.0
2025-07-23,btc,118650.587165693,2360708516578.7466,365110.0,738717.0,2.3344003545955916,878776938.4882271,3001946914.8459415,2959713041.3962035,51909631.884990685,4.00491735,5857609.621905431,0.4942488124681035,74.0
2025-07-24,btc,118377.081936879,2355321152006.9604,408556.0,719805.0,2.3257901969225427,922715784.5087537,3982932698.217147,3322084922.399904,54379472.01475379,9.99073833,5895540.709012841,0.5675926118879419,71.0
2025-07-25,btc,117520.17335038,2338330202043.723,433467.0,749904.0,2.304027155259395,1004316502.4206666,7178008397.868326,4596255216.846493,58760086.67519,5.16201262,5803153.672621591,0.5780299878384433,70.0
2025-07-26,btc,117983.204598773,2347599668866.052,571396.0,652309.0,2.3118305041157874,970368223.0482397,1808873847.5234044,1910479704.5806022,56410719.69878834,4.25424385,5733537.189149975,0.8759590930065353,72.0
2025-07-27,btc,119438.164235535,2376601218524.414,473722.0,615345.0,2.3388539623352456,869131964.3263083,1548979689.187826,1638817032.9342632,51134464.06333842,4.07723236,5751819.342608377,0.7698478089527013,73.0
2025-07-28,btc,118022.637320281,2348488298493.5293,502425.0,728095.0,2.30848210872069,919884190.6853194,2749678230.863139,3902512155.0294504,53479007.535752326,4.41311645,5606094.521094941,0.6900541824899223,75.0
2025-07-29,btc,117871.370895383,2345519559459.0205,346511.0,715626.0,2.3014237166265827,710531242.1093705,2584655044.846404,3397390161.069281,41254979.81338405,4.89132408,5591320.377572532,0.48420683429612676,73.0
2025-07-30,btc,117732.643660725,2342809433816.109,426989.0,733090.0,2.2955727612124828,869131964.3263083,2600709871.952985,3257176130.950524,50404288.06724789,4.2812598600000005,5553689.96426526,0.5824509951029205,74.0
2025-07-31,btc,115848.339985096,2305368665823.827,477852.0,752871.0,2.2576734658479003,976980451.0488331,2659820156.623079,2906444182.009561,55752013.61782745,3.8557182,5413032.222354945,0.6347063441147288,72.0
2025-08-01,btc,113282.144336061,2254355122015.2285,399495.0,838177.0,2.2070884136924738,957948367.3061291,3879836183.125605,3219135579.1403513,53455011.858578786,5.45339715,5278270.818836492,0.4766236725655798,65.0
2025-08-02,btc,112545.673659264,2239750089818.0874,307246.0,693800.0,2.192314956363128,919884190.6853194,1325924473.8055177,1157621568.5783875,50997258.376854,4.07358523,5301247.725556315,0.442845200345921,55.0
2025-08-03,btc,114263.693947691,2273995431945.681,289554.0,621756.0,2.2240971442941064,983324485.0533355,1239353261.8576,1299821953.2397475,55346476.755912825,2.90441637,5478011.690309588,0.46570358790264993,53.0
2025-08-04,btc,115199.933659264,2292689374189.235,451189.0,728238.0,2.240631105189466,1084828946.9067597,3453786766.575415,3101571005.6547556,61559964.5491692,3.3611304300000002,5486617.611459441,0.619562560591455,64.0
2025-08-05,btc,114111.36101841,2271073998199.12,408980.0,798131.0,2.2178999959543493,875475989.1954089,2187844041.570996,2027719310.40678,49210524.439189315,3.78965914,5404274.543429009,0.5124221462391512,60.0
2025-08-06,btc,115034.678748977,2289501873478.173,495331.0,838450.0,2.2349723954934775,913540165.8162186,2490128341.157614,2331009415.372258,51765605.43703965,5.82403829,5428311.557138071,0.5907698729799034,54.0
2025-08-07,btc,117444.913924313,2337531175120.7417,564678.0,810557.0,2.2781308995532936,1021388661.6741452,2347528066.2910676,2755891992.3035502,59089472.31816998,5.14735305,5481909.80518254,0.6966542760102004,62.0
2025-08-08,btc,116740.687720923,2323564790361.163,474837.0,960615.0,2.2621480824612368,870936594.9483013,2854739044.9712663,3120847221.2928066,49979606.93052016,5.87728451,5419577.28593463,0.4943052107243797,74.0
2025-08-09,btc,116511.655739375,2319048455360.759,377106.0,767705.0,2.2569920501462186,746374217.5096608,1778602125.641147,1553589548.247426,42235475.20552344,4.29310005,5416722.981943403,0.4912121192385096,67.0
2025-08-10,btc,119189.198160275,2372392553182.501,396369.0,651290.0,2.307419605120224,868625162.1369319,1728951769.6403096,1686630048.702309,50282942.973866016,3.08298363,5548080.136940973,0.6085906431850635,69.0
2025-08-11,btc,118742.043048644,2363546734531.7153,449439.0,760684.0,2.296376996154095,945836284.5717697,3378540234.4503994,2846327256.179149,54547126.02547084,4.47476259,5527695.234120388,0.5908353534450573,70.0
2025-08-12,btc,120154.32493507,2391709484341.113,365290.0,721420.0,2.320647620011929,881493684.0869608,2663073632.9692864,2779895011.6945467,51441070.36282685,4.11725998,5620172.299946596,0.5063485902802806,68.0
2025-08-13,btc,123442.67982225,2457225396914.5664,444797.0,753168.0,2.379739102823155,1003744628.7142318,3591826557.353684,4352493342.135819,60178306.41334687,4.4655542,5753583.397322337,0.5905681069827714,73.0
2025-08-14,btc,118510.27128083,2359101850712.399,479810.0,803997.0,2.2824160062100023,1042350194.5643183,3580989905.302766,3808615474.8424864,59995824.835920185,4.26773141,5500385.649881508,0.59678083375933,75.0
2025-08-15,btc,117311.209947715,2335282091620.0776,433563.0,734665.0,2.25769289975179,862190905.7945851,4458161558.434538,4197117377.401938,49124069.16560566,3.75927443,5452133.3389500845,0.5901506128643668,60.0
2025-08-16,btc,117462.42684623,2338348119563.309,396105.0,642573.0,2.2532741501991906,978007594.0795094,2458818502.9795175,2512884383.19818,55794652.75195925,2.87626845,5475767.111129268,0.6164357979560299,56.0
2025-08-17,btc,117601.952231888,2341181540292.769,442159.0,569807.0,2.2553050008051305,978007594.0795094,1506409656.0530734,1495077533.210814,55860927.3101468,2.52361439,5465593.570412839,0.7759802880624492,64.0
2025-08-18,btc,116312.914397989,2315575768549.498,482626.0,701698.0,2.229656237704237,990876106.7642031,2471466562.960449,3116771467.370771,55975590.05403221,3.43902869,5363750.601070179,0.6877973145142212,60.0
2025-08-19,btc,112886.10147543,2247401509643.068,409590.0,670399.0,2.162405961142789,862190905.7945851,3285342704.3478246,2624343192.0434146,47271054.99283631,3.29146775,5211714.5619355645,0.6109645151618663,56.0
2025-08-20,btc,114277.320860316,2275149059638.685,424546.0,726389.0,2.187593393945847,907230727.9870183,2657228322.2971153,2243737276.849905,50353444.504076734,3.36997891,5250216.478524245,0.5844609431034886,44.0
2025-08-21,btc,112347.102298302,2236772618107.5776,451619.0,702511.0,2.1500922222394157,958704806.5217986,2644116425.1003103,2849703781.023346,52311619.507646866,3.03123198,5143403.35211037,0.6428639551551506,50.0
2025-08-22,btc,116800.977035073,2325500247698.1377,457298.0,767825.0,2.2309603181709265,939651300.6862692,3705927739.409568,3366861553.942931,53290445.77225205,3.65100366,5336985.330262742,0.5955758148015499,50.0
2025-08-23,btc,115280.444723834,2295281301319.894,471882.0,662164.0,2.2012721767196215,980001773.7404907,2252969361.7459764,2262144621.2469783,54758211.24382115,2.59805484,5310952.313803695,0.7126361445200887,60.0
2025-08-24,btc,113516.122474401,2260210071457.8794,521558.0,610390.0,2.167328504514984,1057370331.4047614,3049587453.041015,2273903893.794224,58177012.76813051,2.28582085,5209210.193234897,0.8544668162977769,53.0
2025-08-25,btc,110089.533314144,2192032047921.6606,479193.0,705894.0,2.101608862718138,909080592.0131477,3015214385.3128138,2835045620.3081512,48508200.6165447,2.83695144,5061756.663647699,0.6788455490484407,47.0
2025-08-26,btc,111895.295495307,2228039674983.5347,458661.0,710999.0,2.1348985660008872,967107012.5824077,2726447305.112184,2696690150.586301,52450919.76342516,3.230064,5097754.875404422,0.6450937343090497,48.0
2025-08-27,btc,111252.307236061,2215288753962.2065,506732.0,703023.0,2.1218251202374474,967107012.5824077,2300791366.085403,2425849477.833762,52149519.016903594,3.58339246,5035766.992661403,0.7207900737244728,51.0
2025-08-28,btc,112481.152904109,2239813780373.4775,580430.0,696912.0,2.1427891220239426,1025133433.1516676,2291486169.9453707,2255079193.394834,55889072.84922916,3.30010435,5049465.921480346,0.8328598158734531,48.0
2025-08-29,btc,108473.330441642,2160062777589.6702,587838.0,777455.0,2.0585239707912053,1063817707.3416893,3292517467.402013,4008698552.5021467,55931561.008971654,3.52402556,4796931.652889168,0.7561054980674122,50.0
2025-08-30,btc,108746.150824851,2165549227144.0295,625477.0,633372.0,2.063022252855391,1018686047.9305124,1835614442.4966426,1839051417.436479,53693411.96977018,3.2363662,4690723.855365918,0.9875349715491054,39.0
2025-08-31,btc,108316.44689481,2157036868947.1282,482257.0,579281.0,2.054653984489101,851054171.4438878,1909145509.660963,1470493128.2402015,44680534.344109125,2.96748578,4603656.910895012,0.8325096110523218,48.0
2025-09-01,btc,108992.324614863,2170551279014.5664,597762.0,724476.0,2.0664722780336136,1038028194.3097506,2447105115.984424,2313025918.570495,54836763.321852945,9.4815454,4581316.354636184,0.8250956553426201,46.0
2025-09-02,btc,111140.947159836,2213397100781.9453,583102.0,741440.0,2.1061331661206095,1050922946.1836063,2751656324.270207,3105958433.088151,56612419.95954146,5.03725553,4611225.089621617,0.7864452956409149,49.0
2025-09-03,btc,111780.743587376,2226186647369.095,405522.0,757257.0,2.117352868701102,883291069.6969817,2225200861.535161,2535905987.6987214,47856130.84834535,6.25173553,4669069.478295356,0.5355143630233857,55.0
2025-09-04,btc,110900.633412981,2208707196345.665,400455.0,768977.0,2.0988399671512004,902633206.7919925,4080097824.922832,4898366748.435636,48519027.11817919,4.91359891,4690102.656250382,0.5207632998126082,51.0
2025-09-05,btc,110711.229484804,2204984484343.3813,414108.0,811569.0,2.0909910896315393,959168799.5148377,4915027618.832383,5049491072.152717,49474080.676021785,5.7227710300000005,4703861.533434198,0.5102560595587067,48.0
2025-09-06,btc,110243.650741672,2195720165768.2253,446745.0,613246.0,2.081547548704114,946761024.1894387,3592254166.921047,3558877818.812005,48231597.1994815,3.46315036,4659376.795737447,0.7284923179278788,48.0
2025-09-07,btc,111307.784421087,2216968057740.037,580185.0,594567.0,2.1007955085878978,1041437124.6607599,2537628508.823041,2535264196.8919034,53566871.252648115,3.25803103,4639828.85221339,0.9758109683181205,44.0
2025-09-08,btc,112112.311575102,2233048249212.6406,566372.0,732824.0,2.114485395928852,1082012600.4648032,3822364556.505474,3291497530.0391364,56056155.787551,4.09973947,4632989.3500716705,0.7728622425029748,51.0
2025-09-09,btc,111486.396779836,2220639486843.1694,618149.0,725526.0,2.1019000165432096,1129350650.700464,4107813039.296188,4678989559.715023,58181963.31947691,4.50398825,4522509.379839559,0.8520011688071827,48.0
2025-09-10,btc,113930.748423437,2269387779972.4683,648787.0,687721.0,2.145924375428194,1149638393.4715424,3814897150.8208003,3719164297.3121033,60525710.09995091,3.9713577200000003,4554217.284249654,0.9433869258027602,49.0
2025-09-11,btc,115445.812932648,2299620481124.1,598534.0,722040.0,2.1718284060122492,1014386817.1961777,3348380096.720808,3904974585.566528,54115224.81217875,4.15380199,4575951.005896404,0.8289485347072184,54.0
2025-09-12,btc,116149.174031958,2313674623907.2764,397599.0,721666.0,2.1834524058125826,811509447.9140742,3051214305.6207395,3209996322.716359,43555940.26198425,5.0077519,4615714.0218470525,0.5509460054928457,57.0
2025-09-13,btc,115965.627551268,2310069502058.3306,524450.0,684987.0,2.178678922337634,953523608.3591694,1802490504.081046,1944978910.2552283,51097354.63977746,3.96725292,4566761.39217594,0.765634968254872,52.0
2025-09-14,btc,115395.933423437,2298776200578.8613,539763.0,646063.0,2.1673601179200923,1034674550.2291428,1760623840.135848,1998952685.396474,55173680.668080814,3.15897547,4513333.596251667,0.8354649623953082,55.0
2025-09-15,btc,115420.931814144,2299332980316.204,534944.0,773239.0,2.1656665085615017,1102300333.4977684,2922907381.125562,3504119020.832767,58792537.1428296,4.46695894,4497925.91393794,0.6918223214297261,53.0
2025-09-16,btc,116798.867050906,2326841616711.2607,535330.0,747555.0,2.1888797241350617,1082012600.4648032,2609326339.595934,2669029851.259108,58399433.525453,4.19178659,4512100.606824189,0.7161078449077325,52.0
2025-09-17,btc,116575.777628866,2322443908090.3315,362882.0,698218.0,2.1818070259413114,865610082.3194654,2240973362.508604,2681796134.5023274,46630311.0515464,4.45125146,4522888.079257636,0.5197259308697284,53.0
2025-09-18,btc,117014.426762174,2331240531967.0737,446237.0,729042.0,2.1884252567803575,1089165928.9937842,2591684660.549486,2660396976.4651003,57775873.213823415,3.62274383,4541719.341901191,0.612086820786731,52.0
2025-09-19,btc,115612.372541695,2303368556120.721,483134.0,759748.0,2.1584515968726663,1188749384.1862066,2494239023.2201033,3464176632.236111,60696495.58438987,3.6275725000000003,4479366.952846808,0.6359134871036186,53.0
2025-09-20,btc,115753.165960549,2306228956192.6875,492759.0,711626.0,2.1600824520314994,1082611043.2192638,1313331788.209549,2058299993.803925,55344482.47488749,3.41006645,4478435.919179723,0.6924409732078367,48.0
2025-09-21,btc,115320.858829047,2297674188701.3037,515795.0,660574.0,2.1511992423053936,1146294045.7615733,1706726260.5171235,1688292392.0972974,58381184.782205045,2.90394595,4463607.551162921,0.7808284915845916,49.0
2025-09-22,btc,112727.70773813,2246060606259.7524,456797.0,747221.0,2.1030843290113816,1061383379.1015873,2971473325.4121656,2993680766.715115,52841113.002248436,3.39577662,4370130.274515066,0.6113278400901474,45.0
2025-09-23,btc,112052.393282022,2232655622694.4663,498707.0,674195.0,2.0884207525288683,1018928040.6769542,3244858206.479633,3806288302.095842,50423576.9769099,2.79635646,4331993.52577693,0.7397073546970832,43.0
2025-09-24,btc,113324.623592192,2258059127591.763,526277.0,682109.0,2.1098438050041244,1082611043.2192638,2695807176.5871944,3331917918.9388638,54183335.6550168,2.83408362,4375357.685506451,0.7715438441656686,44.0
2025-09-25,btc,109166.347974874,2175251165398.7356,426022.0,741811.0,2.0312424703115273,997700376.5592777,3334928451.1328406,3161514360.6729403,48101422.07642885,3.36040579,4260428.056510437,0.5742999227566051,44.0
2025-09-26,btc,109669.102166861,2185314295488.7644,418111.0,728767.0,2.0392977420667635,934017374.016968,3546400077.1169662,5241086354.329122,45238504.643830165,4.06730819,4331563.457741716,0.5737238376600478,28.0
2025-09-27,btc,109644.73069287,2184881768009.1887,523531.0,635310.0,2.0384097258593887,1096762822.6941414,1100197453.624266,1288196227.1366212,53109166.42935891,2.48225617,4362187.0402989555,0.8240559726747572,33.0
2025-09-28,btc,112170.00778609,2235260600040.1855,637714.0,652543.0,2.0843982136269275,1167521709.8792498,1191895440.1809447,1136728760.212364,57837660.264702655,2.2240307,4413843.352860811,0.9772750608005909,37.0
2025-09-29,btc,114341.141435418,2278575750081.5845,449737.0,740289.0,2.122720877587773,990624481.7271986,2763964246.6203637,2744142352.765679,50024249.37799537,3.3072654,4546840.564859372,0.6075154432930923,50.0
2025-09-30,btc,113971.742796902,2271271762904.084,556139.0,745290.0,2.112807213335253,1139218161.1187747,2749443808.649662,4589520178.798793,57342033.09469132,3.16149503,4540991.479791682,0.7462048330180199,50.0
2025-10-01,btc,118393.270386324,2359441494737.0894,471120.0,885196.0,2.186155026712077,1079018824.2422624,3254645571.1267247,3807352432.6127,55866824.46354664,3.68651784,4695278.149332431,0.532221112612348,49.0
2025-10-02,btc,120558.594007013,2402645137487.716,375898.0,804780.0,2.221772196583208,1019764931.6764337,3019407259.077409,3661524081.228995,51237402.452980526,4.20731967,4789612.50478655,0.4670816869206491,64.0
2025-10-03,btc,122348.127640269,2438354357753.2856,391675.0,797887.0,2.249202943238196,884796043.0252874,3766631388.1440125,4124653201.640818,45115872.067349195,5.33571155,4868573.676648155,0.4908903140419633,63.0
2025-10-04,btc,122379.744317651,2439035713312.3604,426061.0,743257.0,2.247639041410611,1004768398.0907607,1604265938.4493065,1469312187.7996635,51246517.93301636,3.69025762,4877127.702414303,0.5732350990303489,71.0
2025-10-05,btc,123523.768313852,2461893696556.56,520032.0,677933.0,2.266766621760195,1117242464.7683752,3305687815.891045,2558618386.1713557,57515754.621137336,2.62450107,4944073.633527718,0.7670846529081783,74.0
2025-10-06,btc,124824.453666861,2487865019395.093,426681.0,768110.0,2.287145426879909,922287409.3820033,4532737847.900133,4711932104.8182125,47979399.3781997,4.60013412,5046794.309953955,0.5554946557133744,71.0
2025-10-07,btc,121587.699236704,2423405991080.0264,430981.0,767705.0,2.2193474280974277,1034761476.0596179,3486708961.7404966,4050560827.916661,52434695.2958286,3.91395368,4983613.233332141,0.5613888147139852,70.0
2025-10-08,btc,123390.353094682,2459392369263.4487,431067.0,759929.0,2.248606081441407,1109744197.9755387,3146710484.6385436,3370620091.6448755,57068038.306290425,3.49143093,5139804.788392797,0.5672464138097112,60.0
2025-10-09,btc,121603.33278609,2423819431448.1187,366723.0,719972.0,2.2125534313089377,899792587.4084716,3251879030.274031,3854155490.62937,45601249.79478375,3.7403486900000003,5154647.456256235,0.5093573083397688,70.0
2025-10-10,btc,113754.852328171,2267429035644.9536,415580.0,745662.0,2.070562788244427,989771853.7075765,3672392396.961405,3728908007.549769,46923876.58537054,4.08933657,4815481.27444716,0.5573302649189579,64.0
2025-10-11,btc,110940.113648159,2211374961639.2163,450131.0,718136.0,2.019478996261419,1102245920.385191,3989210514.9444103,3622185662.0249805,50963114.70712304,3.43313791,4723059.595129551,0.6268046720955363,27.0
2025-10-12,btc,115152.917045003,2295401165962.6973,463010.0,695884.0,2.0951257451651712,1087249376.0020068,1682951907.6767213,1946670401.311883,52178665.536016986,2.51616052,4931394.3675575815,0.6653551453977962,24.0
2025-10-13,btc,115332.252929573,2299030741394.9785,489858.0,680803.0,2.09746317757528,1139737286.741907,2118894971.8280733,2372399695.8012233,54782820.14154717,2.82560332,4956337.794793282,0.7195297318020044,38.0
2025-10-14,btc,113327.079410286,2259119504832.801,563809.0,706371.0,2.056829337301677,1267207897.8027055,3656687205.950385,3791328393.261613,59850863.8135573,2.74984331,4859639.814373486,0.7981768787223711,38.0
2025-10-15,btc,110862.872485389,2210046641902.439,484211.0,695775.0,2.0058910258061653,1079751109.2091703,2749778726.757832,4804811548.988733,49888292.61842505,2.92786317,4710173.705170531,0.6959304372821674,34.0
2025-10-16,btc,108135.049605786,2155719311026.7778,490450.0,740169.0,1.9578568178170297,1123253238.739343,2964167506.853463,3011304197.145691,51702070.592766434,3.17798363,4578978.525183168,0.6626189424307152,28.0
2025-10-17,btc,106625.668651373,2125682123928.4111,485148.0,772447.0,1.9292830315776204,1159633835.7101064,3845311326.3668747,3499667932.918851,52979629.11115096,3.6751389000000003,4514486.583913645,0.6280663916100393,22.0
2025-10-18,btc,107143.913935126,2136069072945.8809,564015.0,608801.0,1.9381495183779993,1203393595.9617257,1535082757.5332148,1350309587.1873026,55246080.622799344,2.55025388,4512159.233338312,0.9264357318729766,23.0
2025-10-19,btc,108706.663763881,2167271973156.9055,437518.0,595209.0,1.965929731213064,1013767943.699239,1318276325.5975263,1401445077.4398286,47219457.07243581,2.22222979,4605266.861394306,0.7350661700343912,29.0
2025-10-20,btc,110640.249515488,2205873161783.9473,422448.0,679663.0,2.0002412420408935,1086700884.4535005,2363581301.2513494,2453936410.8769317,51516866.1806491,2.9207617900000002,4699541.548453648,0.6215550942158099,29.0
2025-10-21,btc,108700.382071888,2167248302706.2048,437054.0,733522.0,1.9642552693241937,1093994184.8303332,4026790350.3219686,4006687833.239072,50953304.0961975,2.9603882500000003,4639014.435957442,0.5958294366085816,34.0
2025-10-22,btc,107667.630188486,2146708963448.5059,480827.0,695833.0,1.942269393813051,1115874064.956143,2950469377.0190845,3116296217.648482,51478585.68386987,2.93569691,4611070.984000459,0.6910091932978172,25.0
2025-10-23,btc,110060.936797195,2194476255972.5574,436183.0,679681.0,1.9838505829202955,1035647823.8250486,3191077788.6391916,3086711760.3429837,48839540.70375528,2.62546377,4710002.4258723175,0.6417466429104242,27.0
2025-10-24,btc,111024.94314699,2213759431224.074,565682.0,734616.0,2.0002399703642184,1305499727.7209737,3097381071.4997115,3060762472.3733454,62104577.57284753,2.9265138100000003,4698244.104539718,0.7700376795495878,30.0
2025-10-25,btc,111614.535857686,2225571303267.163,502467.0,595504.0,2.010123020095332,1166927125.5845947,1643739096.4856744,1609251983.3593862,55807267.928843,2.16357985,4730865.505005692,0.8437676321233778,37.0
2025-10-26,btc,114557.100460549,2284298071832.6084,521439.0,584836.0,2.061141989497095,1072114294.2021794,2451680125.328286,2423068414.280522,52624668.0240647,2.09703222,4898944.573545432,0.8915986703964872,40.0
2025-10-27,btc,114087.773805085,2274991986566.83,505599.0,726782.0,2.0506486983041583,1072114294.2021794,3538215718.033769,4174472627.6628876,52409071.091710925,2.76365613,4858199.97823879,0.6956680270012191,51.0
2025-10-28,btc,112980.685846289,2252973055585.6294,526865.0,693980.0,2.0269852854220023,1181513715.835916,3684394221.6933312,4233034550.713299,57196472.209683806,3.00712214,4821944.678323556,0.7591933485114845,50.0
2025-10-29,btc,110206.347983051,2197691726032.41,395521.0,667087.0,1.9748570714184714,932047920.0122601,2649582706.6336827,2956645795.8563395,42360565.00598523,2.55413098,4730966.810462349,0.592907671712985,51.0
2025-10-30,btc,108019.723841905,2154140935697.1548,551534.0,708971.0,1.9325248327320044,1240553836.426268,3957408678.101895,3347821385.9358006,54009861.9209525,2.86380846,4575431.860020633,0.7779359099314358,34.0
2025-10-31,btc,109554.239627703,2184790344305.3538,460460.0,723709.0,1.9596274069163773,1085484605.4773614,3586275742.986317,3434318611.8780427,47929979.83712006,3.45584759,4616443.696285671,0.6362502055384139,29.0
2025-11-01,btc,110005.295855348,2193832993167.6711,387158.0,683092.0,1.9663440701835697,1069977681.2659724,1827394140.4720337,1829604022.181365,47439783.83761883,2.51142112,4649199.74414246,0.5667728505091554,33.0
2025-11-02,btc,110389.168627119,2201542028456.724,405694.0,575622.0,1.9727764696344199,1201786531.4802876,1292682600.9737837,1358923570.5789337,53469753.55376077,2.05634496,4706263.932582371,0.7047923811112153,37.0
2025-11-03,btc,106495.802789889,2123942098026.172,452775.0,772175.0,1.9020882532144818,1100991529.6887505,3391945098.2575474,3856789512.5178976,47257512.488013245,3.21036814,4531350.255656042,0.5863631948716288,42.0
2025-11-04,btc,101349.73723232,2021350949128.4888,370080.0,779122.0,1.8116855886218342,1015703452.1086028,4902114400.0170965,3877397485.9302287,41490048.679481,3.93187943,4332580.632773793,0.4749962136866884,21.0
2025-11-05,btc,103915.88479135,2072575814667.257,399776.0,747953.0,1.8570557344204919,1069977681.2659724,3551917983.64617,3623517725.7042923,44813725.31626969,4.23042387,4453042.972301919,0.5344934775313422,23.0
2025-11-06,btc,101241.573677966,2019281654873.9138,414343.0,737224.0,1.8097201631689654,1085484605.4773614,2146912413.83764,2345498406.4097576,44293188.484110124,3.33175311,4322741.906518767,0.5620313500374378,27.0
2025-11-07,btc,103428.471746932,2062945632162.0864,477171.0,752529.0,1.8428465053331915,1100991529.6887505,2226145086.790996,2440639238.1674457,45896384.337701075,3.33020756,4395516.651227094,0.634089849029074,24.0
2025-11-08,btc,102335.021439217,2041174456726.6418,351704.0,622449.0,1.8227583856026048,930415374.5284549,831040420.2915376,825544107.48914,38375633.03970637,2.55256924,4381949.364422926,0.5650326372120447,20.0
2025-11-09,btc,104685.54544097,2088104138262.2363,467846.0,607063.0,1.8641651761462628,1093238073.1655483,737081456.7794226,930454388.2915049,46127068.45992741,2.40885714,4481035.518800351,0.7706712482888926,22.0
2025-11-10,btc,106082.478156926,2116014386447.375,451762.0,723219.0,1.887544360073253,1085484605.4773614,2524312938.0031357,1753319678.572243,46411084.193655126,3.74417263,4554227.695579874,0.6246544960793342,29.0
2025-11-11,btc,102974.405611631,2054067273200.924,480595.0,717240.0,1.831888197421843,1186279607.2688985,2094135866.5866573,2150221541.2183814,49234637.68306107,2.7406471100000003,4449360.792771796,0.6700616251185099,26.0
2025-11-12,btc,101682.126652835,2028334526602.0334,452672.0,666761.0,1.808509903130079,1085693709.7267337,1568672570.1692991,1676627308.8627212,44803687.056405425,2.5596544,4404366.752954018,0.6789119339613444,24.0
2025-11-13,btc,100035.310145237,1995531055051.6218,481822.0,715565.0,1.7800126434105845,1135417896.8857453,3206293152.7473974,2920046712.372356,46891551.630579844,3.0392257,4336037.90528142,0.6733448393926478,15.0
2025-11-14,btc,94502.5476025716,1885204557913.1167,484096.0,804891.0,1.6842606972655325,1090001177.5223117,4609594798.40663,4418093156.471963,42526146.42115722,3.44757513,4096646.7502531423,0.6014429282971234,16.0
2025-11-15,btc,95541.3158389831,1905969346288.112,485232.0,735457.0,1.7025099652616347,1082431729.7450786,1326837073.2757268,939111673.9420946,42695025.51554557,2.46835008,4167249.38892039,0.659769367889625,10.0
2025-11-16,btc,94182.3130996493,1878905175037.5247,582885.0,599175.0,1.6785525812642026,1203542970.4808898,1886904965.8266444,1361231295.4492526,46796836.821388245,2.5978431200000003,4061967.581145834,0.9728126173488547,10.0
2025-11-17,btc,91911.4713471654,1833638268626.4456,406170.0,722706.0,1.6392867114437717,938612123.8775449,4112945808.5203366,3462877089.6649837,35615695.14702659,4.54771315,3969094.4147384306,0.5620127686777195,14.0
2025-11-18,btc,92836.4419111631,1852130060915.071,321895.0,783873.0,1.654516965238705,1006737197.4726894,3450707004.6533585,5540013132.548288,38585146.16932716,3.69128131,4045134.031724802,0.4106468777467779,11.0
2025-11-19,btc,91320.4811332554,1821925037070.4468,359976.0,740835.0,1.628739580213074,1037015010.3816451,3290224011.272802,3658900787.9416404,39096580.98517497,3.34410806,4017031.7498392845,0.4859057684909595,15.0
2025-11-20,btc,86911.2980590298,1733993481993.4502,357950.0,712914.0,1.5515619978194948,991598291.0182115,3061286544.9721823,2699650905.822823,35579312.64291532,3.15183306,3846855.8257810036,0.5020942217434361,11.0
2025-11-21,btc,84948.0463205727,1694864140154.9482,416326.0,798210.0,1.5202473672522108,1142987344.6629784,5187577718.588623,4424827701.302324,40084859.357520245,3.63873918,3805075.9680520026,0.5215745229952018,14.0
2025-11-22,btc,84775.0015452952,1691449473896.7935,472844.0,653472.0,1.5063202250156786,1082431729.7450786,1534348056.5322387,1496100341.514306,37883828.81555379,3.04137277,3806450.895630931,0.7235872386269037,11.0
2025-11-23,btc,86872.4546630625,1733336869377.817,318830.0,587259.0,1.5408129016405958,1074862271.067834,1146933444.0484636,1223920811.4980185,38549651.756733984,2.23206887,3965285.4409459666,0.5429120711645118,13.0
2025-11-24,btc,88377.6024421391,1763408070508.766,399370.0,672046.0,1.5674035927405894,1082431729.7450786,3086281158.6855288,2853453969.8936934,39493741.09133091,2.587686,4069396.9790248773,0.5942599167318904,19.0
2025-11-25,btc,87434.550610754,1744622674821.2332,351642.0,673473.0,1.550709768072391,870487050.2824004,1610572780.281726,1874451173.2821188,31421791.62573972,3.13027951,4085039.9669542387,0.5221322903813516,20.0
2025-11-26,btc,90449.2770675044,1804823283719.3835,476755.0,719513.0,1.6019179596137354,1240799633.4969137,2187869679.7778177,2221181993.651814,46355254.497096,3.11504921,4197485.526779343,0.6626079028453968,15.0
2025-11-27,btc,91336.2000452952,1822561745081.4658,404471.0,675201.0,1.618011024602581,1061317862.9627874,2419915873.986326,2377746206.552212,40815864.39524129,2.6888795,4291157.207796729,0.5990379161168304,22.0
2025-11-28,btc,90990.1266104617,1815698698812.7935,510984.0,703533.0,1.6124043653578792,1113270484.2052977,2380862333.0989733,2279479588.5058823,42651621.84865392,2.85585679,4256913.06903277,0.7263113457364473,25.0
2025-11-29,btc,90842.0738243717,1812783212323.2876,403759.0,630159.0,1.609812435967487,1016787040.1746085,658659631.2576497,947356513.1833906,38891762.856059134,2.25719319,4244178.122698379,0.6407255946515086,28.0
2025-11-30,btc,90607.7021513735,1808153535032.7244,514580.0,601718.0,1.605936798624271,1239441132.7407093,1105966601.551033,968532517.9808514,47285894.56024805,2.17500927,4195143.709912372,0.8551846546056459,28.0
2025-12-01,btc,86504.6368156049,1726309340197.7156,399941.0,737081.0,1.533958697259218,987099824.9824893,2621219302.790737,2674425744.058595,35953489.676485784,4.01880956,4022866.634885659,0.5426011523835237,24.0
2025-12-02,btc,91528.0245809468,1826593716093.038,415283.0,743961.0,1.623386616483569,942569002.1943104,1972461171.2193377,2759327422.5077186,36325184.75556326,3.97296907,4240608.659760898,0.5582053360323995,23.0
2025-12-03,btc,93609.0938658679,1868163523113.6948,430832.0,716757.0,1.659439770773659,979678026.5281578,3237264586.4904876,3034257367.5190725,38613751.21967051,3.5873632,4325977.564113495,0.60108516554425,28.0
2025-12-04,btc,92205.5929544126,1840191787722.407,414769.0,693069.0,1.6346860768202705,979678026.5281578,2004615527.6634629,2217765495.7629223,38034807.0936952,3.15940654,4261055.223724872,0.598452679314758,26.0
2025-12-05,btc,89279.8344634717,1781834205884.9922,350006.0,712886.0,1.5845510954223285,883194582.4974687,1941297902.804838,2630842841.7316337,33200938.441103537,3.63532789,4169776.0362814786,0.4909705058031719,28.0
2025-12-06,btc,89169.5570610754,1779678725951.9175,529256.0,615281.0,1.5825974776524672,1209753917.5485902,798166513.5215335,1034929394.7451278,45420743.127985284,2.40213513,4103833.908897851,0.8601858337897643,23.0
2025-12-07,btc,90067.847399474,1797652167928.5693,546753.0,545020.0,1.5985004613781386,1187488511.498199,747519031.0042354,657021446.7213545,45033923.699737,1.9066120500000001,4118515.887305076,1.0031796998275293,20.0
2025-12-08,btc,90673.1444436003,1809775147324.2783,575607.0,666566.0,1.6096177386431436,1098426876.6092381,1260542985.6357815,1425765451.8922548,41936329.30516514,2.70652416,4104695.7158095855,0.863540894675096,20.0
2025-12-09,btc,92808.8518477498,1852439848225.9653,446113.0,668386.0,1.646989451212681,957412609.7903701,1740412492.918312,1900549644.0531192,37413568.401124135,2.90764527,4213230.309886534,0.6674481512180087,22.0
2025-12-10,btc,92102.9300917592,1838394451226.9824,554922.0,689654.0,1.6325770870501284,1150379497.8517485,1737899767.0298073,2111491105.451556,44612356.763195865,2.72107443,4146842.705406335,0.8046382678850554,26.0
2025-12-11,btc,92623.7198708358,1848835839973.1758,475726.0,656012.0,1.6416453987249757,1179627150.3762481,2504670838.1172757,2836810851.2489505,46311859.9354179,2.62152377,4172444.2794587305,0.7251788077047371,29.0
2025-12-12,btc,90331.6083091759,1803124581759.215,411109.0,761375.0,1.6020026597826393,1068190149.6701112,2272322006.2231326,2291534925.562318,40931510.01509533,2.84345593,4093363.5151894954,0.5399560006567066,29.0
2025-12-13,btc,90245.267264173,1801441441839.3125,500012.0,601306.0,1.6004071227927794,1053456501.7977914,944265005.856579,840699824.8650775,40328353.80867731,2.21727704,4084647.8402377004,0.8315433406618261,23.0
2025-12-14,btc,88096.3826142607,1758581468490.5964,418597.0,564048.0,1.5625992937931457,942954068.4977604,941728334.4618767,872643072.6293954,35238553.04570428,1.9549340000000002,4041230.253584659,0.7421301024026324,21.0
2025-12-15,btc,86352.5802565751,1723807816697.5964,419887.0,663223.0,1.5334507834438562,987155043.9394194,2410007523.237748,2019620979.53412,36160142.98244082,2.69619218,3956865.656560885,0.6331007820898853,16.0
2025-12-16,btc,87752.4290336061,1751792518937.351,442553.0,696716.0,1.5583000660090018,1082923808.150664,2524992341.287857,2322866233.735417,40311272.0873128,2.74310551,3981717.33441789,0.6351985601019641,11.0
2025-12-17,btc,86059.5522241379,1718034910274.951,451215.0,675987.0,1.529104503632707,1016622350.2922922,2727900734.130123,2640874339.9172263,37113181.89665947,2.83041509,3876278.8775215065,0.6674906470094839,16.0
2025-12-18,btc,85434.1928673291,1705589102848.2754,461224.0,725880.0,1.5183951212093736,1060823325.7339513,2588551882.452324,2207403827.897764,38445386.7902981,2.76906073,3816438.7487548683,0.6353997905989971,17.0
2025-12-19,btc,88168.0738325541,1760207641640.7705,433546.0,735738.0,1.566939344615533,1068190149.6701112,2302207368.069046,2285985354.195522,39951158.45537607,3.29975598,3933240.9486628617,0.5892668313992209,16.0
2025-12-20,btc,88292.4536373466,1762731347927.2922,441258.0,613352.0,1.5699331395911074,1082923808.150664,880700398.5516149,854047749.513547,40559345.8896561,2.13286655,3948834.1260872213,0.719420495897951,20.0
2025-12-21,btc,88533.4309830508,1767580565650.2676,440054.0,565021.0,1.5740329131051052,1016622350.2922922,819470900.7745737,837923529.5638561,38180042.11144066,1.8911797300000002,3921662.233428463,0.7788276895902985,20.0
2025-12-22,btc,88474.4622331969,1766441678579.3882,426021.0,667969.0,1.5730377244463174,1023989184.8366853,1582308528.3558264,1456304126.831688,38431094.5325449,2.54620131,3910876.5604327447,0.6377855858580264,25.0
2025-12-23,btc,87365.9937872589,1744350079363.6633,431814.0,672116.0,1.5534926720508597,1068190149.6701112,2021427273.557841,2380298034.6228786,39587715.93485169,2.53787255,3837638.237855378,0.6424694546774664,24.0
2025-12-24,btc,87625.6707895967,1749578331319.529,503638.0,667297.0,1.5586263806194098,1171325759.0339823,1999983469.9456663,1763333287.9556234,43539005.17358086,2.73632344,3841027.297228918,0.7547433901246372,24.0
2025-12-25,btc,87231.3047685564,1741741838969.6328,465274.0,562104.0,1.551577942876589,1016989504.5854222,1124729001.6687763,1269146609.5101147,37618500.18143995,2.0880317,3805679.8757453407,0.8277365042767887,23.0
2025-12-26,btc,87334.8077808299,1743851052661.9036,513354.0,613757.0,1.5547999122682277,1149714805.066739,2038742363.044583,1789273056.2689123,42575718.793154575,2.38212109,3809583.918810148,0.8364124563956093,20.0
2025-12-27,btc,87695.4159076564,1751088738231.2805,475008.0,569638.0,1.561130488616242,1002315469.4510928,876484522.9089831,998856897.4355892,37270551.76075397,2.07978162,3804247.794479531,0.8338769534335841,23.0
2025-12-28,btc,87747.6491548802,1752174226540.3967,540696.0,572908.0,1.562371381365594,1142344843.0616953,850703324.6007446,693351833.6955444,42502767.5593951,2.15540502,3798908.196847993,0.9437745676443687,24.0
2025-12-29,btc,87133.5103991818,1739952832712.9775,548253.0,693511.0,1.5518437328119803,1134974870.4438994,2735273619.8411307,2870480207.9681444,41933001.87960624,2.80614074,3729579.7154942034,0.7905469415769901,24.0
2025-12-30,btc,88428.4922735243,1765844968792.5854,366458.0,749500.0,1.5751947328661382,877026041.0760822,1913529272.9377074,2365419917.954263,32884345.56421685,3.05012403,3799280.0133543103,0.4889366244162775,23.0
2025-12-31,btc,87516.9780376972,1747679146138.2644,407824.0,697063.0,1.5599368640000815,980205572.823209,2805909831.897715,3795188050.955327,36374243.996917896,3.05108551,3766855.187067687,0.58506046081918,21.0
2026-01-01,btc,88684.2178474576,1771030307456.4983,469075.0,570904.0,1.5805666838787138,1112864973.8160157,1373598127.032536,1466483954.5858595,41847865.29676905,2.1789344,3801294.509871288,0.8216355113994647,20.0
2026-01-02,btc,89940.1801671537,1796152439786.1328,458150.0,702623.0,1.6028335346054856,1061275207.9424522,2004960447.632454,2240559201.9551353,40473081.07521916,2.77993902,3823519.377846781,0.6520566505793292,28.0
2026-01-03,btc,90598.1301832262,1809335929206.2751,496980.0,618923.0,1.6144428345714434,1142344843.0616953,838657049.1630727,784417459.7067765,43883469.30750019,2.53756188,3861057.757014489,0.8029754912969788,29.0
2026-01-04,btc,91359.7636823495,1824587914852.6606,478738.0,629824.0,1.6278233718322608,1068645169.947496,886240382.1027858,885929336.9739876,41397392.91856462,2.45125971,3913893.1083432934,0.7601139365918098,25.0
2026-01-05,btc,93948.5821794272,1876329155088.7573,410199.0,687169.0,1.672965606192001,972835610.8181652,2436264783.0190177,2924844256.8617835,38753790.14901372,2.72302134,4076539.9951554732,0.5969404906216665,26.0
2026-01-06,btc,93574.2871122151,1868891796056.5054,422822.0,698247.0,1.6656981847227375,958095676.1953254,2253999690.622598,2266365713.9122567,38014554.13933738,2.77692481,4067732.798688828,0.6055478935104627,44.0
2026-01-07,btc,91208.9562606663,1821692646787.2021,424312.0,644966.0,1.6234736025512655,1083385104.5703359,2462750952.6364565,2471660553.710285,41899114.28224358,2.60565397,4005670.4304334098,0.6578827411057327,42.0
2026-01-08,btc,91096.9161554647,1819492476510.5996,335049.0,631893.0,1.6216948371778772,964845793.9226341,2208127654.696919,2215199089.856226,37577477.91412919,2.60291043,4045525.5998749146,0.5302305928377115,28.0
2026-01-09,btc,90539.6032288136,1808401358128.1196,351155.0,664665.0,1.612407429801716,1033929117.8333746,3195274995.662603,2914356272.0895295,40176948.93278603,2.53565804,4040099.526934164,0.5283187771283278,27.0
2026-01-10,btc,90406.1424114553,1805781433869.5881,492984.0,608784.0,1.6100132123879032,1179552938.5755997,2391354663.434736,2435720306.9713993,45768109.595799245,2.0853467,4036509.908189457,0.8097847512418198,25.0
2026-01-11,btc,90717.2063153127,1812029241680.1577,289219.0,536405.0,1.6158564017022603,888305297.0911496,2324376674.5415583,2183514137.8325863,34585934.907712966,1.91541573,4092748.3283571205,0.5391802835544038,29.0
2026-01-12,btc,91141.1498489188,1820537738213.6345,405384.0,638422.0,1.6235117369511674,1033929117.8333746,2422154384.4614363,2650835853.7354703,40443885.24545772,2.3225772,4116782.3176325425,0.6349781179220014,27.0
2026-01-13,btc,95304.4982942724,1903740522551.2454,340763.0,701272.0,1.6956457102183626,982960782.1463331,2738140399.89961,3429744214.867406,40206585.21789617,3.01945485,4340611.365303524,0.48592129729976385,26.0
2026-01-14,btc,97043.9927258913,1938525133766.5828,326077.0,707589.0,1.725258285011508,902867680.2138635,3170618755.572987,4229137056.7068105,37604547.18128288,3.13791446,4465424.48546348,0.4608282491672426,48.0
2026-01-15,btc,95546.1397381648,1908645921457.2375,375169.0,717904.0,1.698251329285832,1012085548.3917611,2337657853.125833,2512673588.2911744,41502854.44876534,3.18632374,4427945.359497403,0.5225893712808398,61.0
2026-01-16,btc,95489.1299602572,1907545876899.8354,362621.0,692686.0,1.6967501163466354,946554829.5820056,2230020805.759596,2069744708.5961134,38792459.04635449,3.3466855300000002,4451552.838911036,0.5234998253176764,49.0
2026-01-17,btc,95106.980462595,1899956122538.015,354936.0,572689.0,1.6895599397740113,1084897453.5204163,864500949.4775618,1029733667.5599422,44284187.77789579,2.21667057,4465971.360798999,0.6197709402485467,50.0
2026-01-18,btc,94261.3294313267,1883103755876.9592,332784.0,567075.0,1.674392280166651,1019366734.7106606,805649101.6404575,783365097.7645876,41239331.62620543,1.99155272,4466581.155762449,0.5868430101838381,49.0
2026-01-19,btc,92526.2419643483,1848484453618.5076,353668.0,623139.0,1.643686879800848,1092178650.3242307,1399883166.4151156,1287519070.4794831,43371675.920788266,2.21884898,4411505.493786117,0.5675587629726273,44.0
2026-01-20,btc,88236.5631922852,1762822147346.9717,386279.0,640908.0,1.5689223614895766,968398399.023619,2911637815.069814,2097878406.6266868,36673321.57679354,2.84576841,4223459.690162969,0.6027058485773309,32.0
2026-01-21,btc,89599.361874927,1790086994742.5427,427046.0,698736.0,1.593366434791272,997523165.2690471,2792381799.624279,1960966557.5250788,38359726.80270312,2.5305470899999998,4317074.937384456,0.611169311442376,24.0
2026-01-22,btc,89395.700735827,1786063068452.813,464766.0,612517.0,1.5900557424434003,1162718505.7701015,2372841605.2570443,2197865618.4780836,44977211.93271296,2.28692829,4307559.083792172,0.7587805726208415,20.0
2026-01-23,btc,89439.7718909994,1786982708956.3025,437544.0,664123.0,1.597227656500748,985930372.216906,1853645690.3241656,1958329561.6635313,39129900.20231224,2.56577071,4338104.188750495,0.6588297649682363,24.0
2026-01-24,btc,89185.0386990064,1781920520861.2185,284304.0,562317.0,1.5927055312322622,690151266.636433,767002521.4357592,786215488.3769765,27312918.10157071,2.02265956,4398541.210976401,0.5055938198560599,25.0
2026-01-25,btc,86445.6705926359,1727217015608.6611,317176.0,555249.0,1.5441681672754624,760574860.3057843,1109654364.0562122,997351507.0699604,29175413.825014617,1.9514115,4349211.239030653,0.5712320058208119,25.0
2026-01-26,btc,88337.4545511397,1765049801467.8804,399372.0,635513.0,1.5779781705662028,873252616.2613451,1716640539.7787411,1921945182.7719448,34230763.638566636,2.3532360900000002,4504790.095748303,0.6284245955629546,20.0
2026-01-27,btc,89260.3805397429,1783524598036.6025,365975.0,624246.0,1.594258404220792,859167895.4992752,2037237826.0038714,1592515547.318841,34030520.08077698,2.34720814,4552142.196925234,0.5862672728379517,29.0
2026-01-28,btc,89177.7892507306,1781904984387.2817,342139.0,631786.0,1.5929682871962685,774659581.0678542,2108062032.3073373,2126770259.479199,30654865.054938644,2.8264027,4575403.598310295,0.5415425476348004,29.0
2026-01-29,btc,84520.3973106371,1688877168322.3572,421064.0,681624.0,1.5108463744510505,901422057.7854849,2511018283.5483646,2215288386.809334,33808158.92425484,2.7818993,4355713.025675541,0.6177364646784738,26.0
2026-01-30,btc,84017.0340292227,1678853413751.91,383042.0,733411.0,1.5027941233677342,922549133.8580906,3049107263.6424055,2699890691.202552,34394473.30571304,3.3273920500000003,4360024.436619787,0.5222746863627625,16.0
2026-01-31,btc,78702.38550263,1572688463359.5845,403447.0,702918.0,1.4092069615659772,971845651.4548361,3453844930.359731,2742181388.4208393,33940403.74800919,3.0225382,4120053.975695471,0.5739602627902544,20.0
2026-02-01,btc,76911.0523772648,1536921339757.8945,356739.0,613261.0,1.3779375282101736,838040819.4266695,2424202434.764779,2214044141.85521,28601297.602795348,2.49800185,4072842.6049337382,0.5817082775522983,14.0
2026-02-02,btc,78716.6018088837,1573030843440.0928,354152.0,734473.0,1.411272421681785,830998453.9751356,3053872319.020239,3156681375.133507,29026746.917025864,3.59703698,4190762.5028993944,0.48218518584073206,14.0
2026-02-03,btc,75684.7660277616,1512475464307.3,435204.0,741467.0,1.3597906397012434,929591499.3096247,3726745385.0089207,3621834521.5399475,31219965.98645166,3.22262256,4024693.391375175,0.5869499249460866,17.0
2026-02-04,btc,73095.1914646406,1460758146742.2795,412289.0,704812.0,1.315930750700471,1000015092.9789759,3983078439.178036,3429173548.341851,32435991.212434266,3.09856906,3891520.2427459173,0.584963082353876,14.0
2026-02-05,btc,63494.6884456458,1268923762593.2034,384528.0,865167.0,1.1497951473288677,894379692.3339509,4975734232.931411,4045459123.827595,25199454.476865675,6.14723942,3364626.0224940917,0.4444552323424264,12.0
2026-02-06,btc,70647.6982188778,1411906693993.6548,407706.0,856992.0,1.2794885803917828,1021142169.0515816,3827598747.2207327,4892457660.793226,32012238.255429003,5.74597668,3723811.563193577,0.47574073036854486,9.0
2026-02-07,btc,69166.2594424313,1382335759076.3145,493708.0,645574.0,1.2542864998384384,1112468740.2429836,1513754869.3345087,1479109844.8151557,35879997.085761234,2.7410227000000003,3645571.5410578465,0.764758184189574,6.0
2026-02-08,btc,70522.5892393337,1409480417712.4243,512816.0,555675.0,1.278752679408799,1063649664.9870175,890200119.3422726,1081277534.2277215,37465125.53339603,2.20456314,3640489.9108846937,0.9228703828676834,7.0
2026-02-09,btc,70244.1017773232,1403950284903.542,394855.0,682068.0,1.2748901229858718,1019852317.996721,2475202398.982866,3200738780.762952,35780589.342824005,2.92519453,3629731.722311921,0.5789085545722714,14.0
2026-02-10,btc,68688.793113384,1372895651922.4705,390874.0,624916.0,1.2481033012418763,900973830.4794545,1858225864.7419808,2030384083.7146497,30909956.9010228,2.58446884,3533096.4142309916,0.625482464843275,9.0
2026-02-11,btc,66989.7165920514,1338968761086.8115,451472.0,659141.0,1.2182387788490887,982311747.733236,2049266532.805385,1790603801.06129,32866829.702975217,2.94451038,3406526.661057202,0.6849399445642131,11.0
2026-02-12,btc,66221.5443115137,1323651411101.5576,494350.0,653355.0,1.2056557515363073,1107447002.9675756,2281419813.0950108,2174765783.7127547,36628791.697306015,2.54254112,3331480.381484813,0.7566330708420383,5.0
2026-02-13,btc,68860.8411633548,1376438775426.905,520762.0,684978.0,1.2543817127922632,944771168.4600127,2164251190.7744303,2271322617.903315,32493709.423958044,2.80407017,3415784.4508824507,0.7602609134891923,9.0
2026-02-14,btc,69798.0791253653,1395209152714.0444,550168.0,583422.0,1.2714284349423441,1038622612.138202,1116090121.1524637,749382092.8935884,36207753.54628325,2.12108481,3403474.2011152804,0.9430018065825423,9.0
2026-02-15,btc,68629.9599760374,1371901612478.9856,691973.0,532309.0,1.2503520156434709,1232582258.2019153,732221969.9117749,873322494.451938,42250319.11024802,1.93598617,3245069.5877607428,1.2999460839474817,8.0
2026-02-16,btc,68747.4380286383,1374287575683.373,529377.0,592609.0,1.2529918805039757,1094933476.5431678,1073262447.1554708,1098299684.1651125,37596255.17191157,2.11548926,3203167.012147166,0.8932989542852032,12.0
2026-02-17,btc,67471.0508465809,1348806897572.9492,661420.0,595445.0,1.2303595955650781,1032365844.4211289,1551290839.852788,1289654663.722714,34789760.592768274,2.32070356,3073386.1868932694,1.110799486098632,10.0
2026-02-18,btc,66380.7069611339,1327041682412.6785,505310.0,595919.0,1.2114637146625802,957284694.8844204,1169408457.742904,1688794074.9663613,31738275.515792146,2.28936243,3004655.396319275,0.8479508121070145,8.0
2026-02-19,btc,66932.3522118644,1338103087136.072,502602.0,616639.0,1.2218447878485281,1025228859.3917797,1434544386.5665119,1241708936.2465076,33257012.505270123,2.40168653,3020459.1189015047,0.815066838133819,9.0
2026-02-20,btc,67977.3092612507,1359022838573.6174,417965.0,662947.0,1.2419474106076231,983397437.0251606,2430363635.4549346,2136403306.007487,29102785.527472954,2.6859102200000002,3072530.301490101,0.6304651804744572,7.0
2026-02-21,btc,68020.6677612507,1359914969948.6675,344028.0,579813.0,1.2427727388908916,854191934.5012189,557816003.5135314,646480791.9801093,25295185.823715106,2.04690813,3059791.826209888,0.5933430261135918,8.0
2026-02-22,btc,67550.0240768556,1350540164036.8374,538994.0,525709.0,1.234286313377275,1177205690.811073,647800814.1723702,688376770.9367537,34619387.3393885,1.8643870900000001,2985483.6884518056,1.0252706345145317,9.0
2026-02-23,btc,64689.9123308007,1293387338339.2383,448909.0,684644.0,1.1831842972470235,1062356356.3827294,1500370607.0025344,1447263624.9001904,29919084.452995323,2.62265424,2848004.200224371,0.6556823692313085,5.0
2026-02-24,btc,64123.7510780245,1282100773328.001,568326.0,661423.0,1.1743319937937022,1184383769.690652,1845956062.246397,1828059288.5873053,33063809.149606384,2.81382024,2778929.6383026196,0.8592474105073455,8.0
2026-02-25,btc,68038.5221794272,1360406516183.8442,481942.0,650235.0,1.2461229941727416,1119781018.4286811,1502212652.2817087,1838533692.3146358,33168779.56247076,2.78948514,2917086.711383059,0.7411812652348766,11.0
2026-02-26,btc,67519.2645292227,1350053680284.782,429268.0,693519.0,1.2368113915864163,1004931684.0003375,1705292128.6583667,2002462829.697037,29539678.23153493,3.46160026,2893069.739339722,0.6189707852272253,11.0
2026-02-27,btc,65864.1358170661,1316988256328.348,411023.0,704075.0,1.2073254705520617,1012109773.2163565,1429248726.1695423,1312944740.921802,29021384.84439475,3.01728646,2816182.0854973304,0.5837772964527926,13.0
2026-02-28,btc,66965.6353091759,1339043246944.1082,426230.0,640533.0,1.2275612619982268,1026465941.3119545,755741541.5355064,819743975.9540304,29925268.27878798,2.52109497,2858370.0158675904,0.6654301964145485,11.0
2026-03-01,btc,65733.5212597896,1314436530955.2666,464241.0,602506.0,1.205248174799525,1069534435.2623082,761714380.6708245,790685368.0852524,30607170.836589534,2.5772248700000002,2783034.9072574936,0.7705168081313714,14.0
2026-03-02,btc,68922.6242974869,1378236536262.6738,420983.0,690831.0,1.263760682233652,976219347.8091415,1698383330.6756139,2044945560.1626577,29292115.326431934,2.67195108,2903444.8275280697,0.6093863766970503,10.0
2026-03-03,btc,68431.1740306838,1368437726302.048,377782.0,652464.0,1.2548907532524818,961863190.0499837,1908829412.9630744,2097058990.0197606,28655554.12534884,2.63690598,2895310.788289662,0.5790081904902032,14.0
2026-03-04,btc,72667.4630575687,1453181528720.1433,382886.0,697294.0,1.3324599332646212,933150853.8587878,2345491087.2679715,4673577378.186464,29521156.867137283,3.05384441,3081456.243483396,0.5491026740514044,10.0
2026-03-05,btc,70987.427176505,1419621513717.071,459142.0,686708.0,1.3020998734899654,1193001934.391659,2108885535.781893,2401906935.152555,36824727.84781197,2.77213841,2993378.049983914,0.6686131514413696,22.0
2026-03-06,btc,68226.7053927528,1364443146701.8782,446899.0,672019.0,1.2527874949037452,1052672433.1900946,1612024270.6396492,1702843643.344627,31128434.335443463,2.9057224,2868563.8380899513,0.6650094714583963,18.0
2026-03-07,btc,67315.5529135009,1346249079545.6663,435530.0,592224.0,1.2363013001289311,951731243.3842347,1040317803.8437545,1032224628.0370839,27767665.57681912,2.22674614,2842731.0105912755,0.7354143026962771,12.0
2026-03-08,btc,66202.6978731736,1324020725745.869,457769.0,523172.0,1.2160004257646573,966151414.8397179,529333845.4025421,454815475.69049174,27722379.734391443,1.90552808,2807448.369936746,0.874987575787695,12.0
2026-03-09,btc,68528.5384699007,1370565923110.882,408602.0,627803.0,1.2588288726421142,994991747.3681617,1758035225.1298146,1856605601.5291479,29552932.215144675,2.58511692,2903120.3636377645,0.6508442935124553,8.0
2026-03-10,btc,69891.8238576856,1397861675303.8767,378570.0,649875.0,1.2838921987216934,994991747.3681617,1992590547.6038635,2298270464.489557,30140849.038626917,2.64778758,2963696.5693777646,0.582527409117138,13.0
2026-03-11,btc,70298.5753530099,1406027387800.1365,405045.0,629140.0,1.2926305604960422,1002201838.2871646,1827687801.5576432,2290839504.2376657,30535943.668963674,2.84788589,2991525.8109366237,0.6438074196522237,15.0
2026-03-12,btc,70538.1074623027,1410846656064.0881,450856.0,640192.0,1.297352966463531,930100981.0097485,1263815717.4164422,1851538304.920191,28435674.570740774,2.73949767,3011733.2499525766,0.7042512246326103,18.0
2026-03-13,btc,70930.0132793688,1418712062331.4456,401832.0,676568.0,1.30454126489792,872420305.5703381,1415970293.1601875,1814102135.3793538,26820411.271261327,3.29025507,3056234.819995494,0.5939269962516702,15.0
2026-03-14,btc,71136.2179199299,1422864934640.0215,441416.0,557544.0,1.3085611269402389,922890900.4732682,581182930.0376189,436698607.8046889,28454487.16797196,2.03416365,3091043.9485946535,0.7917150933379249,16.0
2026-03-15,btc,72712.1461957919,1454415017618.7727,399359.0,534462.0,1.3372863065162932,901260648.4813046,704880138.9149616,900821707.158591,28403182.107731212,1.9612594,3232981.2004666794,0.7472168273890379,15.0
2026-03-16,btc,74723.9575534775,1494685195333.6306,410501.0,701802.0,1.3736647820354706,901260648.4813046,2359938475.890105,2142306143.9832938,29189045.919327147,2.66813659,3354151.092760421,0.5849242378904591,23.0
2026-03-17,btc,74086.013609585,1481953960271.9119,374546.0,679525.0,1.3620392217241304,915680809.5542653,1581966027.7339315,1583068794.1681073,29402886.651304048,2.9997782500000003,3403840.717979847,0.5511879621794636,28.0
2026-03-18,btc,71253.9579275278,1425334864470.0562,437912.0,625137.0,1.3108271207032423,1002201838.2871646,1758955422.1322796,1967993107.4408314,30950937.974769887,2.63104405,3291995.0564994346,0.7005056491617038,26.0
2026-03-19,btc,69948.9048267095,1399258410166.362,442942.0,603884.0,1.2873233530441246,966151414.8397179,1476518198.4600136,1585691305.5789814,29291103.896184605,2.86421582,3247750.8169403384,0.7334885507812758,23.0
2026-03-20,btc,70510.4196797194,1410520483673.4092,422037.0,656663.0,1.2979134579553593,956085963.7654023,1433340737.7016575,1448560360.0475688,29526238.240882497,2.7502874200000003,3272785.949686263,0.6426995277638606,11.0
2026-03-21,btc,69707.285009059,1394484296727.6091,490235.0,586709.0,1.2832286394689276,917823289.7687207,490761609.2417151,444153314.2719528,30061266.660156693,2.74078545,3196845.685685358,0.835567547114498,12.0
2026-03-22,btc,68018.1534815897,1360727895569.4658,639039.0,545348.0,1.2516621596693462,1077444735.2152627,656991962.0495063,1272043985.474013,34434190.20005479,2.01075942,3094114.977132611,1.1718003916765074,10.0
2026-03-23,btc,70726.2110461718,1414938935053.9595,530619.0,640101.0,1.301409408329922,1064142947.2966102,1502171233.3795636,1224243163.4001098,35363105.5230859,2.49522655,3196175.0557790394,0.8289613670342649,8.0
2026-03-24,btc,70610.0187121566,1412641989096.3228,384088.0,587472.0,1.3002777489726736,831361682.6634102,1845741659.4297192,1546468616.5157952,27582038.559436172,2.47728026,3239130.5700032315,0.6537979682435929,11.0
2026-03-25,btc,71281.2973921683,1426105842430.46,514188.0,657017.0,1.3129187923123302,1017586694.3699702,1875172010.1762738,2433147764.853941,34081370.315630466,2.65425322,3261390.381217595,0.7826098868065818,14.0
2026-03-26,btc,68722.9718366452,1374957542916.4944,634223.0,623105.0,1.2664072256679186,1097397412.3045979,1533435934.8423684,1286052872.6252427,35435282.35327018,2.36259995,3092647.84230237,1.017842899671805,10.0
2026-03-27,btc,66214.1715134424,1324794804322.2463,656575.0,640242.0,1.221391534843414,1010935805.1992873,1957973923.6419213,1857743425.7002623,31451731.46888514,2.6562995799999998,2922177.1843938264,1.0255106662793132,13.0
2026-03-28,btc,66351.0725251315,1327569960241.5442,776246.0,555352.0,1.224282130242581,1157255453.1498902,848034822.5332283,619196628.9142096,36078395.68554025,1.8453124,2849722.428262056,1.3977549374090668,12.0
2026-03-29,btc,65966.7523939217,1319910065564.9558,621290.0,513446.0,1.2173465160210977,957728653.5246779,832823902.628654,933689910.1057191,29685038.577264763,1.70265072,2799573.387137293,1.2100396146819723,9.0
2026-03-30,btc,66651.2320037989,1333633950994.4387,539789.0,631420.0,1.2307677885365405,904521501.8500684,2285359181.356216,2017849364.3960385,28326773.60161453,2.47985789,2803451.99030837,0.8548810617338697,8.0
2026-03-31,btc,68214.8680388662,1364949957429.4087,519911.0,630351.0,1.259461592624952,904521501.8500684,1958483761.8795524,1955604055.600676,28991318.916518137,2.48336661,2838988.6625728942,0.8247960263408799,11.0
2026-04-01,btc,68116.8167933957,1363022478623.5505,686646.0,697142.0,1.2578004357870882,1077444735.2152627,1658588315.7166283,1991180493.944629,34484138.50165657,2.51236649,2772422.234414547,0.9849442437839063,8.0
2026-04-02,btc,66908.3179918177,1338870647177.839,501473.0,653581.0,1.2361570581529684,964379542.6953608,1686203279.5132716,1688567252.2170298,30317831.590042394,2.53688992,2714948.1067599044,0.7672698563758739,12.0
2026-04-03,btc,66891.7422279369,1338566550263.67,460217.0,647348.0,1.236095290145614,900036039.4277527,998755204.1982232,1010153374.4727857,27592843.669023972,2.67810231,2711716.0020899936,0.7109267349246464,9.0
2026-04-04,btc,67295.1309137931,1346663972184.613,439257.0,546885.0,1.2435879583030516,828969678.3136718,513990102.5549551,556994690.5710235,25235674.09267241,1.9825229700000002,2727384.601069596,0.8031981129487918,11.0
2026-04-05,btc,68921.8060911748,1379250124896.7249,725843.0,496633.0,1.2731860065048008,1098384831.4750333,524670820.38189703,494875363.1696375,34245522.401552476,1.6249757599999999,2740246.8781423834,1.461527929074387,12.0
2026-04-06,btc,68742.9133085915,1375697653591.4316,461763.0,608673.0,1.2700938124247623,884234328.1768135,1287803845.8038034,1255468696.60072,27497165.3234366,2.19221414,2722917.86518397,0.7586388750609934,13.0
2026-04-07,btc,72057.1243614845,1442053417557.3213,539413.0,640745.0,1.3307033415283853,953315130.5581044,1897178243.7901113,1803076952.831055,31074634.88089019,2.3736357,2822168.1069217226,0.8418528431747418,11.0
2026-04-08,btc,71085.0583702513,1422632685924.1663,560671.0,632101.0,1.3129220338742065,1022395942.8870316,1623959775.5256302,1801806904.057301,32876839.496241227,2.40409433,2754202.2008383702,0.8869959072996246,17.0
2026-04-09,btc,71788.6797825833,1436746639526.9473,579019.0,627910.0,1.3258289461254553,994763617.9554607,1299942536.4231637,1605085726.742722,32304905.902162485,2.44783646,2757094.6509507215,0.9221369304518163,14.0
2026-04-10,btc,72945.0707241379,1459918626570.64,453045.0,655019.0,1.3468426562660187,863510089.4519535,1433174318.438409,1761906872.2349496,28494168.251616366,2.67835655,2791762.55364201,0.6916516925463231,16.0
2026-04-11,btc,73119.1091168907,1463429926532.002,472181.0,567547.0,1.3497406830177825,849693926.986168,532664331.24609363,699396656.0521276,28105157.566804864,1.92808825,2792609.5379151497,0.8319681013202431,15.0
2026-04-12,btc,70685.3697019287,1414754502718.0574,709385.0,523902.0,1.3049673347970956,1070752506.5434624,582192080.0435022,573598823.2889915,34238225.94937171,1.7804819,2643861.9306922075,1.35404140469019,16.0
2026-04-13,btc,74632.7455856224,1493795013094.8875,631372.0,631173.0,1.377048239840283,1022395942.8870316,1818295765.1732352,2318532736.201634,34517644.83335036,2.33519333,2751017.277884286,1.0003152859833992,12.0
2026-04-14,btc,74173.5083603156,1484641267129.7375,609752.0,648935.0,1.368752904018342,1132925232.6656787,3330932155.266603,3920486414.969986,38013923.03466175,2.47386808,2692506.1701745167,0.9396195304614484,21.0
2026-04-15,btc,74761.964654588,1496448887839.818,461922.0,648996.0,1.3796263886883917,863510089.4519535,2162631740.6636844,2799443667.1644197,29203892.44319844,2.80737177,2709706.1883814493,0.7117486086200839,23.0
2026-04-16,btc,75095.7442159556,1503165549783.1582,643440.0,642428.0,1.3856258612153995,1050028267.8186023,1414148110.4520729,1713853129.0221217,35670478.50257891,2.49905033,2687027.9246047763,1.0015752738050023,23.0
2026-04-17,btc,77114.481438048,1543607893397.0964,548624.0,666008.0,1.4223235153878984,967334466.916483,2422774030.0332456,2357215084.2965765,33978568.3836399,3.5095086,2737200.912458042,0.823749864866488,21.0
2026-04-18,btc,75792.0637510228,1517173171126.9146,690658.0,571160.0,1.3980047368399022,1031290054.5634836,700046981.2276057,778219155.8176662,36238080.48095778,2.11100725,2656605.6694480386,1.2092198333216613,26.0
2026-04-19,btc,73905.2041016949,1479439310993.9817,733999.0,510705.0,1.3634656752952108,1064992341.7713568,1014212776.1133715,794722608.6534724,36490694.525211856,1.71927629,2575239.8126692926,1.4372269705603038,27.0
2026-04-20,btc,75814.1453237873,1517683423347.0813,551469.0,630657.0,1.3987305546501194,876259525.6422594,3466511063.819543,3936294307.7956862,30799496.537788592,2.64363163,2638390.9618941247,0.8744357075240582,29.0
2026-04-21,btc,76107.4432977791,1523586908754.2576,532601.0,627674.0,1.4040391749892125,909961812.8501326,1572255452.5849032,1753667406.8635223,32107827.64125056,2.49085,2624454.440470227,0.8485312439259871,33.0
2026-04-22,btc,78317.7422720631,1567866712950.4104,535489.0,658718.0,1.4451816880881303,882999979.2013303,1801398978.8171115,2137224341.2133114,32061325.742625833,3.32020002,2697194.128079044,0.8129260168994926,32.0
2026-04-23,btc,78233.6837492694,1566213501915.128,449644.0,624801.0,1.443518010298725,815595404.7855839,2291239085.5335236,2560040108.0299015,29582111.667692494,2.70696739,2725255.529568458,0.7196595395974078,46.0
2026-04-24,btc,77444.269277031,1550445734881.661,590597.0,669638.0,1.4313054086958688,1004328220.9146813,2327294897.1171703,1939129077.7048097,36059987.88211756,2.4883224200000003,2708926.1145453034,0.8819645838497815,39.0
2026-04-25,btc,77624.7114821742,1554092175350.093,589115.0,548575.0,1.4345741475645932,943664100.0580058,680118385.943885,1333741616.0752282,33960811.27345121,1.97065038,2747378.0586966956,1.0739005605432257,31.0
2026-04-26,btc,78538.7733573933,1572428798917.551,704204.0,527244.0,1.4512399107371687,1004328220.9146813,574394051.1749191,577081291.7402648,36569616.34453625,1.78765788,2765317.9119435567,1.3356320792650083,33.0
2026-04-27,btc,77256.297159848,1546785594139.1619,577862.0,639267.0,1.4274966444382788,930183183.2336046,2192196477.4830184,1358561608.6829655,33316778.15018445,2.32327483,2713731.7113451743,0.9039446741345948,47.0
2026-04-28,btc,76295.531117183,1527582774590.8953,574615.0,624691.0,1.4098968122284417,936923646.4989349,1546025189.589304,1420487799.820215,33140871.329026364,2.6335182,2670886.7568252897,0.9198387682870411,33.0
2026-04-29,btc,75795.0098530099,1517591460634.2573,373961.0,631076.0,1.4012950588480768,856038145.5525279,1634982295.4198256,1699206239.8725677,30081144.535413302,2.8699109700000003,2706258.2955930517,0.5925768053293106,26.0
2026-04-30,btc,76299.6161285798,1527728226837.0828,413668.0,685346.0,1.4109087161770764,943664100.0580058,1515109600.8353295,1298979063.3908434,33381082.056253664,4.00279215,2739655.2220863225,0.6035900114686596,29.0
2026-05-01,btc,78132.6437852133,1564469061455.333,597457.0,751425.0,1.4441109410626063,1064992341.7713568,1088180493.8666308,1359334424.9815326,38577992.86894907,3.30303954,2781097.162860967,0.7950986459061117,26.0
2026-05-02,btc,78712.5387317358,1576113892815.107,529423.0,620486.0,1.4546787719928145,896831740.5704167,599501380.5544422,753825238.196486,33452828.960987713,2.37632884,2785850.2692741174,0.853239235051234,39.0
2026-05-03,btc,78649.1732893045,1574882442469.4604,596099.0,583469.0,1.4532128991393036,1000953351.3604596,509742897.5410465,627613327.1348773,37358357.31241964,2.01434372,2806661.0021651024,1.0216463942385972,47.0
2026-05-04,btc,79826.107817066,1598486719022.3071,567474.0,722079.0,1.4734139625232838,981197686.8712952,2050300894.1917257,2565993994.126598,37169031.45232136,2.56960666,2829688.1970159495,0.7858890786188215,40.0
2026-05-05,btc,80936.7548252484,1620764931897.133,589261.0,721256.0,1.49326488273632,987782911.5285887,1776889962.1611347,2179018386.28822,37939103.82433519,2.7994644500000003,2860112.0610282533,0.8169928569051765,50.0
2026-05-06,btc,81364.6201285798,1629368819802.4692,531510.0,727700.0,1.5007289347155646,928515937.0265276,2133273903.6776855,2044994453.0544786,35851285.744155474,2.82402568,2880589.1252174783,0.7303971416792634,46.0
2026-05-07,btc,79988.9987343659,1601856781311.401,526484.0,759390.0,1.4754077327071486,935101152.2011051,1675920468.0664427,2052739747.5736098,35495118.18837487,3.08179494,2841375.116189933,0.6932985685879456,47.0
2026-05-08,btc,80179.6922957335,1605712436185.0662,586249.0,677277.0,1.4788069377076725,968027247.0394244,1730743225.2988033,2008927881.4164925,36832546.14835258,2.9075167200000003,2824380.8051933143,0.8655970895217171,38.0
2026-05-09,btc,80663.6296519579,1615447075021.543,830362.0,818423.0,1.4875564619691928,1126072515.539159,701706542.8941619,962085572.3734754,43104627.095265,7.20904316,2778974.1911136755,1.014587810948617,38.0
2026-05-10,btc,82256.781137931,1647391609832.0415,726220.0,525874.0,1.516576299979985,987782911.5285887,819431018.0243127,943367799.8081939,38557866.158405155,2.18600569,2830998.699747597,1.380977192255179,47.0
2026-05-11,btc,81714.7420499708,1636578096185.1265,778049.0,615823.0,1.5062797314103844,1086561196.0435464,1858240129.1987467,1676101284.914987,42134163.869516194,2.43507668,2787324.0224931184,1.2634295893462895,48.0
2026-05-12,btc,80525.563024547,1612795007979.533,593259.0,612683.0,1.4843434176790684,882419402.3563375,1668944371.7596662,1484078986.5637836,33720079.51652905,2.76125506,2749576.4644860756,0.9682968190728322,49.0
2026-05-13,btc,79291.9110017534,1588121422920.642,616272.0,643577.0,1.4616979219598498,915345497.1946567,2156074961.7667947,2118393345.399996,34442423.84138663,2.62161722,2682303.3835238297,0.9575730642953368,42.0
2026-05-14,btc,81175.8271116306,1625892297141.893,675554.0,633568.0,1.4962918105558831,994368126.7031661,2558568892.2920513,2711058441.315454,38304843.41830069,2.69237071,2740788.303363438,1.0662691297540279,34.0
2026-05-15,btc,79063.4145756868,1583618048523.585,622005.0,669184.0,1.4576482075977497,964723444.1105754,2149992670.7331543,2202365315.6951504,35825609.72960808,3.13094452,2657784.391260641,0.9294977166220352,43.0
2026-05-16,btc,78164.4952711864,1565649830508.3457,682779.0,572496.0,1.4411207320741926,1025406922.0646993,636606009.1897941,800301426.1447926,36883871.20609108,2.28603311,2628869.864699,1.1926354070596126,31.0
2026-05-17,btc,77497.697113384,1552327640770.8088,605327.0,564015.0,1.4288785719516937,950708403.3976227,636155834.4789786,672298102.5183166,33905242.4871055,2.0947972,2626769.2210466946,1.073246278911022,27.0
2026-05-18,btc,76975.9111998831,1541909617519.7688,603780.0,639384.0,1.419569255459985,950708403.3976227,1888777979.994271,1486544343.4215164,33676961.14994886,2.50365504,2600917.9466721243,0.944315153335085,28.0
2026-05-19,btc,76807.460956166,1538569462749.442,619635.0,631608.0,1.4170368263075273,964289953.1351562,1666531797.3403094,1617997940.4199846,34083310.79929866,2.50085882,2581747.034551968,0.9810436219933883,25.0
2026-05-20,btc,77408.1722089421,1550639385411.9678,666800.0,648310.0,1.4282474320399445,1032197701.8228235,1511781974.734843,1327156183.0333037,36768881.799247496,2.49965359,2581684.3653108263,1.0285203066434268,27.0
2026-05-21,btc,77595.3861717446,1554420448473.3013,543303.0,630942.0,1.4318398636638516,862428334.9930127,1084613043.2379727,1108334616.5004828,30795668.88691114,2.71848092,2573646.661683759,0.8610981675019257,29.0
2026-05-22,btc,75567.5430431093,1513834758642.7258,713572.0,671333.0,1.3951977957217805,1059360791.5191754,1533405158.5779736,1530779621.5003266,36839177.233515784,2.53563461,2488354.421980988,1.0629181047259706,28.0
2026-05-23,btc,76619.8666090415,1534955087416.1213,729353.0,573855.0,1.4145646606056599,1113686990.4693093,982601002.779916,996612524.4489764,39267681.63713377,2.37316732,2502468.7680169423,1.2709708898589365,28.0
2026-05-24,btc,76950.9896316365,1541620103361.441,627984.0,488204.0,1.4206921481906594,889591434.4680796,950851673.5783243,769806080.0306078,31501811.38045119,2.11001069,2524538.695482155,1.2863147372819559,25.0
2026-05-25,btc,77244.5722896786,1547541506434.7505,781457.0,608973.0,1.425980680386381,1120477760.4487185,1013609094.0249839,1171363192.0049644,39829232.58686553,2.78480485,2504414.667013277,1.2832375162774048,30.0
2026-05-26,btc,75816.0412797019,1518954809639.3533,626622.0,625482.0,1.4000760710265765,943917633.4182135,1569096644.2479281,1536316877.1315267,32932592.930870514,3.41574776,2450785.593150567,1.001822594415187,34.0
2026-05-27,btc,74268.7756418995,1487988234709.0083,646713.0,608435.0,1.3720698989749527,950708403.3976227,1917259402.7358406,1600666739.3418791,32492589.34333103,3.02311893,2363672.106426235,1.0629122256280457,25.0
2026-05-28,btc,73500.5305338925,1472633515879.4004,783577.0,622022.0,1.359302863594602,1100105440.7317758,2270756254.7722526,1784843685.1373057,37209643.58278308,3.4633369800000002,2291198.5746526956,1.2597255402542031,22.0
2026-05-29,btc,73322.8951406751,1469106547762.8948,634214.0,669839.0,1.3570300412340588,960163852.3585032,1653257268.3894918,1827009005.609255,32078766.624045357,3.90021327,2281052.216645264,0.9468155780717455,23.0
2026-05-30,btc,73731.4811337376,1477325745328.8936,657986.0,573532.0,1.3648020345772152,980866172.3203554,959807119.9856373,893676399.112551,32718344.75309606,3.00080524,2277576.7331176265,1.1472524636811896,23.0
2026-05-31,btc,73599.5607413209,1474715633377.0674,715768.0,535317.0,1.3623994613070085,994681189.9526772,610259799.2924131,563703845.3371999,33119802.333594404,2.8003781500000002,2258670.3435880085,1.3370918539855823,28.0
2026-06-01,btc,71328.7312172998,1429245075904.372,556953.0,703973.0,1.321374781897173,932513615.580635,2586185884.4182158,2335472423.4668193,30091808.48229835,3.55203342,2190288.2705645794,0.7911567631144945,29.0
