time,asset,PriceUSD,CapMrktCurUSD,TxCnt,AdrActCnt,CapMVRVCur,SplyCur,NVT_Tx_Basis,Activity_Velocity,FearGreedValue,ActiveStakeADA
2020-01-01,ada,0.033375059986576,1038370749.7698071,931.0,2331.0,0.376471495197,31112176283.35221,,0.3993993993993994,37.0,
2020-01-02,ada,0.032635995410209104,1015376834.1584061,1336.0,3455.0,0.370041147065,31112176031.277992,,0.38668596237337194,39.0,
2020-01-03,ada,0.034051259290680404,1059408764.1466976,1398.0,3470.0,0.38623692990900005,31112175767.216064,,0.4028818443804035,38.0,
2020-01-04,ada,0.034340853022750105,1068418647.8967491,1139.0,2956.0,0.389707053518,31112175553.38372,,0.3853179972936401,38.0,
2020-01-05,ada,0.0344652510771188,1072288934.0010328,1240.0,3013.0,0.39122136787300005,31112175321.21554,,0.4115499502157318,39.0,
2020-01-06,ada,0.0372105891192737,1157702360.809133,1656.0,4087.0,0.422175884709,31112175007.449326,,0.4051871788597994,41.0,
2020-01-07,ada,0.0370316875073858,1152136328.888465,1937.0,4587.0,0.42078123948,31112174638.508617,,0.4222803575321561,40.0,
2020-01-08,ada,0.036377894380153805,1131795390.5714228,1799.0,4472.0,0.41429886217,31112174298.600452,,0.4022808586762075,51.0,
2020-01-09,ada,0.036080331768761804,1122537560.4249892,1526.0,3743.0,0.41100068260300004,31112174012.681267,,0.40769436281057975,44.0,
2020-01-10,ada,0.0368220551754862,1145614178.491032,1392.0,3366.0,0.41964570553900005,31112173751.065083,,0.41354723707664887,41.0,
2020-01-11,ada,0.036846809587731295,1146384332.4785159,1388.0,3267.0,0.42010851852000003,31112173490.869118,,0.4248546066727885,50.0,
2020-01-12,ada,0.0376417519329894,1171116707.3679066,1320.0,3019.0,0.43123734482400006,31112173244.55971,,0.4372308711493872,45.0,
2020-01-13,ada,0.03691535367545751,1148516867.4413366,1679.0,4002.0,0.42305174011100005,31112172933.207115,,0.41954022988505746,49.0,
2020-01-14,ada,0.041641434094448405,1295555481.1336823,2163.0,5661.0,0.476025707575,31112172510.56213,,0.3820879703232644,56.0,
2020-01-15,ada,0.0425975716917356,1325302981.4819188,2164.0,5149.0,0.486900049172,31112172099.21481,,0.4202757817051855,54.0,
2020-01-16,ada,0.04142003118862711,1288667125.5129228,1700.0,4016.0,0.47357719983900004,31112171780.951202,,0.42330677290836655,55.0,
2020-01-17,ada,0.045264184632233,1408267068.0876148,2270.0,5512.0,0.517395204206,31112171345.394703,,0.4118287373004354,54.0,
2020-01-18,ada,0.0449215166028697,1397605905.1946154,1954.0,4475.0,0.51354745714,31112170979.22586,,0.43664804469273744,51.0,
2020-01-19,ada,0.0419967860477753,1306611172.499247,1955.0,4798.0,0.48055366452000003,31112170607.83779,,0.4074614422676115,53.0,
2020-01-20,ada,0.0439139639266661,1366258723.20201,1757.0,3860.0,0.5019226610790001,31112170276.488514,,0.45518134715025904,48.0,
2020-01-21,ada,0.0459143302497329,1428494442.1384933,2127.0,5301.0,0.5257824172400001,31112169868.726406,,0.4012450481041313,49.0,
2020-01-22,ada,0.0454597618702152,1414351816.9563253,1946.0,4383.0,0.5208049437000001,31112169504.85161,,0.4439881359799224,52.0,
2020-01-23,ada,0.0430659428153042,1339874898.9056778,1709.0,3988.0,0.49372323468900003,31112169183.244514,,0.4285356068204614,49.0,
2020-01-24,ada,0.0448200113647082,1394447763.295448,1563.0,3766.0,0.5136256319120001,31112168891.44862,,0.4150292087095061,40.0,
2020-01-25,ada,0.043218152208751505,1344610440.274477,1290.0,3265.0,0.49544818474900004,31112168650.333893,,0.39509954058192953,41.0,
2020-01-26,ada,0.044436995860131404,1382531298.5978317,1337.0,2979.0,0.509349134769,31112168404.665497,,0.44880832494125544,42.0,
2020-01-27,ada,0.04785201367074591,1488779890.8804793,1862.0,4418.0,0.548331385291,31112168050.529457,,0.4214576731552739,50.0,
2020-01-28,ada,0.05284264631536,1644049263.5578032,2860.0,7589.0,0.6020648853180001,31112167504.75118,971209.3206383917,0.37686124654104625,54.0,
2020-01-29,ada,0.05373472673221381,1671803788.048519,2971.0,7536.0,0.611683615196,31112166930.33404,946852.7461741683,0.3942409766454352,57.0,
2020-01-30,ada,0.0561688451646213,1747534216.8073087,2706.0,6565.0,0.6387285558790001,31112162119.153137,963056.1736459739,0.41218583396801217,57.0,
2020-01-31,ada,0.0539469783496549,1678407105.3588576,3026.0,6663.0,0.605212926104,31112161546.4788,896243.0191099247,0.4541497823803092,55.0,
2020-02-01,ada,0.056138952240860206,1746604120.6915293,2832.0,6489.0,0.629313746293,31112161003.608475,903488.2480622738,0.4364308830328248,57.0,
2020-02-02,ada,0.05580583550041271,1736240105.562779,3091.0,7771.0,0.6254880834100001,31112160403.905052,868430.2064265418,0.39776090593231245,57.0,
2020-02-03,ada,0.0568754002885077,1769516549.6067402,2485.0,5852.0,0.635901006441,31112159925.567867,872158.6964915546,0.4246411483253589,59.0,
2020-02-04,ada,0.05578906597609581,1735718312.8688068,2777.0,6546.0,0.6235631928470001,31112159390.02309,843034.792629995,0.4242285365108463,56.0,
2020-02-05,ada,0.05938709652904921,1847660776.8211923,3170.0,7545.0,0.662717098868,31112158782.12549,876558.8232970753,0.4201457919151756,53.0,
2020-02-06,ada,0.059824499717936706,1861269296.1534827,3328.0,7294.0,0.670992974542,31112158144.724663,856853.4459948294,0.4562654236358651,61.0,
2020-02-07,ada,0.0598560451041885,1862250707.2671978,2983.0,6949.0,0.670984569681,31112157577.829758,835451.2650166078,0.42927039861850624,56.0,
2020-02-08,ada,0.060195652506363405,1872816592.640703,2916.0,6858.0,0.674346028577,31112157019.02598,820113.3012298789,0.4251968503937008,56.0,
2020-02-09,ada,0.0618362409924336,1923858802.8552926,3042.0,6980.0,0.6922409005460001,31112156430.897854,820371.3884523734,0.4358166189111748,56.0,
2020-02-10,ada,0.06029626920135821,1875946922.6740417,3228.0,7056.0,0.673533128337,31112155818.618793,781504.9966504964,0.4574829931972789,57.0,
2020-02-11,ada,0.06356320388060911,1977588264.5496953,3230.0,7164.0,0.7092013835080001,31112155206.402176,810973.6728333964,0.4508654383026242,52.0,
2020-02-12,ada,0.0688690777137493,2142665378.827336,4227.0,9758.0,0.7656594963560001,31112154394.35986,852899.1300668933,0.4331830293092847,61.0,
2020-02-13,ada,0.0688385855581833,2141716649.3709106,3988.0,9488.0,0.7647829027580001,31112153627.280777,825665.2372626393,0.4203204047217538,65.0,
2020-02-14,ada,0.070933652888714,2206898660.485229,3300.0,8510.0,0.786644223257,31112152985.37601,838897.1286123596,0.38777908343125733,63.0,
2020-02-15,ada,0.0642498514747164,1998951162.5036385,3674.0,8294.0,0.7134442953260001,31112152271.515614,742513.0346259204,0.44297082228116713,64.0,
2020-02-16,ada,0.0624570093074933,1943171940.9650047,3626.0,7971.0,0.693944307484,31112151582.510567,706140.2752335484,0.4548990089072889,59.0,
2020-02-17,ada,0.05989018881387231,1863312590.4602568,3556.0,7924.0,0.667482740684,31112150877.518353,661670.9262255827,0.44876325088339225,49.0,
2020-02-18,ada,0.06307862855457991,1962511771.164198,3108.0,6760.0,0.7026028813390001,31112150281.867653,688333.2238428373,0.4597633136094675,53.0,
2020-02-19,ada,0.058004277479862205,1804637763.693882,2911.0,11019.0,0.6469288879830001,31112149691.38116,625400.4824920627,0.2641800526363554,50.0,
2020-02-20,ada,0.058249708964928405,1812273632.8680418,2890.0,6688.0,0.6839614248560001,31112149143.254856,618998.7645352376,0.4321172248803828,44.0,
2020-02-21,ada,0.058846185403323106,1830831270.4347098,2428.0,5560.0,0.691067131472,31112148695.560493,618807.7976409536,0.4366906474820144,44.0,
2020-02-22,ada,0.058261533116120305,1812641457.1285248,2185.0,4969.0,0.6858846547430001,31112148276.56136,606111.5253663099,0.4397263030790904,43.0,
2020-02-23,ada,0.061725946976415105,1920426784.6205966,2635.0,5851.0,0.726343089682,31112147786.965076,632350.7963706321,0.4503503674585541,46.0,
2020-02-24,ada,0.05887242634979751,1831647601.544836,2528.0,5770.0,0.693012450216,31112147317.691387,598430.9733055088,0.4381282495667244,46.0,
2020-02-25,ada,0.0565312322078837,1758807988.0727506,3275.0,6122.0,0.6657630319700001,31112146673.27686,571863.8077248945,0.5349558967657628,44.0,
2020-02-26,ada,0.0495297718442813,1540977489.0810902,3824.0,8699.0,0.5849050032510001,31112145921.564774,496123.5577535734,0.43959075755834004,41.0,
2020-02-27,ada,0.049722839438702406,1546984205.8411136,3040.0,6784.0,0.5875128090020001,31112145309.967937,496151.9966501859,0.4481132075471698,39.0,
2020-02-28,ada,0.04916244475870351,1529549096.895073,2919.0,6487.0,0.579794109244,31112144735.729164,491162.14864285104,0.44997687683058424,40.0,
2020-02-29,ada,0.0474744344768084,1477031453.6838925,2486.0,5540.0,0.561005040293,31112144251.142853,476187.4577219227,0.4487364620938628,38.0,
2020-03-01,ada,0.045836033378255106,1426057260.56936,2413.0,5305.0,0.542120514991,31112143775.641163,463370.97080190876,0.4548539114043355,39.0,
2020-03-02,ada,0.0490951295581193,1527454708.5704563,2074.0,4516.0,0.5807280343430001,31112143349.417995,498696.7484051349,0.45925597874224977,38.0,
2020-03-03,ada,0.0487607472131188,1517051327.9578648,3024.0,5849.0,0.577273331526,31112142751.366837,493877.74605641584,0.517011454949564,38.0,
2020-03-04,ada,0.048934326793904005,1522451734.2657747,2712.0,5426.0,0.5796390473990001,31112142212.10936,498289.28766150435,0.4998157021747143,40.0,
2020-03-05,ada,0.0508817351468677,1583039752.9906251,2687.0,5798.0,0.602459144186,31112141683.479473,522030.7986637165,0.4634356674715419,41.0,
2020-03-06,ada,0.0515855156849217,1604935846.7811882,2493.0,5189.0,0.6107356997100001,31112141179.007473,532323.3360958229,0.48043939101946426,39.0,
2020-03-07,ada,0.048990756945301805,1524207323.6120486,2379.0,4892.0,0.5806157360830001,31112140710.824833,508783.8280100303,0.48630417007358956,38.0,
2020-03-08,ada,0.0432753739306289,1346389500.2105966,2658.0,5897.0,0.514020020287,31112140183.210896,451494.71850699064,0.4507376632185857,33.0,
2020-03-09,ada,0.0412333767326741,1282858571.1752968,3150.0,7130.0,0.49206347413600005,31112139553.652798,430592.6635448131,0.4417952314165498,17.0,
2020-03-10,ada,0.041445643831275206,1289462629.2755296,3102.0,6508.0,0.49566458413400005,31112138938.531612,433474.446762172,0.4766441303011678,16.0,
2020-03-11,ada,0.0396648106788846,1234057079.8399322,2595.0,5709.0,0.475839605195,31112138409.799026,423139.8265432048,0.45454545454545453,17.0,
2020-03-12,ada,0.024241046541513003,754190770.1669314,5086.0,12712.0,0.301448267326,31112137377.211548,255169.79101324436,0.4000943989930774,14.0,
2020-03-13,ada,0.0287117528288915,893283966.9217725,5270.0,13017.0,0.35773716348600004,31112136282.49461,295202.8971982064,0.4048551893677499,10.0,
2020-03-14,ada,0.025635420433485802,797572673.7795748,3888.0,8120.0,0.320489969531,31112135486.483383,262909.21882964956,0.47881773399014776,8.0,
2020-03-15,ada,0.026967521501932403,839017166.7123264,2804.0,6246.0,0.33783699387000005,31112134893.531292,279273.4268657292,0.4489273134806276,12.0,
2020-03-16,ada,0.024105773962286,749982072.8505815,3631.0,8398.0,0.30294331442300004,31112134131.181374,249415.0251180745,0.4323648487735175,9.0,
2020-03-17,ada,0.026150768966527602,813606218.0749899,2469.0,5802.0,0.32886814889800003,31112133609.393578,272643.18667839194,0.4255429162357808,8.0,
2020-03-18,ada,0.025995117418024502,808763550.3396425,2998.0,6378.0,0.327108762175,31112132995.3625,270738.4886901473,0.4700533082470994,11.0,
2020-03-19,ada,0.030674565057987803,954351125.1928424,3536.0,7789.0,0.388175083405,31112132262.95852,317026.3202244609,0.4539735524457568,12.0,
2020-03-20,ada,0.029281397797939302,911006697.8623809,3754.0,8122.0,0.36946948945,31112131468.2079,297940.63587159564,0.4622014282196503,9.0,
2020-03-21,ada,0.0294675690976267,916798867.842307,2507.0,5096.0,0.37203058332800004,31112130926.203392,298711.4781710392,0.49195447409733123,9.0,
2020-03-22,ada,0.027045730103330303,841450281.1576313,2636.0,5482.0,0.34179935587800003,31112130378.54055,274158.2055948902,0.4808464064210142,11.0,
2020-03-23,ada,0.0292639748157959,910464583.2609786,2727.0,5672.0,0.36986825777000004,31112129811.208504,295958.86008692434,0.4807827926657264,10.0,
2020-03-24,ada,0.030356753092358402,944463225.3777325,2804.0,5788.0,0.384232269464,31112129235.437862,308698.55380870483,0.48445058742225294,12.0,
2020-03-25,ada,0.029434953175750903,915784050.7345502,2616.0,5444.0,0.373185965283,31112128674.591927,303605.97481076285,0.4805290227773696,13.0,
2020-03-26,ada,0.030766080921612902,957198250.9124943,2706.0,5456.0,0.39212717577,31112128104.69048,318595.77558782086,0.4959677419354839,14.0,
2020-03-27,ada,0.029389973561926703,914384606.7730188,2502.0,5194.0,0.37468326773500005,31112127571.205444,305861.7438164613,0.4817096649980747,12.0,
2020-03-28,ada,0.029836551832363,928278589.7346843,2704.0,5327.0,0.38044682514800005,31112126996.116306,309702.71686113987,0.5076027782992303,8.0,
2020-03-29,ada,0.028250068727837703,878919711.1380669,2404.0,4876.0,0.36052527461,31112126473.234978,293266.50354957185,0.49302707136997537,12.0,
2020-03-30,ada,0.029801131747178602,927176561.6410848,2894.0,5836.0,0.381229109181,31112125858.4035,306374.43030058505,0.49588759424263196,10.0,
2020-03-31,ada,0.030539576152843403,950151118.1653696,2745.0,5514.0,0.39079924369400004,31112125243.98134,315003.27158945205,0.49782372143634385,12.0,
2020-04-01,ada,0.0308947699520196,961201935.1159009,2421.0,5831.0,0.395633654057,31112124693.230377,319768.7211373384,0.41519464928828675,12.0,
2020-04-02,ada,0.0319471566596875,993943898.5306075,3066.0,7599.0,0.40903795727000003,31112123971.421062,329178.8888622273,0.4034741413343861,14.0,
2020-04-03,ada,0.0323642338423762,1006920040.0972685,2084.0,5819.0,0.41341711396400005,31112123494.141083,335097.4745973605,0.3581371369651143,14.0,
2020-04-04,ada,0.0324200611078767,1008656930.2167959,1844.0,4606.0,0.41412962483300003,31112123041.98079,337823.63902429736,0.4003473729917499,12.0,
2020-04-05,ada,0.0319463626416048,993919150.9854139,1794.0,4516.0,0.408259340126,31112122595.484478,336363.8544737129,0.39725420726306465,12.0,
2020-04-06,ada,0.0357077851494274,1110944968.9778001,2383.0,5944.0,0.455844341746,31112122029.658146,379485.89888225455,0.4009084791386272,12.0,
2020-04-07,ada,0.035231599906660305,1096129812.3156555,2780.0,7504.0,0.44988274255000005,31112121368.874863,375901.85607532767,0.3704690831556503,20.0,
2020-04-08,ada,0.036495423175655003,1135450014.6119413,2402.0,5623.0,0.46592151374100005,31112120803.393394,390308.7644605532,0.42717410634892405,21.0,
2020-04-09,ada,0.036146205496175296,1124585091.5962846,2357.0,5786.0,0.46144894531100006,31112120239.43368,399974.3739640775,0.4073625993778085,22.0,
2020-04-10,ada,0.033159891351596,1031674508.2480131,2348.0,5814.0,0.42377375256600003,31112119678.23164,381073.37648335664,0.40385276917784657,15.0,
2020-04-11,ada,0.0334836940941435,1041748680.464278,2086.0,5146.0,0.42794226825500004,31112119156.723694,394164.5232966647,0.4053633890400311,15.0,
2020-04-12,ada,0.0338162591551633,1052095467.3176854,2011.0,4922.0,0.432738926018,31112118655.41444,402391.4147836358,0.4085737505079236,10.0,
2020-04-13,ada,0.033270019114859904,1035100764.0200561,2287.0,5997.0,0.42616281873,31112118103.885704,403295.3648168312,0.38135734533933635,11.0,
2020-04-14,ada,0.0330983935382979,1029761110.974488,2068.0,5163.0,0.42401546224500003,31112117564.949467,403466.2362488199,0.40054232035638193,15.0,
2020-04-15,ada,0.031878244638135704,991799678.1402748,2071.0,5162.0,0.40883297020400006,31112117037.767895,393699.63264567096,0.401201084850833,18.0,
2020-04-16,ada,0.0345111956829131,1073716336.5570394,2402.0,5814.0,0.442405348247,31112116381.660137,433180.9492903347,0.413140694874441,13.0,
2020-04-17,ada,0.034546518735190206,1074815289.699681,2125.0,5476.0,0.44297090288,31112115751.473377,444046.8042551874,0.38805697589481375,15.0,
2020-04-18,ada,0.0367155465037128,1142298308.4433134,2317.0,5923.0,0.471729200758,31112115090.75046,473253.3238105583,0.39118689853114974,18.0,
2020-04-19,ada,0.0357625077463044,1112647233.5947814,2213.0,5972.0,0.46025825138700005,31112114438.053055,463872.22555730084,0.37056262558606834,16.0,
2020-04-20,ada,0.0341069137686809,1061138180.5493068,2506.0,6121.0,0.439255821985,31112113741.692753,443858.21714043303,0.40941022708707725,15.0,
2020-04-21,ada,0.0347001560692521,1079595178.3167381,2252.0,5538.0,0.44602725696,31112113045.317696,455333.26795307384,0.40664499819429395,17.0,
2020-04-22,ada,0.0366570652962534,1140478733.1819723,2509.0,6430.0,0.47100810766400003,31112112329.91248,481788.2127471707,0.3902021772939347,19.0,
2020-04-23,ada,0.04090748225720071,1272718142.9202528,3631.0,9167.0,0.524750985603,31112111347.215065,530251.8822987096,0.3960946874659103,19.0,
2020-04-24,ada,0.041669162336206406,1296415573.8079715,4088.0,10153.0,0.530507227359,31112110278.288795,527672.346590057,0.40263961390721953,20.0,
2020-04-25,ada,0.04216636390323231,1311884529.761893,2941.0,7748.0,0.5367228730070001,31112109471.24918,532135.2885502181,0.37958182756840475,24.0,
2020-04-26,ada,0.045990809355312405,1430871051.9934087,3700.0,8178.0,0.5844420066880001,31112108528.87782,569703.3694392527,0.4524333577891905,21.0,
2020-04-27,ada,0.04665180590246391,1451435997.7755864,3811.0,10196.0,0.589414840276,31112107445.746902,570452.9341921398,0.37377402903099255,28.0,
2020-04-28,ada,0.04703392658869951,1463324533.977411,3508.0,8770.0,0.5939837036800001,31112106517.787388,569031.1360512119,0.4,26.0,
2020-04-29,ada,0.051451124734223405,1600752814.3350434,4297.0,10771.0,0.64710522649,31112105373.865257,606665.8383262438,0.3989416024510259,26.0,
2020-04-30,ada,0.047963577457296805,1492247819.2549,4464.0,11396.0,0.60328750731,31112104191.63346,555041.0996312012,0.3917163917163917,44.0,
2020-05-01,ada,0.0509583344381624,1585420965.554113,3260.0,8856.0,0.639570208716,31112103310.166283,580626.3427573758,0.36811201445347785,40.0,
2020-05-02,ada,0.05095840019188311,1585422970.6375682,2786.0,7254.0,0.6394450835070001,31112102512.396027,573560.2565713387,0.384063964709126,40.0,
2020-05-03,ada,0.0490246157874993,1525258827.1888487,3190.0,8214.0,0.615321551021,31112101598.10721,542018.2904736177,0.38836133430728026,45.0,
2020-05-04,ada,0.0495031000818837,1540145435.784007,3092.0,8292.0,0.6214478666670001,31112100721.700928,542427.5137977938,0.3728895320791124,44.0,
2020-05-05,ada,0.04940870849673791,1537208672.922313,2880.0,7584.0,0.620233883316,31112099864.41568,540713.0831112881,0.379746835443038,40.0,
2020-05-06,ada,0.049927867445773697,1553360754.1648777,3037.0,7883.0,0.6263209283200001,31112098986.642513,542070.3804556074,0.38525941900291766,42.0,
2020-05-07,ada,0.05129482316955271,1595889562.0721786,3555.0,8856.0,0.642391421433,31112097936.219383,548718.7049551299,0.4014227642276423,49.0,
2020-05-08,ada,0.0522814384282297,1626585175.7319624,3723.0,9045.0,0.6547042200400001,31112096848.00251,549986.5344824895,0.4116086235489221,55.0,
2020-05-09,ada,0.0516583527984873,1607199626.5334055,3175.0,7986.0,0.6470933428300001,31112095904.4685,536378.1397029208,0.3975707488104182,56.0,
2020-05-10,ada,0.047557621217161804,1479617220.065427,3883.0,10048.0,0.5974312217409999,31112094806.194546,483022.0256477359,0.3864450636942675,48.0,
2020-05-11,ada,0.0479442104178302,1491644771.1596773,3440.0,8511.0,0.599782345737,31112093789.01237,480489.3193188413,0.40418282223005525,40.0,
2020-05-12,ada,0.0504470277362581,1569512608.256428,3272.0,8432.0,0.6308629781910001,31112092796.863876,498665.0443806734,0.38804554079696396,39.0,
2020-05-13,ada,0.05164471886657391,1606775235.1057115,3249.0,8710.0,0.6454835028550001,31112091814.399773,503770.2571267319,0.3730195177956372,41.0,
2020-05-14,ada,0.051172514324627404,1592083912.2834833,3253.0,8022.0,0.639487643709,31112090802.95813,494452.45010301506,0.40550984791822486,40.0,
2020-05-15,ada,0.050425307054614205,1568836682.0559278,3176.0,7703.0,0.6301845835240001,31112089815.472336,481618.1376366763,0.41230689341814875,44.0,
2020-05-16,ada,0.05105345275782221,1588379560.2102056,2853.0,6954.0,0.6378370343840001,31112088887.40322,484768.78799579,0.410267471958585,41.0,
2020-05-17,ada,0.0512379805868409,1594120558.2896118,2833.0,6971.0,0.640059220082,31112087947.880966,483255.1170597758,0.4063979342992397,40.0,
2020-05-18,ada,0.0542018589906189,1686332939.7257214,3614.0,8288.0,0.674746252977,31112086764.728622,505149.37427593506,0.4360521235521235,50.0,
2020-05-19,ada,0.056691400915034,1763787724.0838354,3291.0,8510.0,0.703284182973,31112085706.389664,522542.94499420584,0.3867215041128085,50.0,
2020-05-20,ada,0.056702397509719005,1764129787.054999,3614.0,8781.0,0.702817540302,31112084577.245975,516604.27164428524,0.41157043616900124,52.0,
2020-05-21,ada,0.0520755279671957,1620178173.6468458,3567.0,8367.0,0.6486070547790002,31112083485.115234,474767.5492099766,0.4263176765865902,49.0,
2020-05-22,ada,0.05574397833939951,1734311243.5241454,3579.0,9169.0,0.6931477981110001,31112082330.484566,510934.15421099996,0.3903370051259679,42.0,
2020-05-23,ada,0.05497235158749591,1710304272.6036508,3180.0,8074.0,0.6833662346510001,31112081313.848675,502597.7585787685,0.39385682437453556,40.0,
2020-05-24,ada,0.052655863147982006,1638233441.0425148,3109.0,7689.0,0.654900315277,31112080271.830067,484423.4018987065,0.40434386786318116,43.0,
2020-05-25,ada,0.05396004257548951,1678809117.4231868,3421.0,8624.0,0.670927422489,31112079184.788475,498474.621561269,0.39668367346938777,41.0,
2020-05-26,ada,0.0534877763330654,1664115872.886523,3369.0,8859.0,0.664312384398,31112078066.662674,494841.27823137405,0.3802912292583813,39.0,
2020-05-27,ada,0.0550271293930238,1712008285.483791,3405.0,8646.0,0.6819968838420001,31112076976.721874,513951.238271107,0.39382373351839,39.0,
2020-05-28,ada,0.06551343008053201,2038258781.5548694,4885.0,11353.0,0.8084654577550001,31112075479.01784,609143.3102809913,0.43028274464899147,41.0,
2020-05-29,ada,0.0645711796928594,2008943321.8639998,4787.0,11647.0,0.789374392928,31112074015.37003,590753.9857190027,0.4110071262986177,48.0,
2020-05-30,ada,0.0770940178663085,2398554660.3480225,5938.0,14798.0,0.934235335345,31112072333.64646,682723.7012274538,0.4012704419516151,48.0,
2020-05-31,ada,0.07363587226600461,2290964425.5505133,8172.0,19579.0,0.884542102085,31112070177.8959,620665.3370560257,0.417385974768885,51.0,
2020-06-01,ada,0.08182796454709361,2545837233.730882,6053.0,14361.0,0.9581808192950001,31112068445.325962,670505.4183821799,0.4214887542650233,50.0,
2020-06-02,ada,0.07867321191051721,2447686221.887358,5987.0,14243.0,0.919701534897,31112066768.944847,626349.9745279293,0.4203468370427578,56.0,
2020-06-03,ada,0.08525187743572281,2652361966.8258033,5811.0,12939.0,0.991521118009,31112065172.120106,661943.910290412,0.4491073498724786,48.0,
2020-06-04,ada,0.08860691525169691,2756743911.6758366,6218.0,14608.0,1.023922882278,31112062798.315758,672042.8839942138,0.42565717415115006,54.0,
2020-06-05,ada,0.0853354305206501,2654961087.5202866,5333.0,12808.0,0.98351278991,31112060621.500225,638283.036830759,0.4163803872579638,53.0,
2020-06-06,ada,0.08619292422466461,2681639326.8351746,4285.0,10422.0,0.9937813268990001,31112058802.4766,638610.4523111228,0.4111494914603723,54.0,
2020-06-07,ada,0.08619703275344881,2681766934.1181393,4922.0,11333.0,0.9910123662920001,31112056279.11641,633046.7572275907,0.43430689137915823,54.0,
2020-06-08,ada,0.08637929145338871,2687437252.1045074,4511.0,10501.0,0.990246010862,31112054832.664158,628708.5736874196,0.4295781354156747,53.0,
2020-06-09,ada,0.0834485634913514,2596256164.7006893,4576.0,10734.0,0.958924562313,31112053414.433735,600831.240436225,0.4263089249114962,52.0,
2020-06-10,ada,0.0836089799723784,2601246932.5282083,4875.0,12008.0,0.9603193629350001,31112051999.528915,594003.3935815574,0.40597934710193206,54.0,
2020-06-11,ada,0.0750078155987077,2333646941.254816,5419.0,12927.0,0.863645383868,31112050426.0495,523645.9642349907,0.4192001237719502,52.0,
2020-06-12,ada,0.0792283638495849,2464956739.1100383,4482.0,10154.0,0.9109743052110001,31112049010.50033,547381.5217432216,0.44140240299389405,38.0,
2020-06-13,ada,0.0786947281054498,2448354148.797913,3522.0,7992.0,0.9055652894720001,31112047880.985798,540825.1642211266,0.44069069069069067,38.0,
2020-06-14,ada,0.0764864412312509,2379649738.572335,3280.0,7256.0,0.880946707068,31112046792.419662,523801.67980838305,0.4520396912899669,40.0,
2020-06-15,ada,0.07855484810673101,2444001998.2801476,4838.0,11629.0,0.907151508856,31112045369.36445,532839.5919289578,0.4160288932840313,37.0,
2020-06-16,ada,0.07894277675166331,2456071151.975762,3766.0,9172.0,0.9099272693190001,31112044103.819965,533497.736729049,0.4105974705625818,39.0,
2020-06-17,ada,0.0832293666462192,2589435612.5612493,4116.0,9821.0,0.954313559489,31112042742.894978,560284.663398258,0.41910192444761224,38.0,
2020-06-18,ada,0.08190405547923431,2548202360.8332567,4060.0,9840.0,0.9399604035430001,31112041350.373917,549270.3262021354,0.41260162601626016,40.0,
2020-06-19,ada,0.07978869843056942,2482389196.918344,3561.0,8802.0,0.915931118538,31112040248.137047,535158.3181043696,0.4045671438309475,39.0,
2020-06-20,ada,0.0794295569311611,2471215479.2590847,3328.0,7566.0,0.9116283839260001,31112039078.863342,532143.0866903104,0.43986254295532645,38.0,
2020-06-21,ada,0.0782958095806346,2435942191.524455,3061.0,6927.0,0.8989023757910001,31112037854.538666,524741.1649601461,0.4418940378230114,37.0,
2020-06-22,ada,0.083578498027098,2600297284.72261,3865.0,8595.0,0.954949076201,31112036541.73752,558239.0183801654,0.44968004653868526,38.0,
2020-06-23,ada,0.08272053782903022,2573604294.933863,3814.0,8303.0,0.944847962397,31112035323.719505,550629.7872556596,0.45935204143080816,41.0,
2020-06-24,ada,0.08259178326743231,2569598357.418466,4104.0,9145.0,0.9413610666950001,31112033858.115204,546851.8724602076,0.44876981957353745,50.0,
2020-06-25,ada,0.0815023035544712,2535702331.959392,3544.0,8118.0,0.928827579054,31112032683.40363,545195.0831991812,0.4365607292436561,43.0,
2020-06-26,ada,0.0805421041321233,2505828474.7963223,3428.0,7592.0,0.9178499414350001,31112031425.02582,544453.6490102122,0.45152792413066384,40.0,
2020-06-27,ada,0.0772610924029579,2403749432.7530136,3577.0,8033.0,0.881156376494,31112030104.572884,532021.564779179,0.44528818623179384,43.0,
2020-06-28,ada,0.08016920532190591,2494226623.102551,3635.0,8214.0,0.915400262597,31112028778.22482,572581.5599353241,0.4425371317263209,40.0,
2020-06-29,ada,0.0837473846770127,2605550922.164402,4041.0,9637.0,0.9529987111720001,31112027345.25014,608169.6731433511,0.41932136557019817,41.0,
2020-06-30,ada,0.0832328343048556,2589542139.6353197,2571.0,5134.0,0.938512214178,31112026416.77014,622149.5920800816,0.5007791195948578,44.0,
2020-07-01,ada,0.09581869304900631,2981113531.9514623,5425.0,10961.0,1.065643017035,31112024565.25656,718606.5316308183,0.49493659337651674,42.0,
2020-07-02,ada,0.09321451506787311,2900092111.4461527,5812.0,12566.0,1.029939147146,31112022728.804447,701528.100150256,0.46251790545917554,42.0,
2020-07-03,ada,0.09621730043582641,2993514659.4469333,5978.0,14261.0,1.02584211818,31112020872.415806,720114.1831722235,0.4191851903793563,41.0,
2020-07-04,ada,0.09952837552355742,3096528723.517577,5670.0,13571.0,1.056571715137,31112019132.52024,736135.74565076,0.4178026674526564,40.0,
2020-07-05,ada,0.09838674602119792,3061010149.879251,5402.0,11889.0,1.039642212024,31112017356.684826,724738.3684952691,0.4543695853309782,38.0,
2020-07-06,ada,0.104974686524321,3265974086.672369,5275.0,12274.0,1.100135057957,31112015618.314743,768303.0827710677,0.4297702460485579,40.0,
2020-07-07,ada,0.11762482894654601,3659545263.79009,7140.0,17133.0,1.225464791431,31112013480.190918,842734.6831220138,0.4167396252845386,43.0,
2020-07-08,ada,0.130191710774669,4050525850.2484574,11035.0,25164.0,1.3240353178,31112010328.053513,887793.4371850803,0.4385232872357336,44.0,
2020-07-09,ada,0.12389106048277201,3854499682.7023745,7256.0,16625.0,1.257893891905,31112008143.948143,832852.2457338484,0.43645112781954887,44.0,
2020-07-10,ada,0.11887968298527102,3698585439.5918646,5754.0,13357.0,1.2058676798,31112006246.265926,791395.1940926211,0.43078535599311224,41.0,
2020-07-11,ada,0.125548638740473,3906069827.5742955,4841.0,11760.0,1.268944006555,31112004612.40126,827450.7302486837,0.4116496598639456,44.0,
2020-07-12,ada,0.127043870906266,3952589291.316225,4707.0,11098.0,1.281654279487,31112002988.577682,828362.1759592101,0.42413047395927195,41.0,
2020-07-13,ada,0.12374539772258801,3849966989.3575296,5095.0,11811.0,1.235158413802,31112001417.52643,805306.0689970255,0.4313775294217255,43.0,
2020-07-14,ada,0.13258074557364302,4124852199.292698,3602.0,8285.0,1.31358519915,31112000324.37227,863862.7761295732,0.4347616173808087,43.0,
2020-07-15,ada,0.13025721455991102,4052562314.8418355,4501.0,9166.0,1.284765353698,31111998890.30242,846286.1891646262,0.4910538948287148,44.0,
2020-07-16,ada,0.126000218455975,3920118417.7286453,5092.0,11499.0,1.24153423831,31111996993.071495,812375.5916959166,0.4428211148795547,43.0,
2020-07-17,ada,0.122812778263732,3820950587.9095335,4555.0,9804.0,1.208502581813,31111995363.41654,786042.0876176781,0.4646062831497348,41.0,
2020-07-18,ada,0.122785798713508,3820111037.2589154,3684.0,8810.0,1.207132522165,31111994035.827,783819.2420217027,0.418161180476731,44.0,
2020-07-19,ada,0.124229081749633,3865014246.5019555,4243.0,8993.0,1.219827314579,31111992393.949844,786222.621086372,0.4718114088735683,41.0,
2020-07-20,ada,0.11797679753102702,3670493076.9962826,3528.0,7964.0,1.159587295932,31111991118.68561,748485.5774632101,0.44299347061778,44.0,
2020-07-21,ada,0.12305453926661902,3828471558.186173,3882.0,8229.0,1.156716977672,31111989699.877106,780314.0527833105,0.47174626321545754,44.0,
2020-07-22,ada,0.12420551108829102,3864280423.481518,3718.0,8014.0,1.166248616488,31111988426.460476,789831.8273279448,0.4639381083104567,50.0,
2020-07-23,ada,0.124161414426481,3862908274.4690466,4661.0,10303.0,1.1644085834440001,31111986701.443134,783165.5782802828,0.4523925070367854,55.0,
2020-07-24,ada,0.12206305598795202,3797623968.7202272,4301.0,9177.0,1.143839747373,31111985014.491726,765093.5820303952,0.46867167919799496,53.0,
2020-07-25,ada,0.14419257162232801,4486116845.467511,5743.0,13243.0,1.343046067283,31111983058.445175,889932.2810480585,0.4336630672808276,55.0,
2020-07-26,ada,0.148588289126621,4622876007.889977,6500.0,15920.0,1.367415062214,31111980863.784943,898817.6556184163,0.4082914572864322,55.0,
2020-07-27,ada,0.13905217053653002,4326188171.34982,6669.0,15594.0,1.278934804959,31111978724.65644,826058.8434110405,0.4276644863409004,58.0,
2020-07-28,ada,0.149206707952458,4642115782.001362,4818.0,12950.0,1.337997288473,31111977777.03458,873005.9837060196,0.37204633204633203,76.0,
2020-07-29,ada,0.13952767096256602,4340970015.557567,7067.0,25453.0,1.249455536499,31111893329.90593,807466.7368786869,0.2776490001178643,71.0,
2020-07-30,ada,0.141061220995497,4388654917.549833,18484.0,70844.0,1.228483990415,31111703745.212364,752950.8868903703,0.26091129806335045,76.0,
2020-07-31,ada,0.13947656124343402,4339344671.263412,9316.0,29061.0,1.199290294288,31111640784.502716,729568.7544381529,0.3205670830322425,75.0,
2020-08-01,ada,0.145386910589914,4523218128.019737,7779.0,22757.0,1.238671896226,31111591199.417984,750973.0775612675,0.3418288878147383,75.0,
2020-08-02,ada,0.13397188990008801,4168073961.337075,7192.0,19560.0,1.135122834234,31111556046.910236,684742.0816803654,0.36768916155419223,80.0,
2020-08-03,ada,0.13708727892442002,4266525251.2495346,8182.0,20189.0,1.1511634327290001,31122692672.32146,689161.5393290084,0.4052701966417356,75.0,
2020-08-04,ada,0.143442685782797,4465402290.928416,5735.0,13232.0,1.199266079325,31130219477.973194,727179.621647061,0.43341898428053205,72.0,
2020-08-05,ada,0.142567760432415,4438462549.276498,4084.0,10277.0,1.189492538604,31132301831.87576,753243.8609831077,0.3973922350880607,75.0,
2020-08-06,ada,0.143620204662461,4472204075.676709,7093.0,19932.0,1.194459611743,31139101118.72748,759720.6394558374,0.35585992374071845,79.0,
2020-08-07,ada,0.139261884793131,4344874632.252747,7017.0,18113.0,1.153049993015,31199309406.927216,732477.7059472747,0.3874013139733893,77.0,
2020-08-08,ada,0.14593198281077202,4586522417.537081,12225.0,29641.0,1.215576194568,31429179054.49391,740303.2615510095,0.4124354778853615,77.0,6057875150.904311
2020-08-09,ada,0.144751325427512,4552813170.970504,7333.0,19110.0,1.208884014297,31452652730.633842,723903.9902962203,0.3837257980115123,79.0,6057875150.904311
2020-08-10,ada,0.14355643443923902,4519467685.901295,6376.0,16962.0,1.200278950592,31482167299.25946,713412.420821041,0.3758990685060724,78.0,6057875150.904311
2020-08-11,ada,0.13712090606557,4320054300.533963,7187.0,17651.0,1.147800717029,31505438699.97586,668424.9463429445,0.4071723981644099,84.0,6057875150.904311
2020-08-12,ada,0.13664039504939102,4305933522.191946,7567.0,18776.0,1.115093288742,31512888415.13882,655140.3764657829,0.403014486578611,75.0,6057875150.904311
2020-08-13,ada,0.13955529433890002,4401630092.865919,7464.0,18113.0,1.135634904975,31540402058.67702,661178.4284600877,0.4120797217468117,75.0,10177811974.822905
2020-08-14,ada,0.13852035283171402,4369814341.856398,6162.0,15930.0,1.1265442129930001,31546370280.800613,650788.796191581,0.38681732580037664,78.0,10177811974.822905
2020-08-15,ada,0.13822189708037802,4360677950.284213,5792.0,14350.0,1.12227051039,31548387356.805096,642227.367255904,0.4036236933797909,79.0,10177811974.822905
2020-08-16,ada,0.138629891818347,4373957093.703257,5368.0,13513.0,1.1246505605350001,31551327324.374237,640393.6281259507,0.3972470953896248,82.0,10177811974.822905
2020-08-17,ada,0.141115376588125,4452806303.294532,5646.0,14503.0,1.141776134011,31554366440.80954,644796.9160908709,0.38929876577259875,83.0,10177811974.822905
2020-08-18,ada,0.13706405040723801,4325366337.675716,5849.0,14303.0,1.054127501422,31557263373.0318,620035.3121668171,0.4089351884220094,82.0,12106602864.871836
2020-08-19,ada,0.12975374044440302,4095098769.917633,5449.0,13227.0,1.003190987676,31560545043.958134,581870.2295134641,0.41196038406290164,80.0,12106602864.871836
2020-08-20,ada,0.13409739407263901,4232418756.960159,4577.0,11552.0,1.035866460371,31562274466.478497,601638.4068784589,0.3962084487534626,75.0,12106602864.871836
2020-08-21,ada,0.12273139300827501,3874335944.427927,4803.0,11453.0,0.9546218299030002,31567603442.47625,549336.9174333313,0.41936610495066795,81.0,12106602864.871836
2020-08-22,ada,0.12541929678843103,3959964944.1371884,4702.0,11445.0,0.9743430024520001,31573809178.799877,564453.6563350979,0.4108344255133246,78.0,12106602864.871836
2020-08-23,ada,0.121764767662649,3845226149.03951,5231.0,13102.0,0.948392716369,31579135926.18813,551662.5872873297,0.3992520225919707,76.0,12758829109.78435
2020-08-24,ada,0.123936279482124,3914622001.942774,6415.0,14782.0,0.970725638601,31585763412.45907,562350.4643322799,0.43397375186037074,78.0,12758829109.78435
2020-08-25,ada,0.112804775034228,3563727018.6340213,5835.0,13825.0,0.887657976117,31591987285.579803,509285.74757185014,0.4220614828209765,75.0,12758829109.78435
2020-08-26,ada,0.11466450552521801,3622977693.32705,5067.0,11879.0,0.903523599788,31596331198.849094,523092.7417787728,0.4265510564862362,76.0,12758829109.78435
2020-08-27,ada,0.10682925047890401,3375564603.506929,5546.0,12991.0,0.84840123053,31597756123.6706,522209.8705920373,0.426910938341929,75.0,12758829109.78435
2020-08-28,ada,0.10933240192426301,3454871766.74292,6369.0,15287.0,0.8703673103070001,31599706088.376133,543325.6169440409,0.41662850788251454,74.0,13382718156.097189
2020-08-29,ada,0.11688219103021502,3693722372.6783576,5457.0,12662.0,0.9312041527460001,31602097292.336864,588563.9696283014,0.4309745695782657,79.0,13382718156.097189
2020-08-30,ada,0.117142350702676,3702358963.131876,5033.0,11438.0,0.930739887234,31605639983.518784,597278.5310761018,0.44002447980416154,75.0,13382718156.097189
2020-08-31,ada,0.12247899646771501,3871271060.0874696,7037.0,16034.0,0.9741039676880001,31607632098.030148,628675.4341600934,0.4388798802544593,75.0,13382718156.097189
2020-09-01,ada,0.12514796258767502,3955827012.723412,7445.0,17299.0,0.9933216326230001,31609200269.25788,636098.2740167091,0.4303716977859992,75.0,13382718156.097189
2020-09-02,ada,0.115444689116696,3649559996.0897346,7477.0,16471.0,0.920173844409,31613060973.29966,575633.8926471793,0.4539493655515755,83.0,13864141914.846088
2020-09-03,ada,0.09636339486649821,3046494711.560825,8624.0,18606.0,0.7829105620270002,31614646991.022236,476405.60015025217,0.4635063957863055,79.0,13864141914.846088
2020-09-04,ada,0.10216881155474801,3230115419.3577538,7089.0,16572.0,0.830652884785,31615474137.3973,504916.85550323577,0.4277697320782042,40.0,13864141914.846088
2020-09-05,ada,0.08952445499446271,2830464693.85616,5772.0,13416.0,0.73101752576,31616664899.342094,458980.0976879429,0.43023255813953487,41.0,13864141914.846088
2020-09-06,ada,0.0926309065668157,2928759106.0865602,5251.0,12368.0,0.757314092973,31617515304.937813,480715.48725261557,0.4245633893919793,41.0,13864141914.846088
2020-09-07,ada,0.0932050390849034,2947002308.139738,5418.0,12152.0,0.765896609805,31618486908.794933,486441.61849127914,0.44585253456221197,41.0,14396547846.613762
2020-09-08,ada,0.0910139350201556,2877874932.569983,4962.0,11287.0,0.753574560702,31620157198.26486,481344.85482661735,0.43962080269336407,41.0,14396547846.613762
2020-09-09,ada,0.09322677940233459,2947914607.0865254,4786.0,11035.0,0.77508421,31620899337.99326,501388.6567032104,0.43371091980063436,38.0,14396547846.613762
2020-09-10,ada,0.09705180664806881,3068965719.406616,4919.0,11527.0,0.808458180341,31621932918.110027,530173.432687269,0.42673722564413985,38.0,14396547846.613762
2020-09-11,ada,0.09710206325571341,3070660010.33988,4375.0,9805.0,0.810601163674,31623015076.965473,536379.9037363634,0.4462009178990311,41.0,14396547846.613762
2020-09-12,ada,0.09753298490558471,3084334091.853796,4274.0,9588.0,0.8150344669240001,31623497372.089436,543919.4498658883,0.44576554025865667,41.0,14776118270.46974
2020-09-13,ada,0.095044335282532,3005719327.138057,4572.0,10167.0,0.797021611721,31624392113.461094,532726.5550061122,0.4496901740926527,38.0,14776118270.46974
2020-09-14,ada,0.0965589098574537,3053684444.9114866,3901.0,8803.0,0.810130705753,31625092385.772858,547272.7907160472,0.44314438259684197,39.0,14776118270.46974
2020-09-15,ada,0.09320949492736631,2947813653.048138,3576.0,7978.0,0.7827267751500001,31625679930.410824,536098.4027574848,0.4482326397593382,47.0,14776118270.46974
2020-09-16,ada,0.09139635966303111,2890585102.8860574,4280.0,10033.0,0.7690083521640001,31626917237.65963,529712.6365789637,0.4265922455895545,43.0,14776118270.46974
2020-09-17,ada,0.09405058782294001,2974568364.4705286,3910.0,8992.0,0.7920412507060001,31627323479.045795,547492.9611320538,0.4348309608540925,48.0,14987431249.067863
2020-09-18,ada,0.09043197935464971,2860194591.8567185,4139.0,9219.0,0.7640118807740001,31628132130.55761,528749.4458807366,0.44896409588892505,49.0,14987431249.067863
2020-09-19,ada,0.09143302269424561,2891879734.349535,3252.0,7140.0,0.773429772013,31628394743.33093,539774.3684624363,0.45546218487394957,48.0,14987431249.067863
2020-09-20,ada,0.0894187256632052,2828202994.0710735,3187.0,7466.0,0.7573351050710001,31628755309.301476,535181.1461531551,0.4268684703991428,52.0,14987431249.067863
2020-09-21,ada,0.0804098183462402,2543296504.8686996,4046.0,10254.0,0.6849088298880001,31629178590.07474,489098.840900855,0.3945777257655549,48.0,14987431249.067863
2020-09-22,ada,0.081470889389526,2576947351.038685,3708.0,9159.0,0.6957964288840001,31630283778.023666,502917.1254954498,0.4048476907959384,39.0,15657991508.07296
2020-09-23,ada,0.0766220726512106,2423633027.720489,4511.0,10194.0,0.6569650027830001,31631003232.620026,474836.4408195982,0.4425152050225623,43.0,15657991508.07296
2020-09-24,ada,0.08272827422985121,2616820214.035121,3725.0,8413.0,0.7108577713550002,31631509763.69434,519302.3565185399,0.4427671460834423,39.0,15657991508.07296
2020-09-25,ada,0.09632962330768441,3047124387.8453517,4250.0,9938.0,0.8271442083260001,31632267242.576008,613915.2289580205,0.42765143892131213,46.0,15657991508.07296
2020-09-26,ada,0.0956710998210138,3026314315.774179,3425.0,7696.0,0.82201258179,31632481715.334686,618769.7222344682,0.44503638253638256,45.0,15657991508.07296
2020-09-27,ada,0.101103419056169,3198204429.2350774,4356.0,11546.0,0.8680344014060001,31632999745.12517,657163.686135177,0.37727351463710374,47.0,15859988643.309526
2020-09-28,ada,0.10058665492838001,3181957960.2119594,5062.0,12884.0,0.870441160332,31633997198.510937,663441.0306342512,0.3928904067059919,43.0,15859988643.309526
2020-09-29,ada,0.10132130616229401,3205240709.0437007,3785.0,9416.0,0.87512682607,31634419555.444973,687019.5652919929,0.40197536108751064,45.0,15859988643.309526
2020-09-30,ada,0.101108024639493,3198527554.1683455,3840.0,8541.0,0.8732561880750002,31634754665.348236,705214.9416647401,0.4495960660344222,49.0,15859988643.309526
2020-10-01,ada,0.0977318818238084,3091765268.0534396,3249.0,8004.0,0.84605350976,31635175854.15261,711802.5613015648,0.40592203898050977,45.0,15859988643.309526
2020-10-02,ada,0.0928822277483245,2938398119.6028028,3460.0,8858.0,0.806195743145,31635741205.139305,697300.1953443778,0.3906073605780086,41.0,16064098678.859669
2020-10-03,ada,0.09351615816091721,2958505184.745942,3460.0,8238.0,0.8118402859790002,31636299468.751884,716103.5725834973,0.420004855547463,40.0,16064098678.859669
2020-10-04,ada,0.0971796278057845,3074446878.173365,2843.0,6824.0,0.8434600690520001,31636742675.30342,759987.2216971177,0.41661781946072685,42.0,16064098678.859669
2020-10-05,ada,0.097278520535196,3077677214.6614723,3433.0,7623.0,0.845725216681,31637788051.556034,774355.8220308145,0.45034763216581397,42.0,16064098678.859669
2020-10-06,ada,0.09263213565505822,2930729227.918695,2983.0,7387.0,0.806084116254,31638364021.230053,750733.4240416759,0.40381751726005144,47.0,16064098678.859669
2020-10-07,ada,0.093646259423137,2962853925.899949,3707.0,8186.0,0.8208963762620001,31638785618.893845,766529.0860516556,0.45284632299047156,43.0,16371244779.82402
2020-10-08,ada,0.0959823679192909,3036837576.5746036,4013.0,8746.0,0.8420515160670001,31639535910.68103,792302.1574708717,0.45883832609192776,46.0,16371244779.82402
2020-10-09,ada,0.10199447430213801,3227082331.096067,3209.0,6645.0,0.894848886617,31639776107.247616,851184.1560598542,0.4829194883370956,48.0,16371244779.82402
2020-10-10,ada,0.10512789996310301,3326526582.0093613,4293.0,9529.0,0.9190395738620001,31642661778.432564,877256.8334943453,0.4505194668905447,53.0,16371244779.82402
2020-10-11,ada,0.10639544291442701,3366664729.8045917,3521.0,7814.0,0.929536445821,31642941065.740692,896718.2796937765,0.4506014845149731,55.0,16371244779.82402
2020-10-12,ada,0.10964365223388801,3469491822.394165,4347.0,10376.0,0.9562809084910001,31643344158.1567,920202.4346598146,0.41894757131842714,52.0,16743231852.830276
2020-10-13,ada,0.10930506011822001,3458898325.494384,5348.0,10601.0,0.9509337739300001,31644448315.140923,902248.4499435704,0.5044807093670408,56.0,16743231852.830276
2020-10-14,ada,0.107457059391796,3400471711.191066,3663.0,8048.0,0.935084967961,31644935478.76372,892135.9373469183,0.4551441351888668,53.0,16743231852.830276
2020-10-15,ada,0.10655992006027201,3372119069.8808217,3074.0,7170.0,0.927060328153,31645285281.496994,891682.1762096442,0.4287308228730823,56.0,16743231852.830276
2020-10-16,ada,0.104214116031778,3297909810.8917584,2888.0,6689.0,0.903474692353,31645519210.527363,882485.0886386326,0.43175362535506057,52.0,16743231852.830276
2020-10-17,ada,0.10602360058224301,3355211112.3640137,2880.0,6392.0,0.919383300798,31645889159.945675,901021.5328697023,0.45056320400500627,56.0,16980957495.73468
2020-10-18,ada,0.107467768282048,3401034684.7357955,3385.0,7434.0,0.9322636479590002,31647020675.16482,911596.0634534603,0.45534032822168413,55.0,16980957495.73468
2020-10-19,ada,0.10892021876451502,3447068333.372024,3186.0,7016.0,0.9448654837070002,31647644234.213024,931604.1208294726,0.4541049030786773,55.0,16980957495.73468
2020-10-20,ada,0.102199232365784,3234412159.8529797,3132.0,7346.0,0.8871435133230001,31648106203.739464,879018.717978447,0.42635447862782466,56.0,16980957495.73468
2020-10-21,ada,0.10594301833321,3352961958.8199034,4060.0,8778.0,0.919261255029,31648729775.41786,915243.5228848308,0.4625199362041467,61.0,16980957495.73468
2020-10-22,ada,0.110778822613498,3506072691.8101277,3842.0,8794.0,0.9615976535110001,31649304524.95101,955947.1378141232,0.4368887878098704,73.0,17096070009.862837
2020-10-23,ada,0.10809145089458601,3424862637.858448,3979.0,8924.0,0.9391079923590001,31684861379.078686,936275.5812662834,0.44587628865979384,74.0,17096070009.862837
2020-10-24,ada,0.108146253957809,3426674884.710889,3346.0,8008.0,0.9390105516520001,31685562461.069935,937494.1058772852,0.4178321678321678,73.0,17096070009.862837
2020-10-25,ada,0.106487036796005,3374135726.4382224,3061.0,6861.0,0.9248906502080001,31685882413.105213,934950.3739796557,0.4461448768401108,76.0,17096070009.862837
2020-10-26,ada,0.103398769286742,3276338291.0687876,3414.0,8149.0,0.8996486072600001,31686434119.761677,922902.9099297397,0.4189471100748558,75.0,17096070009.862837
2020-10-27,ada,0.102813991076629,3257879590.283999,4033.0,9731.0,0.8951531976720001,31687123086.738716,915419.4073994919,0.4144486692015209,61.0,17208683641.999023
2020-10-28,ada,0.0991730081820818,3142621908.029244,5131.0,11512.0,0.8642105083950001,31688278551.149574,871739.7803132439,0.4457088255733148,70.0,17208683641.999023
2020-10-29,ada,0.0955277528894477,3027210516.3444104,3764.0,8814.0,0.8526860598670001,31689330323.175705,835462.9585298259,0.427047878375312,67.0,17208683641.999023
2020-10-30,ada,0.0935474525826938,2964495370.412453,3451.0,8764.0,0.835788823496,31689749838.905632,818227.1392814767,0.3937699680511182,74.0,17208683641.999023
2020-10-31,ada,0.09294780395512191,2945517948.439087,3112.0,7734.0,0.8309871710660001,31690021959.650333,815787.6768709018,0.40237910524954745,73.0,17208683641.999023
2020-11-01,ada,0.09800630992287401,3105859381.335001,3652.0,8481.0,0.876701732928,31690402217.76695,853366.9196167097,0.43060959792477305,72.0,17260167504.454384
2020-11-02,ada,0.0926518891134933,2936294853.077254,4168.0,10244.0,0.8301975691260001,31691688978.73695,801000.1352873396,0.4068723155017571,71.0,17260167504.454384
2020-11-03,ada,0.0936431071269749,2967749400.6805506,3486.0,9008.0,0.83974559538,31692128675.91467,805632.6842702547,0.3869893428063943,71.0,17260167504.454384
2020-11-04,ada,0.09557757394411211,3029069399.669294,3526.0,8295.0,0.8573635408990001,31692260795.827564,823724.2452773807,0.42507534659433394,74.0,17260167504.454384
2020-11-05,ada,0.09775486804707631,3098119454.711681,3721.0,8689.0,0.875302748501,31692738342.3985,844897.7786731248,0.42824260559327887,72.0,17260167504.454384
2020-11-06,ada,0.109470881403261,3469490986.0031905,7654.0,15690.0,0.9691773933390001,31693277166.761158,906912.5125618654,0.48782664117272145,90.0,17348591975.63094
2020-11-07,ada,0.101759431948337,3225196406.0520806,8175.0,15892.0,0.9018095540430001,31694323998.28553,813570.3868454514,0.5144097659199597,88.0,17348591975.63094
2020-11-08,ada,0.106728201550993,3382785843.9586587,5451.0,10823.0,0.945248189704,31695332581.26174,838739.4170748208,0.5036496350364964,82.0,17348591975.63094
2020-11-09,ada,0.105460987812864,3342755879.667763,5339.0,11008.0,0.9372456906150002,31696610746.70892,821597.1123032398,0.4850109011627907,90.0,17348591975.63094
2020-11-10,ada,0.106014544377694,3360342832.429271,5182.0,11431.0,0.9417829888500001,31696998295.417892,827124.9554570753,0.45332866765812263,90.0,17348591975.63094
2020-11-11,ada,0.106187879332297,3365918201.655255,6505.0,13008.0,0.942848681388,31697762709.077023,808303.0407844725,0.5000768757687577,86.0,19510155416.09183
2020-11-12,ada,0.104542453422633,3313849821.0257673,5353.0,11049.0,0.928919250297,31698603892.8022,780542.7082735075,0.48447823332428275,87.0,19510155416.09183
2020-11-13,ada,0.106433770961598,3373858121.915081,4731.0,10115.0,0.944927114834,31699131689.437096,782544.8141023556,0.4677212061295106,89.0,19510155416.09183
2020-11-14,ada,0.10439830295954201,3309371606.5453067,4321.0,9268.0,0.9258363348340001,31699477029.121864,758533.1121747592,0.46622788088044886,90.0,19510155416.09183
2020-11-15,ada,0.10075976009896702,3194061067.2652774,4258.0,9343.0,0.893746136973,31699768480.27473,726908.3082053413,0.4557422669378144,86.0,19510155416.09183
2020-11-16,ada,0.10413288429208302,3301055542.6503515,4890.0,10858.0,0.923264724366,31700413995.94003,740995.4960774257,0.4503591821698287,90.0,19636382936.67075
2020-11-17,ada,0.109746918514585,3479113038.976659,6286.0,13643.0,0.971941446816,31701236682.233555,761704.6163635161,0.4607491021036429,86.0,19636382936.67075
2020-11-18,ada,0.106676637419212,3382000519.7544584,6014.0,13112.0,0.943936620706,31703291382.011395,729300.4316925937,0.45866381940207446,91.0,19636382936.67075
2020-11-19,ada,0.10568633266078001,3350663756.2897234,4719.0,10111.0,0.934480489934,31703851121.831467,717695.4542931737,0.4667194144990604,94.0,19636382936.67075
2020-11-20,ada,0.11753561233866001,3726371508.475852,5924.0,12776.0,1.035974678963,31704191047.551704,786468.3925718064,0.46368190356919226,86.0,19636382936.67075
2020-11-21,ada,0.132739796586761,4208533558.087844,8749.0,19363.0,1.1639920861020001,31705137918.73317,853472.4388097315,0.45184114031916545,91.0,19907907769.885464
2020-11-22,ada,0.146078242123711,4631674340.847768,10341.0,23441.0,1.269391396279,31706805021.142624,892238.6071120572,0.4411501215818438,94.0,19907907769.885464
2020-11-23,ada,0.15274085910671004,4843177553.635837,9727.0,19875.0,1.295155893226,31708460866.07531,894146.7035585701,0.4894088050314465,90.0,19907907769.885464
2020-11-24,ada,0.166440438852474,5277971038.554373,11337.0,24679.0,1.3843416431170001,31710869515.50609,929646.9649645678,0.45937841889865877,88.0,19907907769.885464
2020-11-25,ada,0.155166618177863,4920715474.978232,8344.0,16259.0,1.285124763445,31712461950.661057,849550.0881698761,0.5131926932775693,94.0,19907907769.885464
2020-11-26,ada,0.137343424526988,4355625450.461189,8462.0,17810.0,1.130330205421,31713389013.43113,730818.3979488806,0.4751263335204941,93.0,19977393570.330784
2020-11-27,ada,0.140013353704237,4440513984.8338375,8617.0,20809.0,1.1525176744680001,31714931950.090565,722689.4955671076,0.41409966841270607,86.0,19977393570.330784
2020-11-28,ada,0.16587893826480002,5260995013.587547,9103.0,21323.0,1.353718495837,31715871035.955055,827409.5564380675,0.426909909487408,87.0,19977393570.330784
2020-11-29,ada,0.166188062997171,5270949824.684791,8135.0,18628.0,1.35098611035,31716777544.8139,808613.9180309566,0.43670818123255317,89.0,19977393570.330784
2020-11-30,ada,0.171951158415698,5455434122.867314,9553.0,21177.0,1.365898141836,31726649434.245796,812930.9028609698,0.4511026113236058,88.0,19977393570.330784
2020-12-01,ada,0.155857978390921,4944991844.868693,10651.0,24396.0,1.237555798604,31727550273.145004,709802.5901548354,0.4365879652402033,95.0,19917513128.73384
2020-12-02,ada,0.15887614634841102,5042115173.857103,8378.0,18066.0,1.253861934314,31736137171.90675,706178.5957783058,0.463744049595926,92.0,19917513128.73384
2020-12-03,ada,0.16438204541842202,5216950028.656001,7452.0,17036.0,1.293266129737,31736738737.960415,717279.07450672,0.4374266259685372,92.0,19917513128.73384
2020-12-04,ada,0.149386620864148,4741216165.218387,6468.0,14602.0,1.177426511046,31737890165.746784,655688.8974692655,0.4429530201342282,92.0,19917513128.73384
2020-12-05,ada,0.159151592520305,5051210237.642818,6283.0,13772.0,1.250089356471,31738358112.868843,705149.1808668112,0.4562155097298867,93.0,19917513128.73384
2020-12-06,ada,0.159077768601865,5049111813.497499,6938.0,15169.0,1.242607678245,31739895887.86767,699669.062545432,0.45738018326850816,95.0,20094293921.511215
2020-12-07,ada,0.154163335951888,4893384131.440312,7719.0,15985.0,1.198900419749,31741555806.547035,670195.4396416002,0.4828902095714733,94.0,20094293921.511215
2020-12-08,ada,0.140702959515874,4466186855.448866,6494.0,14444.0,1.096746415773,31741953906.413704,607786.2278498787,0.4495984491830518,95.0,20094293921.511215
2020-12-09,ada,0.148538649194515,4714979165.220396,6637.0,15290.0,1.161451439941,31742440036.909286,641232.036613681,0.43407455853499016,86.0,20094293921.511215
2020-12-10,ada,0.1423811831373,4519595931.095041,5458.0,12079.0,1.114228547691,31742930010.18777,614346.8149787666,0.4518585975660237,94.0,20094293921.511215
2020-12-11,ada,0.139674555668263,4437195302.408018,7270.0,15985.0,1.089300013049,31768100361.433563,595802.330945602,0.4548013762902721,89.0,20218109006.931644
2020-12-12,ada,0.144760625934601,4598932563.615878,7128.0,16579.0,1.129833958925,31769222700.74705,609317.4901518659,0.42994149224923095,90.0,20218109006.931644
2020-12-13,ada,0.15388054344854402,4888830280.673646,6950.0,15703.0,1.197694860203,31770295133.5652,639579.3421337593,0.4425905877857734,91.0,20218109006.931644
2020-12-14,ada,0.158032450834267,5021223239.507031,6551.0,14810.0,1.227398171009,31773368146.855656,651840.8567291499,0.4423362592842674,95.0,20218109006.931644
2020-12-15,ada,0.15419169107872002,4900096783.918473,7272.0,17076.0,1.191766294079,31779253146.76528,633221.8445670328,0.4258608573436402,91.0,20218109006.931644
2020-12-16,ada,0.16710832344224302,5310660350.1371155,6327.0,13267.0,1.287774301652,31779747655.553608,685287.550884796,0.4768975653878043,92.0,20387817635.42465
2020-12-17,ada,0.16327169177863102,5188979594.368409,7982.0,17541.0,1.257332493947,31781256982.403255,659665.9643237932,0.4550481728521749,92.0,20387817635.42465
2020-12-18,ada,0.16475577962448001,5236254745.123237,6252.0,13856.0,1.2670954712,31781918407.099182,664686.1104164994,0.4512124711316397,95.0,20387817635.42465
2020-12-19,ada,0.164841818223426,5239123433.706312,6533.0,14038.0,1.26025238989,31782732623.13343,671799.3796712649,0.465379683715629,93.0,20387817635.42465
2020-12-20,ada,0.16198393841636302,5148392800.531198,5732.0,12443.0,1.238315756427,31783353651.383537,674399.8840478193,0.4606606123925098,92.0,20387817635.42465
2020-12-21,ada,0.153878273306753,4890920779.377858,6313.0,13730.0,1.180055953489,31784349240.960835,651071.7547510449,0.459796067006555,92.0,20478038471.514496
2020-12-22,ada,0.156435704777549,4974220285.529643,8010.0,17699.0,1.166869506451,31797218496.908783,672802.3882423724,0.452567941691621,88.0,20478038471.514496
2020-12-23,ada,0.138943793277076,4418175606.324785,8601.0,19445.0,1.058147826084,31798294131.168858,596851.9989824527,0.44232450501414244,93.0,20478038471.514496
2020-12-24,ada,0.15288468285105503,4861608407.5479355,7306.0,17144.0,1.162327247675,31799185614.194363,660438.8632029139,0.42615492300513297,86.0,20478038471.514496
2020-12-25,ada,0.157146252040821,4997225535.2690325,6434.0,14474.0,1.185334361842,31799839133.108505,686129.1373879906,0.44452121044631754,94.0,20478038471.514496
2020-12-26,ada,0.15821695367215002,5031446054.9186535,7906.0,17727.0,1.193007033704,31800928649.812004,694906.5496871368,0.4459863485079258,93.0,20598560072.620853
2020-12-27,ada,0.155565432943224,4947397986.287147,9746.0,21230.0,1.173889078521,31802681949.869774,677911.4807189842,0.45906735751295336,91.0,20598560072.620853
2020-12-28,ada,0.176072800033461,5599823977.352168,9624.0,20982.0,1.321214527162,31804026381.632904,767042.8851398415,0.4586788676008007,92.0,20598560072.620853
2020-12-29,ada,0.18993951282615004,6041456023.169864,12744.0,29354.0,1.411160810077,31807262919.009148,819148.7431419421,0.43414866798392043,91.0,20598560072.620853
2020-12-30,ada,0.18356759554807803,5839145710.700642,9043.0,22492.0,1.359474998706,31809240041.885918,789176.5814059649,0.40205406366708163,91.0,20598560072.620853
2020-12-31,ada,0.18169069492797402,5779880214.856535,8232.0,19485.0,1.329727493465,31811646805.290718,778236.6497044187,0.4224788298691301,95.0,21356205100.35959
2021-01-01,ada,0.17567396708285501,5588692166.429347,9004.0,19881.0,1.28403662267,31812864815.61319,743427.830718098,0.45289472360545246,94.0,21356205100.35959
2021-01-02,ada,0.177836469166212,5657642871.9849,9779.0,22943.0,1.299310246486,31813738197.293354,740304.22887388,0.4262302227258859,94.0,21356205100.35959
2021-01-03,ada,0.20687895603412101,6582025469.578494,12351.0,30733.0,1.4844197764090001,31815828906.700912,840010.9077940448,0.4018807145413725,93.0,21356205100.35959
2021-01-04,ada,0.22053777982402203,7017015463.409909,14157.0,36391.0,1.563300228512,31817747820.84563,869996.0722625155,0.3890247588689511,94.0,21356205100.35959
2021-01-05,ada,0.25876010082125,8234099560.486724,15888.0,41671.0,1.7604878360310001,31821364786.740414,980124.9317418197,0.3812723476758417,93.0,21440591255.207756
2021-01-06,ada,0.331324260498183,10544611397.045687,24103.0,60005.0,2.106226536065,31825654364.06826,1168396.488734603,0.40168319306724437,95.0,21440591255.207756
2021-01-07,ada,0.29786788060804004,9480491577.097673,19500.0,50207.0,1.842451928303,31827841114.47355,995185.4034998195,0.3883920568844982,91.0,21440591255.207756
2021-01-08,ada,0.303979027663877,9676968538.519793,13967.0,36668.0,1.8675232438020002,31834329535.45743,990930.6382816911,0.380904330751609,93.0,21440591255.207756
2021-01-09,ada,0.334128045436111,10637009977.722797,13082.0,34108.0,2.012732520082,31835130642.323505,1066027.2214591068,0.38354638208045033,93.0,21440591255.207756
2021-01-10,ada,0.304296481402207,9687636477.079222,14459.0,37076.0,1.823746572693,31836176456.7185,945471.2872108491,0.3899827381594563,94.0,21632982170.761196
2021-01-11,ada,0.273233410885173,8699091991.537912,16109.0,40264.0,1.664528612149,31837585174.361153,821621.3392984509,0.40008444267832305,90.0,21632982170.761196
2021-01-12,ada,0.28547621369451504,9089955688.772835,12385.0,31070.0,1.7258761988270002,31841376803.812798,843981.8392661028,0.3986160283231413,84.0,21632982170.761196
2021-01-13,ada,0.312509575702466,9950997640.745,10642.0,26935.0,1.8742303963040001,31842216733.285458,910894.1099922194,0.3950993131613143,78.0,21632982170.761196
2021-01-14,ada,0.30935347879421404,9850736815.792215,12343.0,31396.0,1.8459877285030002,31842980574.157547,889041.3410117232,0.3931392534080775,83.0,21632982170.761196
2021-01-15,ada,0.30214460773286206,9622025903.953794,12611.0,31039.0,1.789665498865,31845764106.639324,850958.0589970634,0.40629530590547375,88.0,21755094259.019943
2021-01-16,ada,0.35058559760365904,11165263959.054571,16802.0,40253.0,2.012839352984,31847469021.465706,956418.5198946624,0.4174098824932303,84.0,21755094259.019943
2021-01-17,ada,0.38389629871344905,12226690665.955704,17152.0,43319.0,2.134217025334,31848941255.57082,1011984.6956536485,0.39594635148549134,79.0,21755094259.019943
2021-01-18,ada,0.37029086894105206,11793858402.276772,14151.0,36073.0,2.037483034317,31850254466.183666,954055.0695076418,0.39228786072685945,79.0,21755094259.019943
2021-01-19,ada,0.37162839149202104,11836656298.35682,13162.0,33197.0,2.034933272969,31850785810.079735,943473.9977567685,0.39648160978401664,80.0,21755094259.019943
2021-01-20,ada,0.37375506124122404,11905231813.740244,13006.0,32814.0,2.032914518617,31853031699.968143,937187.902838237,0.3963552142378253,78.0,21849089085.260376
2021-01-21,ada,0.312896337200664,9967266862.409763,13965.0,32909.0,1.7338446066020001,31854853117.112846,770210.5223652283,0.42435200097237835,75.0,21849089085.260376
2021-01-22,ada,0.349990400533146,11149615317.886261,12686.0,31264.0,1.84267018718,31856917506.599815,846961.6816671106,0.40577021494370524,40.0,21849089085.260376
2021-01-23,ada,0.34563742597929903,11011160239.239332,10373.0,24492.0,1.811741755928,31857546120.884537,830883.1493553743,0.42352604932222765,74.0,21849089085.260376
2021-01-24,ada,0.35172904607337,11205504548.400707,10252.0,24498.0,1.8329140637769998,31858342873.57451,844396.5835833158,0.41848314148093724,70.0,21849089085.260376
2021-01-25,ada,0.34427031752381404,10968173920.444174,11379.0,27290.0,1.789642052453,31859191345.142555,822626.9993127657,0.41696592158299745,74.0,21956206748.62367
2021-01-26,ada,0.34504199349087006,10993234326.359098,11855.0,26161.0,1.789596005181,31860569245.89959,826474.6377599889,0.4531554604181797,71.0,21956206748.62367
2021-01-27,ada,0.31266346544863205,9962059075.08183,10873.0,25910.0,1.625387049644,31861922405.25304,745288.5475175307,0.41964492473948284,78.0,21956206748.62367
2021-01-28,ada,0.348514007119387,11107495881.780327,11432.0,27067.0,1.787641011856,31871017103.698048,823937.087885196,0.4223593305501164,55.0,21956206748.62367
2021-01-29,ada,0.349132425059837,11127585070.82409,12367.0,32616.0,1.783304776622,31872104313.762775,818138.1819838051,0.37916973264655385,77.0,21956206748.62367
2021-01-30,ada,0.36439623012954603,11614386635.45924,13265.0,33155.0,1.848303311394,31872960462.10529,846183.8164662472,0.40009048408988085,76.0,22086904770.458817
2021-01-31,ada,0.346960142690219,11059331869.344397,15765.0,35654.0,1.757186574024,31874934635.41328,798649.8173776229,0.44216637684411286,78.0,22086904770.458817
2021-02-01,ada,0.403673435668573,12867588668.868929,16298.0,35440.0,2.015471416849,31876233439.927353,924130.1830557978,0.45987584650112867,77.0,22086904770.458817
2021-02-02,ada,0.428942404002831,13674310980.012192,22241.0,53615.0,2.100898847772,31879130746.704964,966321.4270688153,0.41482793994218037,76.0,22086904770.458817
2021-02-03,ada,0.4432047124249,14129614436.445036,16908.0,43184.0,2.147859387865,31880560021.886646,1016963.2270530834,0.3915339014449796,78.0,22086904770.458817
2021-02-04,ada,0.44412422757412406,14159508632.055868,18113.0,45132.0,2.039458036029,31881864921.887554,1022761.256355885,0.40133386510679786,80.0,22190441040.634087
2021-02-05,ada,0.5395514535325411,17203325540.263214,29479.0,71551.0,2.339527246661,31884494847.766468,1194808.7339295556,0.4119998322874593,81.0,22190441040.634087
2021-02-06,ada,0.6250858123812981,19931972898.371376,26677.0,66489.0,2.563763772597,31886778588.750004,1339160.7466212322,0.4012242626599889,84.0,22190441040.634087
2021-02-07,ada,0.658377038351307,20995546356.04348,31643.0,73529.0,2.584741409574,31889852065.04172,1354757.4008241287,0.4303472099443757,86.0,22190441040.634087
2021-02-08,ada,0.684225442901175,21820984827.192,27190.0,66006.0,2.596718441925,31891513321.499916,1372959.5073455414,0.4119322485834621,83.0,22190441040.634087
2021-02-09,ada,0.7051389640113971,22489324327.429848,28493.0,74492.0,2.5916997030960003,31893464232.202545,1365581.593561882,0.3824974493905386,95.0,22275517879.395325
2021-02-10,ada,0.930004591687967,29667186603.96287,45281.0,103629.0,3.09766157349,31900043149.374836,1675564.5348190472,0.4369529764834168,92.0,22275517879.395325
2021-02-11,ada,0.930388097365193,29684689849.61963,41184.0,94281.0,2.8648316913369998,31905706805.240746,1584381.5528873256,0.43682184109205463,93.0,22275517879.395325
2021-02-12,ada,0.928462344958521,29624406922.870308,33557.0,80491.0,2.786362471227,31906955714.174683,1520456.2630311274,0.4169037532146451,92.0,22275517879.395325
2021-02-13,ada,0.9079135898670511,28971081311.208775,30071.0,71512.0,2.6749506498630002,31909513894.875298,1451618.0164451497,0.4205028526680837,92.0,22275517879.395325
2021-02-14,ada,0.8546282777751111,27272378288.12057,25739.0,54818.0,2.507190674544,31911392353.0823,1345822.8109857615,0.46953555401510455,95.0,22376311335.660824
2021-02-15,ada,0.8653261966332761,27615495671.160267,31293.0,73833.0,2.510799556012,31913393791.38625,1322791.629744892,0.4238348705863232,93.0,22376311335.660824
2021-02-16,ada,0.872625715373759,27850273369.796276,27905.0,69305.0,2.492045683566,31915485504.421074,1301219.1999771325,0.40264050212827357,95.0,22376311335.660824
2021-02-17,ada,0.889657139219845,28395245251.15874,28327.0,70858.0,2.488818083987,31917065574.339123,1293609.8882584996,0.3997713737333823,95.0,22376311335.660824
2021-02-18,ada,0.9108788157580872,29073647799.491173,33511.0,82604.0,2.477117392178,31918239063.770927,1283691.796173113,0.40568253353348505,91.0,22376311335.660824
2021-02-19,ada,0.9300838704647431,29689696535.280586,32058.0,78499.0,2.467026965951,31921526088.228237,1272034.6044136626,0.40838736799194897,93.0,22369166376.492897
2021-02-20,ada,1.11499077243668,35596497992.70607,51101.0,122873.0,2.73997802544,31925374516.70039,1435638.3065576146,0.4158846939522922,91.0,22369166376.492897
2021-02-21,ada,1.10270114207035,35206501686.94417,35479.0,91002.0,2.648002569664,31927509951.46613,1370123.6542222437,0.38987055229555395,91.0,22369166376.492897
2021-02-22,ada,1.08710256837655,34712928069.69166,33717.0,91987.0,2.55296798364,31931603401.076515,1310236.1293563233,0.3665409242610369,94.0,22369166376.492897
2021-02-23,ada,0.948768289559855,30298727252.59417,32075.0,87632.0,2.23319159609,31934801769.829506,1113277.6973875938,0.36601926236991056,94.0,22369166376.492897
2021-02-24,ada,1.05423094083702,33668439037.794697,32429.0,93646.0,2.399152554071,31936492976.636803,1203061.1270807881,0.3462934882429575,76.0,23034831199.28583
2021-02-25,ada,1.09070586069647,34835358021.40729,37337.0,106277.0,2.390238943785,31938361456.28041,1204924.5334475648,0.35131778277520065,79.0,23034831199.28583
2021-02-26,ada,1.23232503082952,39361960985.0087,39255.0,103886.0,2.549685369414,31941216805.855858,1317726.885607621,0.37786612248041124,55.0,23034831199.28583
2021-02-27,ada,1.3082498317612,41794165385.660965,49598.0,108499.0,2.558942088989,31946623932.981186,1340901.167836002,0.4571286371302961,56.0,23034831199.28583
2021-02-28,ada,1.31323974383273,41955547824.2218,35607.0,91361.0,2.503937671075,31948125253.788975,1316155.1516394424,0.3897396044263964,55.0,23034831199.28583
2021-03-01,ada,1.29482327746002,41369381573.38929,30042.0,82431.0,2.414019232655,31949828438.782177,1278086.6194292242,0.3644502674964516,38.0,23028427838.128765
2021-03-02,ada,1.2246544193554,39130228910.7916,29477.0,74425.0,2.265677102699,31952057896.7803,1199333.5962306932,0.39606315082297616,78.0,23028427838.128765
2021-03-03,ada,1.22259186105236,39066486105.12262,34865.0,106666.0,2.24542998676,31953824779.673973,1174297.4643596783,0.32686141788386175,78.0,23028427838.128765
2021-03-04,ada,1.11285545165448,35561960656.58728,34918.0,117976.0,2.057219054651,31955597291.379925,1050012.1251581174,0.29597545263443414,84.0,23028427838.128765
2021-03-05,ada,1.16475846760417,37223291623.00753,31384.0,97603.0,2.096080218522,31957948929.595116,1096861.6146529366,0.32154749341721056,77.0,23028427838.128765
2021-03-06,ada,1.13337798030526,36221868752.8858,27696.0,77058.0,1.9423949934900002,31959213415.395573,1066209.2161331857,0.35941758156194037,77.0,22675992136.32681
2021-03-07,ada,1.13023429112482,36123099878.81262,31687.0,78035.0,1.933938584109,31960718377.127426,1063252.7222454404,0.4060613827128852,76.0,22675992136.32681
2021-03-08,ada,1.11797719574904,35732581403.595215,28488.0,78060.0,1.9130783144130001,31961815982.88732,1050324.9923897418,0.3649500384319754,81.0,22675992136.32681
2021-03-09,ada,1.1917431193892,38091534614.514465,29291.0,80588.0,2.022165267884,31962873537.744766,1118726.9703813465,0.36346602471832035,81.0,22675992136.32681
2021-03-10,ada,1.1378006653341601,36370994242.788414,24738.0,66203.0,1.943698592257,31966051129.093548,1091719.7458463188,0.3736688669697748,68.0,22675992136.32681
2021-03-11,ada,1.12438796540547,35944564120.398865,25521.0,59831.0,1.920264842265,31968115300.341866,1097345.2955857152,0.4265514532600157,73.0,22807568628.326603
2021-03-12,ada,1.03540438009943,33101469053.849564,32290.0,87526.0,1.762219043438,31969605006.568375,1011946.8778847753,0.3689189497977744,70.0,22807568628.326603
2021-03-13,ada,1.09952906055607,35167463485.22254,29036.0,86987.0,1.8010395492070002,31984114605.79053,1076322.7950670605,0.33379700415004543,74.0,22807568628.326603
2021-03-14,ada,1.06980543969215,34217807584.62565,24282.0,67394.0,1.7602311584499999,31985075337.1307,1048928.4758815272,0.3602991364216399,78.0,22807568628.326603
2021-03-15,ada,1.03872439656039,33224713652.938213,26182.0,78042.0,1.7139532882880002,31986072304.605366,1024216.7556416299,0.3354860203480177,76.0,22807568628.326603
2021-03-16,ada,1.2417927104928,39721877961.288055,36144.0,103336.0,1.9841055844630002,31987527085.35759,1213497.1200402228,0.34977161879693425,71.0,22929461287.895664
2021-03-17,ada,1.3767867576561201,44042952158.00654,45636.0,119779.0,2.114841999234,31989668634.659504,1320566.0264714267,0.3810016780904833,71.0,22929461287.895664
2021-03-18,ada,1.23557667262187,39529379741.879875,47593.0,131626.0,1.8919532243150001,31992656237.187847,1167625.5665237966,0.36157749988604077,72.0,22929461287.895664
2021-03-19,ada,1.29762822672885,41515988559.68433,34930.0,101410.0,1.9627554454520002,31993746517.321587,1222602.1506893802,0.34444334878217137,71.0,22929461287.895664
2021-03-20,ada,1.21037801545521,38725735999.014786,35487.0,91818.0,1.838481680848,31994745033.807026,1159473.010629367,0.3864928445402862,75.0,22929461287.895664
2021-03-21,ada,1.1888007090722201,38036783395.43804,30341.0,70793.0,1.8051603529590001,31995929263.13379,1145136.8373954247,0.42858757221759214,73.0,22753958467.47496
2021-03-22,ada,1.11091850000998,35546736666.7962,35922.0,89446.0,1.693849933208,31997609785.485493,1067640.1813141457,0.40160543791784986,70.0,22753958467.47496
2021-03-23,ada,1.12431636588185,35976186438.73519,29243.0,71497.0,1.713576247088,31998276935.618126,1083831.1033931791,0.40901016825880804,66.0,22753958467.47496
2021-03-24,ada,1.07164677003133,34292697695.56235,29572.0,71222.0,1.639335812604,32000000984.0554,1036299.2821589336,0.41520878380275755,65.0,22753958467.47496
2021-03-25,ada,1.1002449032817,35208602180.77188,35711.0,72454.0,1.695324626049,32000695550.37719,1065847.6489850245,0.49287823998675023,60.0,22753958467.47496
2021-03-26,ada,1.20989725535309,38719038961.2853,38247.0,78850.0,1.8378841122110001,32001923130.22955,1173395.6443748737,0.4850602409638554,54.0,22488877070.796906
2021-03-27,ada,1.18047259825502,37779215008.305984,30891.0,68043.0,1.793540170071,32003466293.20443,1168574.3263054742,0.45399232838058284,65.0,22488877070.796906
2021-03-28,ada,1.18990394192316,38082006050.09333,26414.0,62820.0,1.8046577682209999,32004269175.32856,1190025.5007685176,0.42047118751989815,74.0,22488877070.796906
2021-03-29,ada,1.2001072515988,38409956833.09813,28077.0,67728.0,1.8172679516430001,32005436832.356304,1202911.6419388205,0.4145552799433026,72.0,22488877070.796906
2021-03-30,ada,1.21272726543458,38815643722.66874,27645.0,67658.0,1.825198973249,32006902812.364143,1218112.8253050216,0.4085991309231724,72.0,22488877070.796906
2021-03-31,ada,1.1927419656388,38180226123.45065,30059.0,70323.0,1.776767969596,32010465987.92419,1204661.0490538562,0.42744194644710837,76.0,22670949084.364796
2021-04-01,ada,1.18460184555952,37922702653.62171,37092.0,83953.0,1.7622363855070002,32013036950.57961,1193611.5871324134,0.4418186366181078,74.0,22670949084.364796
2021-04-02,ada,1.19213285258963,38164769277.84597,33772.0,80629.0,1.767671112193,32013855834.05568,1198014.7017609978,0.41885673889047365,74.0,22670949084.364796
2021-04-03,ada,1.16911079697833,37429374203.781876,30627.0,75059.0,1.733298561548,32015249795.418358,1171082.1301011853,0.408039009312674,73.0,22670949084.364796
2021-04-04,ada,1.18070229913476,37802127940.30019,42737.0,82967.0,1.747181486094,32016646336.677986,1168318.9498176596,0.5151084165993708,74.0,22670949084.364796
2021-04-05,ada,1.21112538457157,38777512472.88604,39850.0,86393.0,1.7846842412080002,32017752221.916645,1183620.2339842904,0.46126422279582835,71.0,22760955541.834538
2021-04-06,ada,1.25436564936272,40164300232.06353,44336.0,106638.0,1.8356378282530001,32019611069.921265,1206167.4825019748,0.41576173596654104,75.0,22760955541.834538
2021-04-07,ada,1.1830080332466,37881342482.77537,34055.0,92755.0,1.7276711059190002,32021204774.759914,1126352.9790183099,0.36715001886690746,72.0,22760955541.834538
2021-04-08,ada,1.2179960499098301,39002602957.47862,30127.0,81405.0,1.7497276171360001,32021945358.826115,1154047.5440182704,0.37008783244272464,73.0,22760955541.834538
2021-04-09,ada,1.20183300785662,38486013940.30923,28991.0,68829.0,1.7253319956380002,32022763302.98681,1142746.0584037292,0.4212032718766799,70.0,22760955541.834538
2021-04-10,ada,1.21608888633644,38945042361.85223,34000.0,85975.0,1.7385667027590002,32024832065.670067,1150320.409268993,0.3954637976155859,70.0,22791959380.28564
2021-04-11,ada,1.2670237461881,40578550144.36503,39646.0,89558.0,1.8033003878290002,32026669007.93887,1179453.5023332895,0.4426851872529534,76.0,22791959380.28564
2021-04-12,ada,1.31790753895505,42212431748.04434,36813.0,88976.0,1.863940162297,32029888668.452396,1213551.394357089,0.413740784031649,74.0,22791959380.28564
2021-04-13,ada,1.4200797361755901,45487522015.516266,41322.0,116371.0,1.9600178238280002,32031667558.343235,1300790.3053656034,0.355088467057944,74.0,22791959380.28564
2021-04-14,ada,1.4592955124112201,46747983688.930855,46418.0,109094.0,1.984538681968,32034624441.27463,1335768.445206705,0.4254862778887932,75.0,22791959380.28564
2021-04-15,ada,1.47688287433866,47313583511.826385,38632.0,87722.0,1.987487436765,32036110875.08422,1364406.8051738015,0.44039123594993274,79.0,22796009141.134396
2021-04-16,ada,1.41867946151797,45452030926.553825,50256.0,107342.0,1.89115796477,32038266683.52603,1290356.688641604,0.4681857986622198,78.0,22796009141.134396
2021-04-17,ada,1.37727326796748,44126838185.55905,39984.0,87400.0,1.837228494419,32039275873.4652,1247049.2634042406,0.45748283752860414,76.0,22796009141.134396
2021-04-18,ada,1.28064407449565,41032293891.7184,42984.0,101749.0,1.7298647365700002,32040357433.33131,1144984.9454996698,0.4224513263029612,79.0,22796009141.134396
2021-04-19,ada,1.20111513962777,38486322128.36898,39332.0,88717.0,1.63202586168,32042158872.708935,1070303.6348573512,0.44334231319814693,74.0,22796009141.134396
2021-04-20,ada,1.2627593717871402,40462682852.168655,43928.0,95023.0,1.7082738912870001,32043066760.1407,1109089.727112711,0.46228807762331225,73.0,22716225550.169724
2021-04-21,ada,1.20868785820982,38731983561.75522,45594.0,88916.0,1.640742334629,32044653463.40197,1045256.606713135,0.512776103288497,73.0,22716225550.169724
2021-04-22,ada,1.15422077166154,36988166484.1162,38645.0,86460.0,1.579240065699,32046006615.242664,995381.5871951184,0.44696969696969696,65.0,22716225550.169724
2021-04-23,ada,1.15246871235908,36933374274.46145,44041.0,103660.0,1.58163770201,32047181739.849216,988403.047483934,0.4248601196218406,55.0,22716225550.169724
2021-04-24,ada,1.11462346027775,35721010003.90134,35256.0,73661.0,1.5342224790730001,32047602869.403194,951986.35499669,0.4786250526058566,37.0,22716225550.169724
2021-04-25,ada,1.08700029221697,34836679721.335785,29757.0,68370.0,1.4994341670820002,32048454789.543175,925473.6656217998,0.4352347520842475,31.0,22755688720.3403
2021-04-26,ada,1.23395451020295,39549614322.91827,37179.0,80478.0,1.6896538556670002,32051112091.97938,1041681.9848042303,0.4619771863117871,27.0,22755688720.3403
2021-04-27,ada,1.30895346844703,41955191025.65416,35700.0,75313.0,1.7798030594550003,32052469424.624146,1096731.543812315,0.4740217492332001,50.0,22755688720.3403
2021-04-28,ada,1.3342245523488199,42766226148.72615,36874.0,74830.0,1.7614699711750001,32053244765.612244,1110864.6541060722,0.4927702792997461,59.0,22755688720.3403
2021-04-29,ada,1.31304018702695,42090218841.76739,33442.0,77153.0,1.721953405602,32055545030.247795,1097019.753894624,0.4334504167044703,52.0,22755688720.3403
2021-04-30,ada,1.35019021984986,43282870630.48659,35855.0,78411.0,1.761153175197,32056868724.245094,1125921.3769600396,0.4572700258892247,51.0,22726917708.873363
2021-05-01,ada,1.35511963105601,43442870503.13611,51058.0,91060.0,1.761346613806,32058328657.87812,1109032.7003058053,0.560707226004832,68.0,22726917708.873363
2021-05-02,ada,1.32743539866563,42556870333.96219,47302.0,86265.0,1.722450240325,32059466228.44425,1081911.433914946,0.5483336231380049,66.0,22726917708.873363
2021-05-03,ada,1.35991624088769,43599289194.700806,43201.0,86663.0,1.7591291097190003,32060275393.314823,1105050.3811360104,0.4984941670609141,61.0,22726917708.873363
2021-05-04,ada,1.28507171930788,41200674778.29446,40663.0,88238.0,1.6684536613910002,32060992518.366608,1047739.5714040124,0.4608332011151658,68.0,22726917708.873363
2021-05-05,ada,1.47577076763492,47317466887.69435,47019.0,103074.0,1.887678399751,32062883969.1178,1189287.680780527,0.45616741370277664,48.0,22955953661.89681
2021-05-06,ada,1.6660250651794102,53424693448.801926,64993.0,140301.0,2.065439251198,32067160672.068733,1302037.5551656205,0.46323974882573893,65.0,22955953661.89681
2021-05-07,ada,1.64475610894065,52745163348.1372,51892.0,109090.0,1.992747059992,32068683655.541588,1260353.489244488,0.4756806306719223,64.0,22955953661.89681
2021-05-08,ada,1.61806775893535,51891719628.093376,48878.0,96017.0,1.9568765387590001,32070177124.249046,1224414.1135035818,0.5090556880552403,67.0,22955953661.89681
2021-05-09,ada,1.7779358785769501,57022025716.06039,51888.0,117249.0,2.117083577725,32072037244.504284,1331728.0254245878,0.44254535219916585,73.0,22955953661.89681
2021-05-10,ada,1.65393605026881,53051732560.06218,51825.0,118438.0,1.957762974375,32076048255.577847,1223681.0984611325,0.4375707121025347,72.0,23026399223.411514
2021-05-11,ada,1.75972249957674,56451981694.766655,52821.0,110485.0,2.043825908287,32080047682.714092,1289891.9204266518,0.4780829976919944,61.0,23026399223.411514
2021-05-12,ada,1.6209848143839802,52005532393.13728,50024.0,106359.0,1.888228788142,32082677105.708023,1184806.8807563763,0.47033161274551283,68.0,23026399223.411514
2021-05-13,ada,1.91863625197752,61561530972.96064,64693.0,149502.0,2.165284104892,32086087662.270405,1373392.4320945034,0.43272330804939063,31.0,23026399223.411514
2021-05-14,ada,2.0111391155528,64537628088.47435,59243.0,120822.0,2.228922242165,32090086453.683716,1429550.7028302064,0.4903328863948619,26.0,23026399223.411514
2021-05-15,ada,2.18478686352026,70132329339.87326,84345.0,177321.0,2.367013252299,32100307133.333748,1500808.0064660995,0.47566278105808113,27.0,23083634214.117687
2021-05-16,ada,2.26162567167242,72607048862.2946,73632.0,133972.0,2.387722092861,32103919659.084595,1518204.5644354697,0.5496073806467023,20.0,23083634214.117687
2021-05-17,ada,2.02913429162059,65147603194.70664,57999.0,127819.0,2.14029209992,32106107251.61803,1343499.8489790705,0.45375883084674423,27.0,23083634214.117687
2021-05-18,ada,1.99849957447662,64166501456.989716,56153.0,123082.0,2.072904955586,32107338063.253803,1311458.9501067994,0.4562243057473879,21.0,23083634214.117687
2021-05-19,ada,1.5338654320503,49250870265.75539,72504.0,166749.0,1.6289126471170001,32108990291.229343,987216.0765484492,0.434809204253099,23.0,23083634214.117687
2021-05-20,ada,1.8082546744980101,58064562188.80393,54719.0,130111.0,1.880596216626,32110832067.901745,1150642.8659395694,0.4205562942410711,11.0,23021654510.41947
2021-05-21,ada,1.5419270595951802,49516224108.06887,54824.0,123858.0,1.6238807063310001,32113207820.004753,973812.1067315908,0.4426359217813948,19.0,23021654510.41947
2021-05-22,ada,1.4803143726721402,47539026447.30817,46171.0,106673.0,1.5647175061760001,32114142323.359787,927814.4699172266,0.4328274258715889,12.0,23021654510.41947
2021-05-23,ada,1.32567150406108,42575026545.486984,50675.0,120754.0,1.411653976021,32115819352.729595,818991.2579203472,0.41965483545058546,14.0,23021654510.41947
2021-05-24,ada,1.53820062565747,49407182390.89317,46284.0,113975.0,1.63149951797,32117911200.432854,944509.3402470367,0.4060890546172406,10.0,23021654510.41947
2021-05-25,ada,1.55181598610466,49845028115.27592,44693.0,102061.0,1.641094109608,32120450209.04572,947064.6665995275,0.4379047824340345,22.0,22843314790.026737
2021-05-26,ada,1.75790783598547,56470621829.63908,53295.0,108973.0,1.8392510166030003,32123767056.298527,1061128.086291303,0.48906609894193975,22.0,22843314790.026737
2021-05-27,ada,1.65078623140869,53035475691.05068,39015.0,81362.0,1.714771120164,32127403707.379562,992865.5896975652,0.4795236105307146,27.0,22843314790.026737
2021-05-28,ada,1.51054080947062,48530738827.983635,38625.0,80743.0,1.5731066833240002,32128055411.48642,906853.8802399985,0.4783696419503858,21.0,22843314790.026737
2021-05-29,ada,1.4107019348953,45323780337.96614,35940.0,75894.0,1.474973824371,32128530639.131786,855560.0084291223,0.4735552217566606,18.0,22843314790.026737
2021-05-30,ada,1.57315067022077,50545500895.94055,39736.0,81998.0,1.637998050893,32130107975.51082,959020.1762401053,0.48459718529720236,10.0,22786770256.604954
2021-05-31,ada,1.7421937332191602,55982474178.80542,42395.0,84230.0,1.793183223996,32133323126.678406,1062758.5027001377,0.5033242312715185,18.0,22786770256.604954
2021-06-01,ada,1.73843379275499,55864905604.89651,38699.0,79783.0,1.7831431524230001,32135193090.307095,1061940.6624238633,0.4850532068235088,20.0,22786770256.604954
2021-06-02,ada,1.7578004675079801,56490626215.70417,37404.0,79058.0,1.788601934454,32137109563.857662,1080890.6418014076,0.4731209997723191,23.0,22786770256.604954
2021-06-03,ada,1.84285588332751,59225988901.77815,37794.0,79043.0,1.864110100725,32138155477.919476,1154690.8151632808,0.4781448072568096,24.0,22786770256.604954
2021-06-04,ada,1.71331242521937,55064654059.813416,41251.0,90317.0,1.724558697763,32139295349.336548,1081573.6754352085,0.4567357197426841,27.0,22893778548.07352
2021-06-05,ada,1.6524572336631702,53110439059.65629,42606.0,83480.0,1.662315016088,32140280533.566956,1047799.2955944965,0.5103737422137039,24.0,22893778548.07352
2021-06-06,ada,1.67249971010973,53756581722.844086,33084.0,67699.0,1.677838932406,32141459515.898636,1074786.9349327497,0.4886925951638872,17.0,22893778548.07352
2021-06-07,ada,1.5717561221574,50520229027.345566,32617.0,69745.0,1.582552857459,32142536819.262558,1024127.1528760555,0.46766076421248837,15.0,22893778548.07352
2021-06-08,ada,1.58159963872823,50838053879.82119,34678.0,79355.0,1.590648242517,32143440498.443874,1044286.9908363107,0.4369982987839456,13.0,22893778548.07352
2021-06-09,ada,1.6195701058345,52063916987.723145,31071.0,72976.0,1.625890557925,32146751042.24444,1084547.928725136,0.42577011620258715,14.0,22970909569.111347
2021-06-10,ada,1.5393176274767701,49488943225.10989,35842.0,73525.0,1.5486372771060002,32149923018.962334,1053521.4258584597,0.4874804488269296,21.0,22970909569.111347
2021-06-11,ada,1.43227186416344,46048880591.75963,30561.0,70480.0,1.443502104911,32150935687.517548,1002142.5702303954,0.4336123723041998,21.0,22970909569.111347
2021-06-12,ada,1.4821980374988601,47655000102.16703,27408.0,60993.0,1.492467083673,32151574146.3149,1085115.9882576102,0.44936304166051844,28.0,22970909569.111347
2021-06-13,ada,1.5564740418561902,50043816340.411896,23845.0,53255.0,1.56490316807,32152040441.82555,1187593.1084404055,0.4477513848464933,23.0,22970909569.111347
2021-06-14,ada,1.57038295602064,50493040391.65093,28139.0,62354.0,1.578036177281,32153329350.695835,1229365.8336720725,0.4512781858421272,28.0,23020000415.780617
2021-06-15,ada,1.5614670445857701,50209367594.01566,34947.0,66760.0,1.575819925286,32155252823.36992,1245424.2499104717,0.5234721390053925,38.0,23020000415.780617
2021-06-16,ada,1.47986994686874,47586637398.516594,26512.0,54455.0,1.497213667735,32155959041.67475,1230503.2619695286,0.4868607106785419,33.0,23020000415.780617
2021-06-17,ada,1.47997199529844,47590857604.61581,24848.0,53331.0,1.495964067139,32156593338.11853,1265523.1713003474,0.46592038401680075,26.0,23020000415.780617
2021-06-18,ada,1.41452729488006,45487300067.39249,26205.0,53246.0,1.431798979264,32157244495.76593,1243380.5200294724,0.49214964504375913,25.0,23020000415.780617
2021-06-19,ada,1.39021298914578,44706361078.01493,21712.0,46792.0,1.409048814534,32157922150.824436,1251927.0895080694,0.4640109420413746,23.0,23075664958.746574
2021-06-20,ada,1.42642106851362,45872772656.82557,29799.0,62610.0,1.447884096617,32159348785.156815,1311982.7114173227,0.4759463344513656,21.0,23075664958.746574
2021-06-21,ada,1.18582248781086,38137613800.963356,31274.0,71134.0,1.216123158784,32161317729.240387,1107737.2667150493,0.4396491129417719,23.0,23075664958.746574
2021-06-22,ada,1.14211998524516,36737393552.92282,37464.0,93039.0,1.186642574753,32165966822.686337,1075129.153295413,0.4026698481282043,10.0,23075664958.746574
2021-06-23,ada,1.24360972633966,40003582546.57627,25493.0,61653.0,1.302002144337,32167312380.48417,1205752.1188163755,0.4134916386874929,14.0,23075664958.746574
2021-06-24,ada,1.35463436957085,43592699700.204796,27449.0,67036.0,1.439551588919,32180417594.169724,1330497.332243731,0.40946655528372816,22.0,23094302016.77595
2021-06-25,ada,1.26499998717437,40710120257.48153,30084.0,61121.0,1.348069323134,32181913573.308174,1254194.4081516485,0.4922039888090836,27.0,23094302016.77595
2021-06-26,ada,1.24023948694051,39913796756.16072,24250.0,51329.0,1.323051793835,32182330248.67015,1245683.7012200628,0.4724424789105574,20.0,23094302016.77595
2021-06-27,ada,1.3383624515935901,43074550396.98263,23920.0,56148.0,1.428361405253,32184517987.405952,1368452.9899160648,0.4260169551898554,22.0,23094302016.77595
2021-06-28,ada,1.32235687952279,42560336654.29353,24725.0,57622.0,1.4078697941540002,32185212111.311913,1379779.6018671466,0.42908958383950574,25.0,23094302016.77595
2021-06-29,ada,1.37368239754021,44214091480.699615,29601.0,68156.0,1.464194539467,32186545856.503483,1448653.3917239043,0.434312459651388,25.0,23006172979.54028
2021-06-30,ada,1.38105127746453,44453697884.45922,32291.0,64029.0,1.471878180579,32188303656.669212,1465270.7461886331,0.504318355745053,28.0,23006172979.54028
2021-07-01,ada,1.33485251313543,42968564696.91382,25663.0,53063.0,1.426135528133,32189747012.563297,1436837.1848362335,0.48363266306088987,28.0,23006172979.54028
2021-07-02,ada,1.38619336081712,44632398215.32486,26123.0,54943.0,1.465979096979,32197815598.406403,1519934.8464434263,0.47545638206868934,21.0,23006172979.54028
2021-07-03,ada,1.39831408833609,45023465265.22222,26106.0,52769.0,1.477839930966,32198392078.56187,1564651.6274771253,0.4947222801265895,24.0,23006172979.54028
2021-07-04,ada,1.45971837468102,47001453414.9694,26748.0,55080.0,1.541234663198,32198987304.821884,1646337.0703601479,0.48562091503267973,27.0,23092420021.15389
2021-07-05,ada,1.4139589940089201,45531587829.52741,31864.0,63707.0,1.500325196366,32201491006.775387,1596355.2960308725,0.5001648170530711,29.0,23092420021.15389
2021-07-06,ada,1.41484385225449,45563295386.80739,30828.0,53669.0,1.491078823637,32203762495.91383,1605205.355536691,0.5744098082692057,20.0,23092420021.15389
2021-07-07,ada,1.40381168958168,45208906033.64043,27086.0,57879.0,1.478866629956,32204394912.192368,1600746.3058218355,0.4679762953748337,28.0,23092420021.15389
2021-07-08,ada,1.33726742676496,43069004474.82472,25875.0,58417.0,1.409615965313,32205743152.638504,1544443.1819050384,0.4429361316055258,20.0,23092420021.15389
2021-07-09,ada,1.35395191396565,43598990195.02116,28341.0,63660.0,1.425384845219,32207338734.750454,1567906.1462375962,0.4451932139491046,20.0,23196615273.348568
2021-07-10,ada,1.3383112858065,43105682052.63686,31369.0,61019.0,1.41066705323,32208686468.06608,1542319.5092444324,0.5140857765613989,20.0,23196615273.348568
2021-07-11,ada,1.34802281095426,43407558644.88363,23718.0,50117.0,1.419682720551,32209401209.93519,1553372.7343862124,0.473252588941876,20.0,23196615273.348568
2021-07-12,ada,1.31472565347983,42350220574.129395,26128.0,54794.0,1.39144439267,32211062773.96421,1519440.3241263046,0.47684052998503484,25.0,23196615273.348568
2021-07-13,ada,1.26491188226326,40746262875.0957,25624.0,56301.0,1.3405491787,32212225711.74995,1479568.6169143817,0.4551251309923447,20.0,23196615273.348568
2021-07-14,ada,1.26093194191775,40630837944.86626,28629.0,61604.0,1.331747976773,32222863577.45118,1471337.8811591766,0.4647263164729563,21.0,23196379717.228317
2021-07-15,ada,1.22583948812255,39503955101.29629,32304.0,64122.0,1.2976562579670001,32226042221.726,1416868.1930030833,0.5037896509778236,20.0,23196379717.228317
2021-07-16,ada,1.17491802238871,37864448745.83671,27161.0,58221.0,1.2457032573340001,32227311203.257404,1356403.8244274815,0.4665155184555401,22.0,23196379717.228317
2021-07-17,ada,1.1734721028303299,37818882390.39286,26165.0,52931.0,1.244016445057,32228190426.663273,1347097.0037871369,0.49432279760442843,15.0,23196379717.228317
2021-07-18,ada,1.18058444924061,38049190339.372665,21548.0,46483.0,1.25241799773,32229113608.812256,1369677.1271682854,0.46356732568896153,19.0,23196379717.228317
2021-07-19,ada,1.12773406586816,36349033445.43687,25942.0,55149.0,1.206141720848,32231919337.698116,1317507.1248923717,0.4703983753105224,24.0,23210733595.25732
2021-07-20,ada,1.05705486625743,34078377937.36,35284.0,60524.0,1.136609316575,32238986854.12297,1238700.5672274472,0.5829753486220343,19.0,23210733595.25732
2021-07-21,ada,1.16657489379174,37610723217.253105,27920.0,55272.0,1.25596309775,32240298859.001053,1362802.5898329942,0.5051382255029672,10.0,23210733595.25732
2021-07-22,ada,1.18466169777044,38195118014.86293,23896.0,51712.0,1.2778718835810001,32241371597.264435,1390370.5629356508,0.4620977722772277,21.0,23210733595.25732
2021-07-23,ada,1.20194766761509,38752927153.23574,21210.0,44093.0,1.296544918518,32241775742.307877,1427140.3980310906,0.4810287347197968,23.0,23210733595.25732
2021-07-24,ada,1.22817041879523,39599378918.02372,23810.0,46788.0,1.325018901379,32242576691.326447,1459156.7995755433,0.5088911686757288,22.0,23230827525.68363
2021-07-25,ada,1.22440275011695,39484164834.220055,27369.0,49137.0,1.3185512090290001,32247693686.124672,1448337.5630897353,0.556993711459796,27.0,23230827525.68363
2021-07-26,ada,1.262271363144,40706737936.45219,33651.0,63803.0,1.356655968264,32248800951.216988,1475924.5820943124,0.527420340736329,26.0,23230827525.68363
2021-07-27,ada,1.27266351179194,41043262484.23014,26104.0,111546.0,1.364086218899,32249893317.39406,1494895.460540124,0.2340200455417496,32.0,23230827525.68363
2021-07-28,ada,1.2811232861317101,41316816251.47073,25832.0,111212.0,1.369871416868,32250460747.009655,1517609.7209243374,0.23227709240010072,50.0,23230827525.68363
2021-07-29,ada,1.28736599120529,41519458529.050354,24621.0,73069.0,1.375957729902,32251480008.554497,1527140.4610451804,0.3369554804362999,50.0,23254470605.645233
2021-07-30,ada,1.30248459527999,42012169758.0197,30302.0,65242.0,1.395258457452,32255406252.224045,1536826.4493060175,0.46445541215781244,53.0,23254470605.645233
2021-07-31,ada,1.32861206435455,42856231639.36018,28081.0,58635.0,1.421105301595,32256392056.90946,1563668.0339089732,0.47891191268013983,60.0,23254470605.645233
2021-08-01,ada,1.31422719621538,42393986163.65059,28060.0,60131.0,1.406122030576,32257730083.302067,1544162.4053717945,0.4666478189286724,60.0,23254470605.645233
2021-08-02,ada,1.31423769394714,42397011148.42361,26384.0,54040.0,1.4079747231200002,32259774121.2929,1555360.307944087,0.48823094004441153,48.0,23254470605.645233
2021-08-03,ada,1.36804831564985,44135262578.39474,29226.0,64686.0,1.4578614287740002,32261479418.16632,1622534.7305748812,0.45181337538261757,48.0,23244660857.359753
2021-08-04,ada,1.38024317905995,44531891944.95362,33927.0,66187.0,1.467955706937,32263801495.677895,1622542.358833467,0.5125931074077991,42.0,23244660857.359753
2021-08-05,ada,1.39008214256062,44850934942.717415,29641.0,60771.0,1.474900711206,32264952961.771835,1626197.54870668,0.4877490908492538,50.0,23244660857.359753
2021-08-06,ada,1.40116874765004,45209577388.823586,31500.0,64842.0,1.484370780801,32265619301.49134,1632523.048425032,0.48579624317571946,52.0,23244660857.359753
2021-08-07,ada,1.46951545404711,47419146078.16456,32559.0,66604.0,1.55215201963,32268558964.500954,1709687.0060991915,0.4888445138430124,69.0,23244660857.359753
2021-08-08,ada,1.43228886821292,46222179993.30342,29713.0,62772.0,1.510070497791,32271548721.156548,1653764.2776526893,0.47334798954948065,74.0,23277148789.435535
2021-08-09,ada,1.47609182909673,47640280370.120926,37063.0,99955.0,1.5482641908030002,32274604757.668503,1681013.4140070847,0.37079685858636385,65.0,23277148789.435535
2021-08-10,ada,1.6707114891369401,53926067296.7031,41089.0,81472.0,1.7325872570410001,32277306792.545227,1866435.9483698667,0.5043327769049489,71.0,23277148789.435535
2021-08-11,ada,1.79356856219946,57895502368.18622,52852.0,109204.0,1.828942923255,32279503325.587254,1945567.4848348852,0.483974945972675,70.0,23277148789.435535
2021-08-12,ada,1.79943279548385,58089543924.43096,36575.0,83122.0,1.819958036541,32282141389.343327,1942132.969407293,0.4400158802723707,70.0,23277148789.435535
2021-08-13,ada,2.10780584852614,68053611126.21822,59178.0,119098.0,2.046373034183,32286470394.701656,2191485.5992672932,0.49688491830257436,70.0,23275724668.51121
2021-08-14,ada,2.19719577503377,70949921316.54688,62998.0,129236.0,2.095886755967,32291124042.1698,2191902.3284583655,0.4874647930917082,76.0,23275724668.51121
2021-08-15,ada,2.17220751149689,70146627226.19873,48835.0,101214.0,2.055745973474,32292783656.686638,2103748.157534382,0.48249254055763036,71.0,23275724668.51121
2021-08-16,ada,2.07664681124249,67063653043.792725,47822.0,103692.0,1.950959350966,32294202692.88233,1965231.1405169182,0.46119276318327357,72.0,23275724668.51121
2021-08-17,ada,1.93563732411271,62516782908.703674,44658.0,107224.0,1.812919559695,32297777135.16718,1814191.586736226,0.4164925762888905,72.0,23275724668.51121
2021-08-18,ada,2.1261291927584,68673353595.881454,40224.0,114070.0,1.9667748862860002,32299708705.27672,1967758.1414730966,0.3526255807837293,73.0,23159940155.010117
2021-08-19,ada,2.41960800059307,78160281496.4944,61133.0,118373.0,2.194903690316,32302869505.0341,2157384.864313042,0.516443783633092,70.0,23159940155.010117
2021-08-20,ada,2.45508946975522,79313931446.07549,72784.0,142976.0,2.187600876963,32305923031.792126,2083310.3473576356,0.5090644583706356,70.0,23159940155.010117
2021-08-21,ada,2.45127294086278,79193232189.17667,50459.0,102763.0,2.169496498192,32306982575.878654,2029406.3015237832,0.49102303358212585,78.0,23159940155.010117
2021-08-22,ada,2.673250167502,86368482422.62593,58957.0,115650.0,2.332709645906,32308417473.45044,2151091.68943802,0.5097881539126675,76.0,23159940155.010117
2021-08-23,ada,2.92741309725427,94593162864.27264,82984.0,173057.0,2.363702345546,32312885035.93671,2256898.9257479026,0.4795183089964578,79.0,23141094607.45373
2021-08-24,ada,2.7436671424671,88665805770.05113,75851.0,139623.0,2.201783510542,32316531549.20353,2029450.1152297147,0.5432557673162731,79.0,23141094607.45373
2021-08-25,ada,2.7384944568213,88507126794.06218,65524.0,124148.0,2.175308901348,32319629705.147034,1962153.2464241814,0.5277894126365306,73.0,23141094607.45373
2021-08-26,ada,2.56845086944369,83014588575.78185,66229.0,120380.0,2.038922945381,32320878535.5362,1781691.1134393562,0.5501661405549094,75.0,23141094607.45373
2021-08-27,ada,2.92443383721818,94523182515.31068,72533.0,135812.0,2.280474240683,32321874173.50646,1965082.0257125753,0.5340691544193444,71.0,23141094607.45373
2021-08-28,ada,2.84806806909752,92062983384.2879,83729.0,138728.0,2.196047059078,32324713156.68389,1837994.601561413,0.6035479499452165,78.0,23041097075.076813
2021-08-29,ada,2.86096588545296,92486066522.60684,91459.0,150072.0,2.186624509409,32326867996.877235,1766583.3923190422,0.6094341382802921,72.0,23041097075.076813
2021-08-30,ada,2.74217503587214,88668112722.92123,81280.0,136707.0,2.079647408268,32334957310.528,1632520.0825902692,0.5945562407192024,73.0,23041097075.076813
2021-08-31,ada,2.77975558463071,89889354353.57877,62348.0,120821.0,2.094699300416,32337143182.867477,1619728.0667919032,0.516036119548754,73.0,23041097075.076813
2021-09-01,ada,2.86061470424827,92510564144.89104,77996.0,126489.0,2.130888627387,32339400341.99801,1620988.4622937615,0.6166227893334598,71.0,23041097075.076813
2021-09-02,ada,2.9654794280166303,95909449269.52786,87655.0,150415.0,2.179109201831,32341970867.64954,1621670.0853006577,0.5827543795499119,74.0,23136223153.98839
2021-09-03,ada,2.9554181965915403,95592282095.27779,88089.0,141105.0,2.154440425835,32344756557.81087,1562899.3391637965,0.6242797916445201,74.0,23136223153.98839
2021-09-04,ada,2.83744136777392,91779871132.47743,83670.0,138802.0,2.070323247621,32345997409.801003,1457081.8924839657,0.6028011123759024,72.0,23136223153.98839
2021-09-05,ada,2.91577900370904,94318689454.84818,76351.0,136930.0,2.10651159942,32347681129.08054,1458811.7076965456,0.5575914700942087,73.0,23136223153.98839
2021-09-06,ada,2.83001264512705,91548222960.49086,115454.0,188723.0,2.039751509456,32349050848.9869,1357191.998634916,0.6117643318514436,79.0,23136223153.98839
2021-09-07,ada,2.5042606029170003,81016552257.17589,113905.0,214909.0,1.826055465152,32351486168.335114,1156475.3790409358,0.5300150296171868,79.0,23311196777.534714
2021-09-08,ada,2.49619458639121,80760433802.57271,118959.0,179407.0,1.8297000815970001,32353420780.120117,1115234.0956511667,0.6630677732752902,47.0,23311196777.534714
2021-09-09,ada,2.52069854533576,81557562392.36467,114256.0,174129.0,1.843441749585,32355143197.61751,1084686.2932885312,0.6561572167760683,45.0,23311196777.534714
2021-09-10,ada,2.3734198538730302,76794330724.265,88065.0,147388.0,1.740335313318,32355982275.512405,1007512.9827047798,0.5975045458246262,46.0,23311196777.534714
2021-09-11,ada,2.6049758476669798,84290047610.96666,90566.0,167372.0,1.897548355204,32357324036.78788,1091751.6083343856,0.5411060392419281,31.0,23311196777.534714
2021-09-12,ada,2.59862595863301,84089782626.3231,89661.0,157676.0,1.885058238907,32359325260.70739,1068969.7832412892,0.5686407569953575,32.0,23253494675.75528
2021-09-13,ada,2.40719011695648,77911098710.52444,77212.0,132467.0,1.752709474141,32365993097.807743,977383.3155665433,0.5828772448987295,44.0,23253494675.75528
2021-09-14,ada,2.3952074443907803,77525733257.18405,77862.0,137096.0,1.745393881229,32367022505.185425,958293.0084170031,0.5679377954134329,30.0,23253494675.75528
2021-09-15,ada,2.48985612286202,80595557317.03923,81083.0,140285.0,1.8077059957769999,32369564079.227554,978587.4939949794,0.5779876679616495,49.0,23253494675.75528
2021-09-16,ada,2.4216593668501503,78389633610.03719,80888.0,140222.0,1.771021593473,32370214689.60703,943718.8269032587,0.5768566986635478,53.0,23253494675.75528
2021-09-17,ada,2.34823734949732,76016089802.81924,111995.0,172740.0,1.724361256968,32371552994.45849,899971.4651372669,0.6483443325228667,48.0,23219858534.473045
2021-09-18,ada,2.3662637598477403,76601962957.85997,104682.0,157904.0,1.7389571927710001,32372537777.778843,886581.0349849433,0.6629471071030499,50.0,23219858534.473045
2021-09-19,ada,2.28350604059853,73924350594.95956,90125.0,145763.0,1.680215460362,32373179348.184795,844708.0170056648,0.6182981963872862,53.0,23219858534.473045
2021-09-20,ada,2.07455660968989,67162580859.78957,80126.0,154852.0,1.53969484761,32374426682.83186,768339.7516107345,0.5174360034097073,50.0,23219858534.473045
2021-09-21,ada,1.9796233123082803,64091582393.22803,70686.0,136345.0,1.474476157587,32375645404.223885,734758.0757072115,0.518434852763211,27.0,23219858534.473045
2021-09-22,ada,2.24171397018164,72595066639.2352,62598.0,120786.0,1.654787962326,32383732985.05742,833241.8647630443,0.5182554269534548,21.0,23325839206.372437
2021-09-23,ada,2.31219920860211,74880826873.45728,67265.0,121245.0,1.7086535227569999,32385110502.10423,859112.8337154153,0.5547857643614169,27.0,23325839206.372437
2021-09-24,ada,2.27790484912694,73773694170.31175,86957.0,153647.0,1.687833746434,32386644331.780247,841437.5026044531,0.5659531263220239,33.0,23325839206.372437
2021-09-25,ada,2.30417477204293,74626635130.56078,137885.0,204241.0,1.7036902697660001,32387575819.344303,832794.2709057677,0.6751093071420528,28.0,23325839206.372437
2021-09-26,ada,2.20393024771511,71383115430.80812,81408.0,135672.0,1.634962019301,32389008456.51238,799802.1758318847,0.6000353794445428,27.0,23325839206.372437
2021-09-27,ada,2.15111779881633,69677167860.24036,76765.0,136314.0,1.587428514525,32391144686.99984,782101.1484758261,0.5631483193215664,26.0,23395112387.18588
2021-09-28,ada,2.04530573784954,66256728666.86958,72211.0,131507.0,1.5191182131560002,32394535174.253574,740778.9978227494,0.5491038499851719,25.0,23395112387.18588
2021-09-29,ada,2.05231740802595,66487175115.162766,120325.0,183678.0,1.529252114887,32396146353.947453,731000.1096415435,0.6550866189745097,24.0,23395112387.18588
2021-09-30,ada,2.11103371657402,68391401914.56504,89419.0,151376.0,1.57269302313,32397114919.394516,751415.8520365258,0.5907079061409999,20.0,23395112387.18588
2021-10-01,ada,2.2432389342243,72678099696.69482,92880.0,152946.0,1.6662189900420001,32398733183.465595,797015.4189243844,0.6072731552312581,27.0,23395112387.18588
2021-10-02,ada,2.2601578161022102,73229909977.14514,73719.0,128230.0,1.672046119155,32400352513.18641,806208.8741749187,0.5748966700460111,54.0,23382668673.54658
2021-10-03,ada,2.25530228614259,73076771588.92491,84673.0,165863.0,1.6616218747390001,32402207029.157726,801899.0231694633,0.5104996292120606,49.0,23382668673.54658
2021-10-04,ada,2.19675322488767,71190299381.70834,96115.0,158714.0,1.6183318925460002,32407053543.917583,787164.0276286704,0.6055861486699347,54.0,23382668673.54658
2021-10-05,ada,2.23545041115035,72447962596.49193,73885.0,132143.0,1.646332333688,32408664596.23706,813933.5380068115,0.5591291252658105,59.0,23382668673.54658
2021-10-06,ada,2.2116669994066,71679123678.4082,92566.0,165096.0,1.628394270435,32409546146.70293,813915.1503016084,0.5606798468769686,68.0,23382668673.54658
2021-10-07,ada,2.27365655288609,73692622305.53098,65432.0,131564.0,1.669696166082,32411501293.802914,853681.1442999897,0.4973396977896689,76.0,23411124422.1643
2021-10-08,ada,2.23323235069797,72384971540.79951,85530.0,153538.0,1.641660280902,32412646860.58146,839413.2343304759,0.5570607927679141,74.0,23411124422.1643
2021-10-09,ada,2.2667079041648,73472279411.35333,76333.0,130258.0,1.664311955919,32413651214.767002,857074.4584261598,0.5860139108538439,72.0,23411124422.1643
2021-10-10,ada,2.19664951193932,71204930846.39012,68625.0,121916.0,1.613524919644,32415244425.373344,837969.1346848474,0.5628875619278848,71.0,23411124422.1643
2021-10-11,ada,2.16308094110919,70118717932.99966,66401.0,113000.0,1.5891621228350001,32416132286.313805,828952.7837212571,0.5876194690265487,71.0,23411124422.1643
2021-10-12,ada,2.11615701820838,68602769959.0165,67565.0,114149.0,1.55550213645,32418563163.66271,814572.4722482624,0.5919018125432549,78.0,23445774697.79528
2021-10-13,ada,2.1841529356303,70811204214.60031,74573.0,139765.0,1.5874511148,32420442295.706596,843122.4434812967,0.5335599041247809,70.0,23445774697.79528
2021-10-14,ada,2.1722977461811,70433938850.36005,71184.0,128621.0,1.572194848323,32423703874.932854,842105.4309996214,0.5534399514853717,70.0,23445774697.79528
2021-10-15,ada,2.21682961528301,71883299256.86569,76248.0,136487.0,1.6045508239780002,32426172386.59037,872755.5986248432,0.5586466110325525,71.0,23445774697.79528
2021-10-16,ada,2.18230915806932,70765529749.32501,74710.0,124677.0,1.578657324065,32426904083.530945,870497.7587651663,0.599228406201625,78.0,23445774697.79528
2021-10-17,ada,2.1528424475237,69813740350.41899,59723.0,96733.0,1.555644938658,32428634260.125267,870415.2804812399,0.6174004734682063,79.0,23478023193.51302
2021-10-18,ada,2.12882428121562,69038081885.2365,66432.0,111769.0,1.539118708532,32430145829.515697,866025.2831225935,0.5943687426746236,78.0,23478023193.51302
2021-10-19,ada,2.11089128104209,68458542977.22941,64047.0,121300.0,1.527278275998,32431107936.280487,861317.2759432028,0.52800494641385,75.0,23478023193.51302
2021-10-20,ada,2.18772800551346,70955912806.51361,64886.0,118918.0,1.580484603156,32433608121.16141,891821.2800929279,0.5456364890092332,82.0,23478023193.51302
2021-10-21,ada,2.14107539439756,69444352939.4087,81565.0,135091.0,1.54737843287,32434333289.299442,867256.0715553111,0.6037781939581467,84.0,23478023193.51302
2021-10-22,ada,2.15825407871141,70005304888.57416,78315.0,128598.0,1.558378942095,32436081358.118393,877644.3915072294,0.6089908085662297,75.0,23511990337.86572
2021-10-23,ada,2.1629520810968,70160045055.89519,69450.0,98791.0,1.562449814031,32437170323.402683,907387.9318171097,0.7029992610662915,74.0,23511990337.86572
2021-10-24,ada,2.11861327461113,68724836707.52109,114617.0,141688.0,1.5311602376489999,32438594400.92269,875398.3623877559,0.808939359719948,73.0,23511990337.86572
2021-10-25,ada,2.14555204217334,69602380167.91843,84537.0,137039.0,1.550364192201,32440313168.7333,883452.7117379488,0.6168827851925365,72.0,23511990337.86572
2021-10-26,ada,2.13878186455309,69384216214.556,95200.0,161650.0,1.544363343836,32440997076.18112,871600.3930126755,0.588926693473554,76.0,23511990337.86572
2021-10-27,ada,1.92589243602704,63095619002.13209,109109.0,192868.0,1.398232526772,32761756483.292095,796611.9241532473,0.5657185225128066,73.0,23564534162.88316
2021-10-28,ada,1.9933614985910901,65313420145.335075,110666.0,186534.0,1.446984996534,32765466871.663105,816787.4940126388,0.5932752206032145,66.0,23564534162.88316
2021-10-29,ada,2.01141474769514,65908877311.0375,171204.0,256976.0,1.465559926636,32767422724.011456,796375.3510359209,0.666225639748459,70.0,23564534162.88316
2021-10-30,ada,1.94764770185527,63822372620.5489,109973.0,185512.0,1.420143921981,32768951263.492695,759285.251378492,0.5928080124196817,73.0,23564534162.88316
2021-10-31,ada,1.9678002059842803,64485696380.33965,107378.0,175696.0,1.4350939493350001,32770449044.690674,759846.4225428646,0.6111579091157454,74.0,23564534162.88316
2021-11-01,ada,1.94979325539621,63899951882.199615,88847.0,161330.0,1.423476567482,32772680747.228634,755254.4944901202,0.5507159238827248,74.0,23882888816.746304
2021-11-02,ada,1.96640084256035,64446705907.23078,75611.0,154298.0,1.436490345097,32773941361.476444,761162.1942983995,0.4900322752077149,73.0,23882888816.746304
2021-11-03,ada,2.06286046409318,67610789967.62481,76896.0,196776.0,1.504431807049,32775260927.474354,803845.5625887165,0.3907793633369923,76.0,23882888816.746304
2021-11-04,ada,1.98467535132959,65049910050.04727,67955.0,141077.0,1.447383319881,32776096103.812897,772570.8062510387,0.48168730551401007,73.0,23882888816.746304
2021-11-05,ada,1.9776317154501302,64820422051.69758,87240.0,149560.0,1.4424955308060001,32776791323.324707,769287.2929769262,0.5833110457341535,73.0,23882888816.746304
2021-11-06,ada,2.00350161591191,65671120849.18227,79818.0,143423.0,1.458511599328,32778172140.026714,778233.8071873552,0.5565216178716106,71.0,23857504839.45498
2021-11-07,ada,2.01958879122206,66201376728.04323,97955.0,152187.0,1.469982008694,32779631683.331215,774898.4883126828,0.6436489319061418,73.0,23857504839.45498
2021-11-08,ada,2.12804152055883,69760532456.84415,82319.0,149311.0,1.546229652923,32781565483.04792,811161.2342538406,0.5513257563073048,75.0,23857504839.45498
2021-11-09,ada,2.27976604513807,74738528884.49698,94144.0,166874.0,1.642941960339,32783420493.47023,859556.842870381,0.5641621822452869,84.0,23857504839.45498
2021-11-10,ada,2.08960296823257,68516554887.39149,84856.0,146793.0,1.515124293001,32789269506.706448,784684.5707863403,0.5780657115802524,75.0,23857504839.45498
2021-11-11,ada,2.08681684112859,68429518054.71258,101340.0,161587.0,1.508494244727,32791338801.782238,774139.2993214868,0.6271544121742467,77.0,23848572589.18931
2021-11-12,ada,2.04884238120105,67195867786.19514,140319.0,204171.0,1.484579891497,32796992293.181828,741000.9081968277,0.6872621479054322,74.0,23848572589.18931
2021-11-13,ada,2.05203124322127,67303961418.634735,209065.0,229455.0,1.4865528171340001,32798702086.514656,704894.027015023,0.9111372600291996,72.0,23848572589.18931
2021-11-14,ada,2.0339315173093,66715125490.92476,231392.0,220100.0,1.474315018973,32801067746.461098,656567.3886049361,1.0513039527487507,74.0,23848572589.18931
2021-11-15,ada,2.0206740022727,66284912596.22003,246638.0,253020.0,1.4635120824780001,32803367847.395382,613476.9400266684,0.9747766974942692,72.0,23848572589.18931
2021-11-16,ada,1.88490845947367,61838885920.171684,209396.0,283486.0,1.380294563947,32807368235.505287,546091.9420292949,0.7386467056574222,71.0,23849267970.809685
2021-11-17,ada,1.8684298710895502,61301637752.97803,122253.0,233552.0,1.371312685319,32809172397.37277,531727.080827973,0.5234508803178736,52.0,23849267970.809685
2021-11-18,ada,1.7818006863832099,58463839726.9692,109418.0,196078.0,1.32095562406,32811660795.59779,502774.03539443726,0.5580330276726608,54.0,23849267970.809685
2021-11-19,ada,1.86095918901427,61063047853.51656,74025.0,132481.0,1.378494802359,32812674353.09046,525819.3805177368,0.558759369268046,34.0,23849267970.809685
2021-11-20,ada,1.9193785092573,62981324380.7397,71964.0,131493.0,1.41843152819,32813394584.224144,541918.845610496,0.5472838858342269,43.0,23849267970.809685
2021-11-21,ada,1.8517933840927001,60767401644.32492,151171.0,228239.0,1.368160201974,32815432956.143948,517061.09147388214,0.6623364105170457,49.0,23856125875.17071
2021-11-22,ada,1.77847447986538,58372678510.8703,495825.0,485693.0,1.321176117268,32821768977.69642,441503.2827876479,1.020860914198887,50.0,23856125875.17071
2021-11-23,ada,1.7505888501973899,57460137305.814804,271369.0,383721.0,1.302880118886,32823319592.910583,414859.0188618001,0.7072039320235275,33.0,23856125875.17071
2021-11-24,ada,1.6658572600815,54681682620.33378,225148.0,449343.0,1.246939548969,32824950811.006786,383329.04293850827,0.5010604371270945,42.0,23856125875.17071
2021-11-25,ada,1.68535839847034,55325094434.6997,266051.0,383944.0,1.262128165593,32826901675.580517,373316.42656265385,0.6929421999041527,32.0,23856125875.17071
2021-11-26,ada,1.54163860274075,50609648541.99435,272404.0,292071.0,1.168462792325,32828477732.731716,333367.8743323778,0.9326636331576911,47.0,23854747611.964256
2021-11-27,ada,1.54220025832051,50629651136.251434,185627.0,233603.0,1.170875964837,32829492060.511154,327667.89196228574,0.7946259251807554,21.0,23854747611.964256
2021-11-28,ada,1.5890596285532999,52170426250.04758,137995.0,191590.0,1.207841756072,32831006031.878235,335266.9701757069,0.7202620178506185,27.0,23854747611.964256
2021-11-29,ada,1.6079604048065002,52795810536.924,137228.0,194451.0,1.225620150613,32834024008.991306,335559.8385430209,0.7057202071473019,33.0,23854747611.964256
2021-11-30,ada,1.55695491407844,51124349143.28194,164665.0,210327.0,1.191565620732,32836114058.92404,318498.0353687269,0.782899960537639,40.0,23854747611.964256
2021-12-01,ada,1.54728801982891,50812563367.76075,142487.0,216401.0,1.185735674024,32839757508.999073,312002.38380210224,0.6584396560089834,34.0,23836977371.26127
2021-12-02,ada,1.71689823224024,56386406753.225525,107437.0,178318.0,1.310249099534,32842020391.419193,343255.2602636291,0.6025022712233201,32.0,23836977371.26127
2021-12-03,ada,1.56605415963406,51435138792.14027,88962.0,155957.0,1.208551304332,32843780322.48841,312996.971093406,0.5704264637047392,31.0,23836977371.26127
2021-12-04,ada,1.4209243383207801,46670309344.248405,115521.0,165246.0,1.101388333598,32845034802.769615,281814.96416390414,0.6990850005446425,25.0,23836977371.26127
2021-12-05,ada,1.37533433181378,45174332252.58908,101636.0,150476.0,1.069490101627,32846073283.878204,272565.2527655028,0.6754299688986948,18.0,23836977371.26127
2021-12-06,ada,1.4215061811266,46692716320.44846,109516.0,157037.0,1.109927495608,32847353701.580555,280085.15629299235,0.6973897871202328,16.0,23854464200.39632
2021-12-07,ada,1.38105327768609,45368185872.544136,131115.0,178497.0,1.088224773276,32850424097.003017,270001.4866513014,0.7345501605068993,25.0,23854464200.39632
2021-12-08,ada,1.3929993459130001,45764138781.688385,131383.0,158156.0,1.10173653344,32852950660.715237,269690.90592932,0.8307177723260578,28.0,23854464200.39632
2021-12-09,ada,1.30151928305043,42761180523.78266,105081.0,154715.0,1.033273251751,32854819041.606003,251796.03390679893,0.679190770125715,29.0,23854464200.39632
2021-12-10,ada,1.22485778880903,40244291840.43842,138165.0,164983.0,0.978363993009,32856297447.860695,237082.91768484956,0.8374499190825722,24.0,23854464200.39632
2021-12-11,ada,1.34718769951175,44265948926.22011,93555.0,127693.0,1.077512444374,32858041193.712685,267270.3138904748,0.7326556663247007,16.0,23828103259.41232
2021-12-12,ada,1.35021639204065,44367256888.24561,87857.0,118582.0,1.081200821944,32859367690.827057,276438.1504653154,0.7408965947614309,27.0,23828103259.41232
2021-12-13,ada,1.22938065416756,40402561390.6696,76569.0,119495.0,0.991179348593,32864159081.81591,261636.91689940795,0.6407715804008536,28.0,23828103259.41232
2021-12-14,ada,1.2646190320869701,41561812168.02163,89241.0,126746.0,1.020302942238,32865085146.973618,276836.9768270486,0.7040932258217222,21.0,23828103259.41232
2021-12-15,ada,1.30786361165856,42985438660.20362,93557.0,127823.0,1.055613713296,32866912327.11328,288287.51006849896,0.731926179169633,28.0,23828103259.41232
2021-12-16,ada,1.24352942253684,40873911989.45559,82763.0,118920.0,1.009773392261,32869276149.551407,275887.67582244956,0.6959552640430542,29.0,23765024934.94816
2021-12-17,ada,1.2213968398002,40151866818.50026,93981.0,150523.0,1.001434623354,32873727448.867832,269716.5638906106,0.6243630541511929,23.0,23765024934.94816
2021-12-18,ada,1.24369748513248,40886461434.7295,119199.0,160295.0,1.021871218925,32874924910.19569,271573.65616965404,0.7436226956548863,24.0,23765024934.94816
2021-12-19,ada,1.24921080489763,41070430870.774704,101907.0,129495.0,1.031518262099,32877101854.83092,276021.29505177605,0.7869570253677748,29.0,23765024934.94816
2021-12-20,ada,1.24014818036069,40773432747.56751,117790.0,144083.0,1.025146139728,32877871687.64687,301370.9425567307,0.8175149046035965,25.0,23765024934.94816
2021-12-21,ada,1.28176984165194,42145452342.834015,119620.0,154136.0,1.058449882346,32880670907.74824,324511.38348815945,0.7760678880988218,27.0,23777625558.169827
2021-12-22,ada,1.33220130182331,43806800289.62179,116914.0,158440.0,1.101297004663,32883018677.181786,347650.74802731175,0.7379070941681394,45.0,23777625558.169827
2021-12-23,ada,1.47308098412769,48442093756.41729,114123.0,160046.0,1.215708166654,32884881604.186275,401735.45853466843,0.7130637441735501,34.0,23777625558.169827
2021-12-24,ada,1.39440918643904,45858034240.863,84328.0,127813.0,1.1567268750270001,32887071231.919052,402740.13501699816,0.6597763920727938,41.0,23777625558.169827
2021-12-25,ada,1.45451601075398,47836346924.365906,70212.0,106575.0,1.205244089958,32888154252.47117,435893.86312978505,0.6588036593947924,39.0,23777625558.169827
2021-12-26,ada,1.4547748303663601,47847339552.8572,87527.0,119897.0,1.199943690818,32889859347.37933,443274.4002178451,0.7300182656780403,37.0,23732237106.487225
2021-12-27,ada,1.52363883929046,50119031121.80709,96763.0,150978.0,1.252203454239,32894298720.52022,470621.11658996943,0.6409079468531839,40.0,23732237106.487225
2021-12-28,ada,1.41252542988377,46469633992.93036,95267.0,140973.0,1.161030648635,32898263641.705994,446750.37727419904,0.6757818873117547,41.0,23732237106.487225
2021-12-29,ada,1.3362921493955,43967265700.476616,84010.0,116277.0,1.099557255855,32902435085.296383,431353.84406698996,0.7224988604797166,27.0,23732237106.487225
2021-12-30,ada,1.35314503975713,44524649682.06973,91074.0,125390.0,1.114053804015,32904565566.79339,439341.12447754137,0.7263258633064837,22.0,23732237106.487225
2021-12-31,ada,1.31172975353777,43169129225.926125,84743.0,124378.0,1.087255662036,32910078550.477215,426599.9739275692,0.6813343195742012,28.0,23741900713.307323
2022-01-01,ada,1.37117654810974,45129088988.94194,93102.0,158030.0,1.138334066196,32912675651.545715,449525.21904689167,0.5891413022843763,21.0,23741900713.307323
2022-01-02,ada,1.3776445528896,45345872744.50135,90530.0,131365.0,1.144508544347,32915509773.104168,453476.2186705908,0.6891485555513265,29.0,23741900713.307323
2022-01-03,ada,1.32194794424647,43514501141.61198,93051.0,128794.0,1.100561703972,32916955112.34059,437735.93917323335,0.7224793080423001,29.0,23741900713.307323
2022-01-04,ada,1.31290791968294,43219066835.13748,104249.0,138369.0,1.094045794592,32918581864.884056,439001.3032121725,0.7534129754497033,23.0,23741900713.307323
2022-01-05,ada,1.2368126382181501,40716859504.65574,130184.0,167116.0,1.040280978434,32920798386.500694,413764.8940975308,0.7790038057397257,24.0,23726880119.03385
2022-01-06,ada,1.27910757265815,42122182507.60031,148357.0,195120.0,1.078947889172,32930914809.662964,421426.8191215901,0.7603372283722837,15.0,23726880119.03385
2022-01-07,ada,1.2087160196397901,39805916090.05605,135664.0,164167.0,1.023145230514,32932397224.220318,398609.09909692174,0.8263780175065635,18.0,23726880119.03385
2022-01-08,ada,1.19139497560706,39236237790.30262,114681.0,139959.0,1.009686775625,32933022711.72522,389958.1466581123,0.8193899642038025,10.0,23726880119.03385
2022-01-09,ada,1.17194112896298,38596365673.10361,131336.0,151067.0,0.996470303949,32933706923.70573,377768.5086061242,0.8693890790179192,23.0,23726880119.03385
2022-01-10,ada,1.12960042626449,37204518673.22334,110863.0,139871.0,0.9661453950380001,32935999144.632137,359831.97544011666,0.7926089039186107,23.0,23604987896.1325
2022-01-11,ada,1.18515550289205,39037416916.363686,123472.0,156911.0,1.014598624989,32938645452.941387,373147.16400320735,0.7868919323693049,21.0,23604987896.1325
2022-01-12,ada,1.30449670291186,42993647149.8449,117866.0,140156.0,1.126448223604,32958034354.456947,407581.2236406503,0.8409629270241731,22.0,23604987896.1325
2022-01-13,ada,1.23687787021907,40766522920.122955,105047.0,124639.0,1.069463318067,32959214407.241825,383574.0396938844,0.8428100353821838,21.0,23604987896.1325
2022-01-14,ada,1.28652783116932,42403831607.13528,132802.0,149270.0,1.112245452605,32959902288.778786,393841.76468415326,0.8896764252696456,21.0,23604987896.1325
2022-01-15,ada,1.29735268856637,42762498183.9381,171877.0,204993.0,1.116953508211,32961351651.56399,390352.0745860745,0.8384530203470363,23.0,23537012833.08386
2022-01-16,ada,1.41318208355868,46583066324.297455,179148.0,221675.0,1.213317137113,32963244344.983356,414782.7568149618,0.8081560843577309,21.0,23537012833.08386
2022-01-17,ada,1.5717853775252002,51814569760.513176,167996.0,218276.0,1.33873163773,32965422952.39825,454114.57011611,0.7696494346607048,22.0,23537012833.08386
2022-01-18,ada,1.47121671995766,48506513467.43771,170104.0,223251.0,1.247500168861,32970338638.371155,418508.7856827143,0.7619405960107681,24.0,23537012833.08386
2022-01-19,ada,1.34260436368233,44270841785.10304,197218.0,233319.0,1.140310643225,32973855130.10134,372740.4998875043,0.8452719238467505,24.0,23537012833.08386
2022-01-20,ada,1.2612298619891,41591609679.943405,194563.0,286390.0,1.075377902066,32977025785.251232,341912.34469133755,0.679363804602116,24.0,23549369658.121788
2022-01-21,ada,1.12724349578781,37175876656.919075,195885.0,251847.0,0.9733319789360001,32979455455.573536,295919.7207389188,0.7777936604366937,19.0,23549369658.121788
2022-01-22,ada,1.0652732695601,35134116530.680214,174946.0,216176.0,0.9249042100100001,32981318066.10401,271581.1703419892,0.8092757752942047,13.0,23549369658.121788
2022-01-23,ada,1.12117032949718,36981147739.35025,160186.0,190135.0,0.973952554678,32984415272.508568,280237.2450602782,0.8424856023351829,11.0,23549369658.121788
2022-01-24,ada,1.06726786050488,35207569995.35252,149622.0,183651.0,0.9330417764160001,32988503915.687378,263034.4867354024,0.8147083326526945,13.0,23549369658.121788
2022-01-25,ada,1.04373198829188,34434519342.49436,155444.0,203773.0,0.9204644404260001,32991725585.46202,253193.66536673708,0.7628292266394469,12.0,23582836244.979862
2022-01-26,ada,1.0783474358576,35578592934.93864,169399.0,235189.0,0.953546011758,32993626870.029423,255868.4695541316,0.7202675295188126,23.0,23582836244.979862
2022-01-27,ada,1.04034015810999,34326760001.108414,143337.0,195582.0,0.927852161593,32995707926.40614,243595.8386888306,0.732874190876461,20.0,23582836244.979862
2022-01-28,ada,1.0493984895894,34626442202.93136,143426.0,160175.0,0.941506701044,32996466591.52302,242121.48565301477,0.8954331200249727,24.0,23582836244.979862
2022-01-29,ada,1.05853350550911,34928780898.091965,143709.0,151867.0,0.951128366408,32997331417.76433,241187.43039924296,0.9462819440694819,24.0,23582836244.979862
2022-01-30,ada,1.03943403502618,34302056990.87252,155268.0,216281.0,0.937685027993,33000705994.78548,233137.75171600614,0.7178993993924571,29.0,23583277486.361153
2022-01-31,ada,1.05137552031217,34698207372.746826,148153.0,207420.0,0.9549643883010001,33002677637.429085,232717.57712986416,0.7142657410085816,20.0,23583277486.361153
2022-02-01,ada,1.08566209519727,35830992887.08754,121127.0,170955.0,0.9861591667510001,33003816791.242836,239347.4217589251,0.7085314848936854,26.0,23583277486.361153
2022-02-02,ada,1.02931368792934,33972733331.997158,126328.0,154921.0,0.937094450532,33005228367.592937,227143.38837924428,0.8154349636266226,28.0,23583277486.361153
2022-02-03,ada,1.05369790785921,34778696226.062355,125721.0,139590.0,0.9595643388110001,33006325595.465942,233795.80809551597,0.9006447453255964,20.0,23583277486.361153
2022-02-04,ada,1.12747262522589,37216762018.04842,131881.0,158148.0,1.021933542102,33009016081.95766,250412.8621235751,0.833908743708425,20.0,23565309681.268635
2022-02-05,ada,1.12964522323583,37290018342.71961,136933.0,187075.0,1.024081169731,33010380228.850643,249571.25156200645,0.7319684618468528,33.0,23565309681.268635
2022-02-06,ada,1.14258716248043,37718792290.398254,126354.0,148365.0,1.036998142947,33011741711.253735,252741.88208730065,0.8516429076938631,37.0,23565309681.268635
2022-02-07,ada,1.19776587597344,39541315842.2443,123937.0,148466.0,1.085670476467,33012558326.65007,264127.6573532529,0.8347837215254671,45.0,23565309681.268635
2022-02-08,ada,1.17796387435854,38888982989.35651,133770.0,162299.0,1.068095402125,33013731435.977604,259133.58981990974,0.8242194961151948,48.0,23565309681.268635
2022-02-09,ada,1.19595347774336,39485552967.37016,129525.0,162280.0,1.081278104099,33015960655.823586,262380.78382458683,0.79815750554597,54.0,23561047526.5826
2022-02-10,ada,1.15510904699617,38141897491.08568,123632.0,179182.0,1.044805046729,33020170338.266033,252339.2483528186,0.6899800203145405,50.0,23561047526.5826
2022-02-11,ada,1.08086214167196,35691930182.28809,127233.0,169064.0,0.9802576485060001,33021722943.387665,236441.86797808483,0.7525729901102541,50.0,23561047526.5826
2022-02-12,ada,1.05711430848652,34908105407.70716,113248.0,133793.0,0.960068222664,33022072568.18367,234502.19354889647,0.8464418915787821,44.0,23561047526.5826
2022-02-13,ada,1.04406962046575,34477777853.70315,111174.0,130461.0,0.949347863917,33022489284.117783,235451.1612720724,0.8521627152942258,44.0,23561047526.5826
2022-02-14,ada,1.05048951979329,34691356062.47933,126442.0,154978.0,0.960592127193,33023990633.72448,239335.32412303888,0.8158706397036999,46.0,23537719498.08336
2022-02-15,ada,1.10760910776672,36580013230.63801,161389.0,219514.0,1.013133795772,33026103680.561584,252908.22387443096,0.7352105104913582,46.0,23537719498.08336
2022-02-16,ada,1.0872642608373,35912345432.32295,128751.0,155211.0,0.994669855864,33030006343.32166,252561.9042692056,0.8295223920984982,51.0,23537719498.08336
2022-02-17,ada,1.02286009092109,33788185053.629402,117700.0,142103.0,0.944077500229,33033046604.842106,242301.02074048106,0.8282724502649487,52.0,23537719498.08336
2022-02-18,ada,0.996556292278728,32920203588.878456,108082.0,131763.0,0.921326195389,33033962901.988243,241507.47893768304,0.820275798213459,30.0,23537719498.08336
2022-02-19,ada,0.9972281418178931,32943752279.48292,130138.0,177722.0,0.925928994964,33035321505.69702,244551.250792509,0.7322559953185311,25.0,23504746248.174263
2022-02-20,ada,0.9378055815848761,30982342265.53988,162351.0,230015.0,0.8749660427600001,33037063197.235645,229859.18756100614,0.7058278807903833,27.0,23504746248.174263
2022-02-21,ada,0.863141460456745,28516857137.0625,117361.0,142340.0,0.808684177325,33038451335.62736,213391.74347776064,0.824511732471547,25.0,23504746248.174263
2022-02-22,ada,0.8879211781255651,29337246878.878975,127928.0,140949.0,0.837168651422,33040372953.83697,221157.03526363435,0.9076190678898041,20.0,23504746248.174263
2022-02-23,ada,0.8704865944841721,28762078503.974476,103655.0,124023.0,0.8225759261270001,33041380173.141144,220728.10731029132,0.8357723970553849,25.0,23504746248.174263
2022-02-24,ada,0.8505590532328071,28105145326.08555,110237.0,143091.0,0.808282544905,33043144058.32663,217661.2637836518,0.7703978587052994,23.0,23487356050.894398
2022-02-25,ada,0.8995885884354521,29726954858.145306,126433.0,176702.0,0.8629108819510001,33045055529.04565,231308.59757453704,0.71551538748854,27.0,23487356050.894398
2022-02-26,ada,0.886893156845967,29307992686.431274,105581.0,125033.0,0.8523456989820001,33045685898.241066,230490.8068180371,0.8444250717810498,26.0,23487356050.894398
2022-02-27,ada,0.854131862840737,28225881489.4981,123302.0,140310.0,0.8222021851660001,33046280928.59375,223991.69522264606,0.8787826954600527,26.0,23487356050.894398
2022-02-28,ada,0.9569316388842531,31625286807.61078,98483.0,124513.0,0.921230638648,33048637460.12693,254551.71438179762,0.7909455237605711,20.0,23487356050.894398
2022-03-01,ada,0.962436043075203,31809397359.743324,111181.0,143208.0,0.927486294608,33050920722.07212,256767.7480570272,0.7763602592033965,51.0,23354498909.62827
2022-03-02,ada,0.9399915785796761,31085348426.07834,128476.0,210059.0,0.9185647116040001,33069815873.295578,250767.88656140096,0.6116186404771993,52.0,23354498909.62827
2022-03-03,ada,0.9043586552438381,29909392272.991863,106356.0,143663.0,0.887568107224,33072489658.350792,242635.07943970757,0.7403158781314604,39.0,23354498909.62827
2022-03-04,ada,0.84247221494489,27864955060.34366,111173.0,142676.0,0.8334422231580001,33075221432.871155,227414.32212066263,0.7791990243628921,33.0,23354498909.62827
2022-03-05,ada,0.8648229684702501,28605497688.80566,100285.0,124145.0,0.8568215268670001,33076709027.981476,235978.8353072213,0.807805388859801,22.0,23354498909.62827
2022-03-06,ada,0.8243068318310901,27266745277.03512,105080.0,123158.0,0.8200585953750001,33078392928.596264,226353.6389149001,0.853212945971841,22.0,23417671451.02201
2022-03-07,ada,0.799646904033632,26452921180.487762,106480.0,140267.0,0.800970149441,33080752325.87306,220740.19163284326,0.7591236712840511,23.0,23417671451.02201
2022-03-08,ada,0.800234152618,26473307405.878643,97722.0,118237.0,0.8035634766240001,33081951475.415154,223309.3492749595,0.8264925530925176,21.0,23417671451.02201
2022-03-09,ada,0.8483166248431862,28064782657.427135,89883.0,107803.0,0.8519340005710001,33082910125.23184,239595.23647733545,0.8337708598090963,22.0,23417671451.02201
2022-03-10,ada,0.8070525358124551,26702146706.55076,82732.0,91580.0,0.8158131389740001,33086008062.2507,230840.799277097,0.903385018563005,28.0,23417671451.02201
2022-03-11,ada,0.7907295046870091,26163258213.223816,83923.0,102113.0,0.802090094644,33087494595.993233,229247.59335971595,0.821864013396923,22.0,23301004853.802288
2022-03-12,ada,0.791155369715459,26178694821.56991,105015.0,136438.0,0.804978092121,33089195654.43276,229975.36012432963,0.7696902622436564,22.0,23301004853.802288
2022-03-13,ada,0.7891664104891761,26115639360.970722,102580.0,126343.0,0.8082491790590001,33092689974.960503,230041.69355868833,0.8119167662632675,21.0,23301004853.802288
2022-03-14,ada,0.8034318152963121,26588724999.34699,136253.0,177201.0,0.823618057085,33093940883.509644,233488.25320185654,0.7689177826310235,23.0,23301004853.802288
2022-03-15,ada,0.8005206288499971,26492969509.196728,130762.0,152283.0,0.820523416181,33094674333.696686,234903.71498349012,0.8586775936906943,21.0,23301004853.802288
2022-03-16,ada,0.8357317323619881,27662544268.092194,117457.0,134901.0,0.858096327382,33099789318.65,246154.2694076644,0.8706903581144692,24.0,23258804977.034065
2022-03-17,ada,0.8369476962218891,27703823097.18784,124473.0,149914.0,0.8594739694100001,33101020795.26256,245992.0956995567,0.8302960363941994,27.0,23258804977.034065
2022-03-18,ada,0.853521718613971,28253270104.287106,116356.0,128898.0,0.875912665348,33101993175.015427,250214.30633820978,0.9026982575369672,25.0,23258804977.034065
2022-03-19,ada,0.9002581793256971,29800898166.017735,112664.0,111033.0,0.9230661507840001,33102613061.88734,265387.03823394974,1.0146893265965975,28.0,23258804977.034065
2022-03-20,ada,0.8786190164396661,29085191062.717693,107572.0,103716.0,0.9019236879790001,33103302476.39814,263606.0590852328,1.037178448841066,31.0,23258804977.034065
2022-03-21,ada,0.912970698717348,30223797973.248272,106952.0,114189.0,0.933935215124,33104893744.90368,274851.57270554977,0.9366226168895427,30.0,23216173396.12597
2022-03-22,ada,0.9716345420636601,32167998659.78934,118826.0,150384.0,0.9896256528140001,33107096616.25198,293399.2343945981,0.7901505479306309,26.0,23216173396.12597
2022-03-23,ada,1.09861365004282,36373474990.63807,103646.0,130027.0,1.109483670097,33108522717.900295,331757.69230875117,0.7971113691771708,31.0,23216173396.12597
2022-03-24,ada,1.13099223755208,37447586422.26992,110482.0,144406.0,1.1375437136470001,33110383235.98179,341527.26525524596,0.7650790133373959,40.0,23216173396.12597
2022-03-25,ada,1.09851805311551,36373779282.525024,107133.0,150471.0,1.103898701609,33111680940.8505,333832.5923030406,0.7119843690810854,47.0,23216173396.12597
2022-03-26,ada,1.15274203151982,38173185229.87161,111110.0,136437.0,1.148059102406,33115115252.232624,349713.4616265067,0.8143685363940867,51.0,24598636428.762436
2022-03-27,ada,1.17923454446593,39052511586.92557,110257.0,124696.0,1.172446357417,33116831397.279217,359302.7347948274,0.8842063899403348,49.0,24598636428.762436
2022-03-28,ada,1.179322591207,39057266678.94969,107901.0,119204.0,1.171901002113,33118390990.013844,358237.8615241411,0.9051793563974363,60.0,24598636428.762436
2022-03-29,ada,1.1890703511071,39381799775.28555,114118.0,115649.0,1.175099840738,33119823178.349873,360867.33067051985,0.9867616667675466,56.0,24598636428.762436
2022-03-30,ada,1.19268115182581,39503722541.05259,105780.0,101672.0,1.17580285065,33121779849.189793,364693.30934897583,1.0404044377999844,55.0,24598636428.762436
2022-03-31,ada,1.14467593599106,37915387724.32866,107814.0,116352.0,1.129311123603,33123250460.840282,349861.82121288794,0.9266192244224423,52.0,24587384093.653744
2022-04-01,ada,1.16472941625003,38581928684.44561,114580.0,127505.0,1.147227017411,33125229041.320366,355613.00977553666,0.8986314262185796,50.0,24587384093.653744
2022-04-02,ada,1.1631367146984,38530974120.984436,99898.0,103052.0,1.1467558033310001,33126780054.376904,355188.605763443,0.9693940923029151,52.0,24587384093.653744
2022-04-03,ada,1.18511912845606,39259770675.07947,98613.0,93235.0,1.167747781211,33127277868.028336,362679.01917669753,1.0576822008902236,48.0,24587384093.653744
2022-04-04,ada,1.21240131242504,40164498305.4572,93415.0,96839.0,1.19295592809,33128055779.748653,372643.102031236,0.9646423445099598,52.0,24587384093.653744
2022-04-05,ada,1.17298783317679,38864207573.702896,93192.0,102097.0,1.152711641982,33132660437.27614,361121.1610270042,0.9127790238694575,53.0,24665771640.296284
2022-04-06,ada,1.06102982760683,35156357599.02437,101757.0,119500.0,1.046416346633,33134184058.067535,325386.14445916645,0.8515230125523012,48.0,24665771640.296284
2022-04-07,ada,1.0933963710829,36230711566.62235,89030.0,105152.0,1.078405250108,33135935443.739807,334633.0795031289,0.8466790931223371,34.0,24665771640.296284
2022-04-08,ada,1.02411081007688,33943232675.49517,86302.0,94834.0,1.012702728359,33144101538.140247,313259.70237818465,0.9100322669084927,37.0,24665771640.296284
2022-04-09,ada,1.04145978756797,34518586535.52832,77268.0,80015.0,1.030275183488,33144425687.463707,321509.9848927739,0.9656689370742986,30.0,24665771640.296284
2022-04-10,ada,1.03395019771232,34272932895.97065,101076.0,104807.0,1.025846547289,33147566460.939487,319381.72631198465,0.9644012327420879,34.0,24727842768.797005
2022-04-11,ada,0.9242504717227791,30640056712.91384,134431.0,136645.0,0.925821088737,33151248119.788963,285701.0181814992,0.9837974313000841,32.0,24727842768.797005
2022-04-12,ada,0.955047284787169,31661711203.814003,115642.0,104878.0,0.957005679181,33151982847.49825,296721.4115350514,1.1026335361086215,20.0,24727842768.797005
2022-04-13,ada,0.974865345846277,32320172306.01491,103138.0,92199.0,0.979261999114,33153473393.761772,304350.8816323048,1.118645538454864,25.0,24727842768.797005
2022-04-14,ada,0.931264732527034,30875436626.238205,114570.0,114272.0,0.937576117953,33154306769.951595,291717.7378190315,1.0026078129375524,28.0,24727842768.797005
2022-04-15,ada,0.953214211356889,31606046185.65534,112531.0,115274.0,0.962227654218,33157338412.59512,299006.61932344094,0.9762045214011833,22.0,24714063915.93144
2022-04-16,ada,0.953083783617449,31603089176.720554,121438.0,117358.0,0.9635378891420001,33158773362.78914,298094.9447891627,1.0347654186335826,28.0,24714063915.93144
2022-04-17,ada,0.918887414318425,30469799667.321407,116495.0,95063.0,0.930391461525,33159448255.064045,286543.90522083885,1.225450490727202,28.0,24714063915.93144
2022-04-18,ada,0.935788387802826,31032691911.083385,106525.0,105194.0,0.9459534118240001,33162082705.414043,291879.31261281105,1.012652812898074,24.0,24714063915.93144
2022-04-19,ada,0.9526354491337411,31591945161.277306,114305.0,103459.0,0.9630577169560001,33162680635.079006,297591.3328364692,1.1048337988961812,27.0,24714063915.93144
2022-04-20,ada,0.936723969132526,31065310208.820473,112824.0,106965.0,0.949969165298,33163782749.7776,291729.73993945355,1.054774926377787,27.0,24776127551.439804
2022-04-21,ada,0.908234292725689,30123344157.027924,114401.0,121148.0,0.9288546313390001,33166931042.23711,282512.5459202014,0.9443077888202859,27.0,24776127551.439804
2022-04-22,ada,0.9068227071816911,30077106840.27095,105027.0,95289.0,0.929177646158,33167571347.81882,282278.02673545975,1.1021943771054372,26.0,24776127551.439804
2022-04-23,ada,0.891450615925878,29567870265.062378,97974.0,80048.0,0.914290373357,33168265001.816856,278725.990630497,1.2239406356186289,24.0,24776127551.439804
2022-04-24,ada,0.8858231451271831,29381782613.355125,99403.0,83318.0,0.9089072471630001,33168903719.643276,277987.62241267407,1.1930555222160877,24.0,24776127551.439804
2022-04-25,ada,0.8982593275087492,29796334690.27097,100798.0,103251.0,0.9250056364120001,33171194306.335503,282588.03470718605,0.9762423608488053,23.0,24769119181.729637
2022-04-26,ada,0.826340168958922,27412711202.50972,122148.0,124976.0,0.8544772109600001,33173639903.099552,259276.58275396604,0.9773716553578287,27.0,24769119181.729637
2022-04-27,ada,0.840128423714751,27870976931.722855,112317.0,104096.0,0.8694124902020001,33174662521.8169,263030.1654003354,1.0789751767599138,21.0,24769119181.729637
2022-04-28,ada,0.843865662122536,27995512923.771717,134781.0,125034.0,0.8767320841230001,33175319461.815647,261825.66558822454,1.0779547962954077,24.0,24769119181.729637
2022-04-29,ada,0.8061257514021021,26744071942.484325,111085.0,97300.0,0.839980577042,33176054599.38243,250413.99846627095,1.1416752312435765,23.0,24769119181.729637
2022-04-30,ada,0.753340346441921,24995175374.439236,103498.0,92790.0,0.792514500968,33179127458.78167,233757.06432776482,1.115400366418795,20.0,24767062828.320553
2022-05-01,ada,0.7887725431716771,26172632662.37324,112332.0,113776.0,0.830402512885,33181470233.652325,243652.28699324725,0.9873083954436788,22.0,24767062828.320553
2022-05-02,ada,0.782312018645059,25958799919.016396,109046.0,100694.0,0.825878487817,33182156608.019726,240412.20643582847,1.082944366099271,28.0,24767062828.320553
2022-05-03,ada,0.769255662381913,25651231576.203667,96139.0,83803.0,0.855810554097,33345521951.41149,237332.3839173238,1.1472023674570122,27.0,24767062828.320553
2022-05-04,ada,0.8952022723337462,29852772578.82349,115031.0,97958.0,0.99225240806,33347516535.004826,275000.00237108977,1.1742889809918537,21.0,24767062828.320553
2022-05-05,ada,0.7909025610047431,26375781655.239723,94684.0,93881.0,0.878210537904,33348964784.906734,242519.27744424512,1.0085533814083787,27.0,24753443176.75848
2022-05-06,ada,0.7843264862393391,26158153804.631622,109055.0,102123.0,0.871831104189,33351103479.947254,238734.47797909015,1.0678789303095286,22.0,24753443176.75848
2022-05-07,ada,0.762884215837456,25443346241.546124,108985.0,88561.0,0.848743663724,33351517456.178715,229834.6682876812,1.2306207021149265,23.0,24753443176.75848
2022-05-08,ada,0.739972992542944,24679577172.11026,88424.0,80784.0,0.8244402336150001,33351997195.597637,223849.0822461505,1.0945731828084768,18.0,24753443176.75848
2022-05-09,ada,0.617717403069003,20603161493.2748,88237.0,100642.0,0.6928500435310001,33353700884.760883,189713.97699633436,0.8767413207209713,11.0,24753443176.75848
2022-05-10,ada,0.6275803308716871,20933505087.204826,83572.0,94896.0,0.709559433505,33355897336.885822,194810.33981132283,0.8806693643567696,10.0,24621517986.831383
2022-05-11,ada,0.511666949157313,17068760199.070225,109908.0,118939.0,0.5828085211580001,33359122036.671555,158487.83136313423,0.9240703217615752,12.0,24621517986.831383
2022-05-12,ada,0.47258685593068606,15766887121.738127,104074.0,155854.0,0.549315996361,33362940428.564617,146910.94965175723,0.6677659861152104,12.0,24621517986.831383
2022-05-13,ada,0.5287622721585731,17642855886.91866,116020.0,125938.0,0.6187552522800001,33366328907.87575,164199.99854869876,0.9212469627912148,10.0,24621517986.831383
2022-05-14,ada,0.535414582961923,17865199510.045338,102236.0,101982.0,0.6270465020160001,33367039446.730675,167337.35997880105,1.0024906356023613,9.0,24621517986.831383
2022-05-15,ada,0.594861036448187,19849449304.26871,114612.0,107185.0,0.6962522219080001,33368212217.74141,186040.35377419132,1.0692914120445958,10.0,24682659914.20452
2022-05-16,ada,0.556425532560417,18568721953.896156,122245.0,114153.0,0.656928784456,33371441221.346096,173125.65483804976,1.070887317897909,14.0,24682659914.20452
2022-05-17,ada,0.5783551356283221,19301090100.20165,99096.0,101657.0,0.6830143422580001,33372384735.951286,180869.88104415537,0.9748074407074772,8.0,24682659914.20452
2022-05-18,ada,0.50824415374743,16961576355.760029,92352.0,88568.0,0.6007246346870001,33372890235.327763,160042.9111438934,1.0427242344864962,12.0,24682659914.20452
2022-05-19,ada,0.531634908401278,17743308794.151516,78641.0,74464.0,0.6293788170200001,33374988199.155025,169461.15121370475,1.0560942200257843,13.0,24682659914.20452
2022-05-20,ada,0.517755496176759,17280805960.766277,90514.0,86029.0,0.6153595982710001,33376383424.94138,165865.00954558788,1.0521335828615932,13.0,24476700813.527397
2022-05-21,ada,0.5278419706329951,17618196068.86212,84478.0,78673.0,0.6277455786220001,33377785490.862255,169889.32091662684,1.0737864324482351,13.0,24476700813.527397
2022-05-22,ada,0.5425426964169541,18109720385.92893,85764.0,72961.0,0.645695825117,33379346004.523994,175453.1273982136,1.1754773097956444,14.0,24476700813.527397
2022-05-23,ada,0.5116341159742971,17078638227.588907,80590.0,75852.0,0.6103672245790001,33380569618.7134,166628.75675380067,1.0624637451879977,10.0,24476700813.527397
2022-05-24,ada,0.521096160072583,17394974297.803905,81848.0,72004.0,0.622499740893,33381505431.513783,172132.27208803524,1.1367146269651687,12.0,24476700813.527397
2022-05-25,ada,0.513642296669879,17146970543.338316,105718.0,95603.0,0.6148120403940001,33383096864.312126,170074.7884630071,1.1058021191803604,11.0,24555840771.807743
2022-05-26,ada,0.482752725554135,16117121753.999908,102877.0,102111.0,0.580812876357,33385522363.202003,161687.40457911792,1.0075016403717523,12.0,24555840771.807743
2022-05-27,ada,0.45427040113241,15166395463.610502,86677.0,82270.0,0.547547558957,33386272638.066563,153491.9894114275,1.0535675215753009,12.0,24555840771.807743
2022-05-28,ada,0.465379026124647,15537865802.903946,93856.0,73835.0,0.5612771094260001,33387550642.951168,157801.4169988116,1.2711586645899642,13.0,24555840771.807743
2022-05-29,ada,0.480616002524392,16046845932.061283,107441.0,86211.0,0.5796944628540001,33388080812.49205,163260.20889267762,1.2462562782011577,14.0,24555840771.807743
2022-05-30,ada,0.570821506417717,19060076258.051712,84727.0,81847.0,0.6857615746310001,33390606422.07809,195645.55303904056,1.0351876061431695,10.0,24660991673.767487
2022-05-31,ada,0.6303262623875541,21048969194.535534,95753.0,103113.0,0.7580415214489999,33393768355.464214,216091.47762514872,0.9286219972263439,16.0,24660991673.767487
2022-06-01,ada,0.552505810315826,18451527144.341522,86358.0,78779.0,0.6681691130449999,33396078013.721107,191438.3664839257,1.09620584165831,17.0,24660991673.767487
2022-06-02,ada,0.5868369565050731,19598863571.912724,84244.0,71063.0,0.7084570943990001,33397459643.02318,204131.89441273944,1.1854833035475565,13.0,24660991673.767487
2022-06-03,ada,0.557968428777681,18634998119.336452,106994.0,78818.0,0.6744161575180001,33397943607.95537,194241.6735287045,1.357481793498947,10.0,24660991673.767487
2022-06-04,ada,0.5641988602263871,18843849928.44097,95488.0,76187.0,0.6821221569420001,33399305203.983932,197410.52566064958,1.2533371835089977,14.0,24538091587.04578
2022-06-05,ada,0.567475432769463,18954869378.519897,103282.0,95590.0,0.688761280758,33402096873.188015,197475.79537392707,1.0804686682707396,10.0,24538091587.04578
2022-06-06,ada,0.6087664645343541,20334474395.35926,98694.0,91637.0,0.738067300917,33402728814.394993,211027.73626153442,1.0770103779041218,13.0,24538091587.04578
2022-06-07,ada,0.6169807537150881,20609738380.340153,96529.0,80962.0,0.747524346625,33404183609.03589,212862.14269835525,1.1922753884538426,15.0,24538091587.04578
2022-06-08,ada,0.64245427170116,21461008977.610073,83367.0,70843.0,0.777131060012,33404726099.467422,223845.72453574053,1.1767852857727652,17.0,24538091587.04578
2022-06-09,ada,0.63184639801298,21107468116.554405,81958.0,68924.0,0.7635735498670001,33406011623.921284,221987.00748603902,1.189106842319076,11.0,24602095926.151257
2022-06-10,ada,0.574671145091152,19198381008.5416,88043.0,84714.0,0.696954379004,33407595235.178253,204053.42438536428,1.0392969284887976,13.0,24602095926.151257
2022-06-11,ada,0.5531024639900761,18478449719.40534,79444.0,64963.0,0.671625953481,33408727898.44756,198115.55111765224,1.2229115034712066,12.0,24602095926.151257
2022-06-12,ada,0.5003341504934951,16715793456.666725,77725.0,62721.0,0.609295775749,33409259472.253536,181784.93472321596,1.2392181247110219,14.0,24602095926.151257
2022-06-13,ada,0.457307721030327,15292915730.992737,78520.0,76707.0,0.5663698639960001,33441192937.95734,169184.26018234715,1.02363539181561,11.0,24602095926.151257
2022-06-14,ada,0.48167829491865605,16108572471.318558,70511.0,71240.0,0.599444385537,33442595693.540462,180243.48261720667,0.9897669848399775,8.0,24677704327.308247
2022-06-15,ada,0.5304944608457051,17743423460.004517,83602.0,88609.0,0.6599983330060001,33446953304.12736,199232.95230316708,0.9434933246058527,7.0,24677704327.308247
2022-06-16,ada,0.47242497576039805,15802754604.035357,74666.0,70445.0,0.5939857725470001,33450294575.556297,177725.3549119762,1.059919085811626,7.0,24677704327.308247
2022-06-17,ada,0.488180816141671,16330001472.920689,62597.0,58528.0,0.614459012657,33450723447.071487,185737.72946239458,1.0695222799343904,9.0,24677704327.308247
2022-06-18,ada,0.45556798260582004,15239345624.774473,59076.0,61459.0,0.575355014572,33451309588.54128,175139.80037083573,0.961226183309198,6.0,24677704327.308247
2022-06-19,ada,0.48145848928756907,16106097710.405676,58566.0,61936.0,0.6081255159110001,33452723482.430298,187190.73063139626,0.9455889950917076,6.0,24637590261.78971
2022-06-20,ada,0.490629892887652,16414392775.468311,68309.0,77218.0,0.619970470681,33455753539.31196,191751.32473313643,0.8846253464218188,9.0,24637590261.78971
2022-06-21,ada,0.47901549954357603,16026576908.592545,61761.0,62591.0,0.607333737358,33457324290.89094,188803.1652197913,0.9867393075681807,9.0,24637590261.78971
2022-06-22,ada,0.45836096670986104,15335886575.059694,58611.0,56079.0,0.582685156864,33458098941.41181,184319.54662436811,1.0451505911303696,11.0,24637590261.78971
2022-06-23,ada,0.47993889766877906,16058083673.279982,70721.0,57686.0,0.6100772170440001,33458600149.476055,195700.73072349295,1.2259647054744651,11.0,24637590261.78971
2022-06-24,ada,0.5016644478344451,16785471471.060804,60797.0,61205.0,0.636735024548,33459559559.221947,206895.98756391968,0.9933338779511478,11.0,24669825450.454872
2022-06-25,ada,0.49809641182106507,16667230714.388454,76932.0,75376.0,0.632641561021,33461856618.184093,206980.5953401123,1.020643175546593,14.0,24669825450.454872
2022-06-26,ada,0.49071492370645803,16420429547.887442,76087.0,67645.0,0.6237286700920001,33462258339.039265,206791.34902046918,1.124798580826373,14.0,24669825450.454872
2022-06-27,ada,0.48628474811146905,16273069348.261396,63581.0,63757.0,0.6189516952270001,33464075135.934944,206903.38356969482,0.9972395187979359,12.0,24669825450.454872
2022-06-28,ada,0.468784638522725,15687984023.010824,68318.0,62658.0,0.597948940381,33465226318.95142,201980.5914454389,1.09033164161001,10.0,24669825450.454872
2022-06-29,ada,0.46429935655451704,15538357271.668755,62055.0,62891.0,0.5936843089980001,33466247696.262478,202315.02187268372,0.9867071600069962,13.0,24670614381.38144
2022-06-30,ada,0.45177404255715203,15120477741.810701,71243.0,80989.0,0.579422159849,33469115791.215195,198071.54732925762,0.8796626702391683,11.0,24670614381.38144
2022-07-01,ada,0.450053394049554,15063298076.835526,69634.0,68153.0,0.5775885052480001,33470024392.654514,200832.78510263702,1.021730518098983,11.0,24670614381.38144
2022-07-02,ada,0.456054837259802,15264936490.744534,61924.0,67293.0,0.585700958642,33471712705.56772,206826.6440497035,0.9202145839834752,14.0,24670614381.38144
2022-07-03,ada,0.4553079090526361,15240183669.628004,67462.0,61671.0,0.585009965593,33472257710.91571,210133.5541154766,1.093901509623648,11.0,24670614381.38144
2022-07-04,ada,0.468170706423819,15671158958.90949,66232.0,68743.0,0.601437280564,33473172806.166397,219586.05757150342,0.9634726444874387,14.0,24435357519.567074
2022-07-05,ada,0.456435088035746,15278691795.69543,74971.0,81343.0,0.5869625467740001,33473964198.16627,216421.58992199277,0.9216650480065893,19.0,24435357519.567074
2022-07-06,ada,0.46200551507243304,15465410983.59973,64498.0,64512.0,0.5929857133110001,33474515950.691776,221177.73813480156,0.9997829861111112,18.0,24435357519.567074
2022-07-07,ada,0.47827455213325504,16010829037.65067,78761.0,68885.0,0.6140721509470001,33476230266.145947,229352.5189224544,1.1433693837555345,18.0,24435357519.567074
2022-07-08,ada,0.46953170307593706,15718896482.946415,69356.0,69473.0,0.603635880742,33477817110.049778,227344.10913577743,0.998315892505002,20.0,24435357519.567074
2022-07-09,ada,0.47843435381379307,16017332944.718094,69861.0,61209.0,0.6149715466110001,33478643030.20358,232812.8515093913,1.141351761995785,24.0,24444238585.047096
2022-07-10,ada,0.46243170026713704,15482045025.405539,68866.0,67008.0,0.5948748911720001,33479636055.36102,226072.06853409205,1.0277280324737346,24.0,24444238585.047096
2022-07-11,ada,0.4347002420418681,14554024794.951874,58920.0,60250.0,0.560582572886,33480599703.80718,214715.64854680366,0.9779253112033195,22.0,24444238585.047096
2022-07-12,ada,0.419748399399792,14055765055.84767,60770.0,58868.0,0.552837533673,33486167132.37343,208434.60203346124,1.0323095739620847,16.0,24444238585.047096
2022-07-13,ada,0.435159592475218,14573529102.168058,52900.0,55166.0,0.5740291187790001,33490078936.95463,219684.68747127452,0.9589239749120835,15.0,24444238585.047096
2022-07-14,ada,0.440720341926125,14760229405.682766,77437.0,75269.0,0.5825269608350001,33491146202.08959,222167.6183467764,1.0288033586204148,18.0,24456415918.186226
2022-07-15,ada,0.442292850018955,14813958823.283775,92571.0,83035.0,0.5846223327260001,33493552569.63549,219440.5133010685,1.1148431384355995,15.0,24456415918.186226
2022-07-16,ada,0.457109973361415,15310370175.25689,77521.0,84622.0,0.604010882942,33493844080.167797,224602.2035858534,0.9160856514854293,21.0,24456415918.186226
2022-07-17,ada,0.449504285031271,15055787027.362644,74754.0,101458.0,0.5941075267520001,33494201342.96439,219009.99025180313,0.7367974925584971,24.0,24456415918.186226
2022-07-18,ada,0.490299930242743,16422852492.596746,72379.0,63387.0,0.647655065709,33495522800.637444,238392.030056518,1.1418587407512581,20.0,24456415918.186226
2022-07-19,ada,0.515573517542209,17270992999.853916,71383.0,66250.0,0.7085008753180001,33498603811.511658,249459.15828413045,1.0774792452830189,30.0,24441961174.74654
2022-07-20,ada,0.49148293582700203,16465142324.552687,93409.0,89384.0,0.676987481614,33500944029.414448,233625.8750189274,1.0450304305021032,31.0,24441961174.74654
2022-07-21,ada,0.500243331718611,16759003503.54952,69720.0,61032.0,0.689060253105,33501702953.187054,237916.19206982694,1.1423515532835233,34.0,24441961174.74654
2022-07-22,ada,0.48342296893080605,16195959446.466417,74885.0,67089.0,0.6661424889600001,33502668444.338234,228292.39615846504,1.1162038486189987,33.0,24441961174.74654
2022-07-23,ada,0.517042756217571,17322454848.016087,75437.0,58998.0,0.7121036286950001,33502944659.235916,244354.97169652933,1.2786365639513204,31.0,24441961174.74654
2022-07-24,ada,0.5154573600312871,17269859438.854607,65766.0,56590.0,0.709880484266,33503953533.23962,244886.37490057753,1.1621487895387879,30.0,24453012636.35491
2022-07-25,ada,0.48100428349585705,16116475875.900377,73147.0,69511.0,0.663347033673,33505888468.952045,227429.63064097537,1.0523082677561826,30.0,24453012636.35491
2022-07-26,ada,0.46576716393714507,15606191547.343119,61253.0,55852.0,0.643162701321,33506422856.05424,221015.6532754075,1.096701998137936,26.0,24453012636.35491
2022-07-27,ada,0.508162306604325,17027262715.205372,66453.0,55875.0,0.699372371452,33507527996.293247,240605.7169575725,1.1893154362416107,28.0,24453012636.35491
2022-07-28,ada,0.512792241041599,17182725755.220127,61447.0,55333.0,0.706097361308,33508162526.636635,244008.81117633186,1.1104946415339851,32.0,24453012636.35491
2022-07-29,ada,0.527480281413305,17676515681.639412,71910.0,66504.0,0.728505286024,33511235025.27491,250731.60800767964,1.0812883435582823,39.0,24463445965.412727
2022-07-30,ada,0.5241851697225721,17567657904.102375,77512.0,73224.0,0.7259433019520001,33514221536.256275,247235.1823398326,1.058560034961215,42.0,24463445965.412727
2022-07-31,ada,0.516900650536708,17324891699.87219,91803.0,65573.0,0.7174924051470001,33516869599.3774,240871.77536986105,1.4000122001433517,39.0,24463445965.412727
2022-08-01,ada,0.512610687039393,17182729592.58436,73416.0,65843.0,0.7119642276470001,33520037773.35197,238046.11365874033,1.1150160229637167,33.0,24463445965.412727
2022-08-02,ada,0.499169776174106,16732474465.878393,67615.0,58136.0,0.693889305146,33520608146.840714,232655.1384454848,1.1630487133617724,31.0,24463445965.412727
2022-08-03,ada,0.500486886450457,16777188262.209265,90898.0,73340.0,0.69691319367,33521733968.288563,230258.20226054918,1.239405508590128,34.0,24525857119.151546
2022-08-04,ada,0.49930987625572604,16739022387.740501,89661.0,79925.0,0.697378614513,33524316629.313904,228513.5061830448,1.1218142008132623,30.0,24525857119.151546
2022-08-05,ada,0.516588006370544,17318524932.08893,62823.0,58624.0,0.721230684573,33524829687.328247,237180.0763204659,1.0716259552401746,31.0,24525857119.151546
2022-08-06,ada,0.511915975536275,17162126031.284245,61881.0,53430.0,0.7149928845950001,33525279247.84038,235959.14480117906,1.1581695676586188,31.0,24525857119.151546
2022-08-07,ada,0.527409542167211,17681805371.85804,57328.0,51579.0,0.73658875554,33525759316.37612,244489.28143274397,1.1114600903468466,30.0,24525857119.151546
2022-08-08,ada,0.536394880656317,17983665620.937298,64329.0,65725.0,0.748362248524,33526915094.59041,248000.7158099477,0.9787599847850894,30.0,24492895353.990402
2022-08-09,ada,0.514033256698835,17235626911.57047,71793.0,76691.0,0.721263148336,33530178615.79447,236401.5994290148,0.9361333142089685,42.0,24492895353.990402
2022-08-10,ada,0.536693755296346,17995728231.706917,73937.0,69564.0,0.752283601249,33530720367.27952,244309.4343707605,1.0628629751020642,31.0,24492895353.990402
2022-08-11,ada,0.5304968355560881,17788763659.7524,56480.0,57391.0,0.7434139574590001,33532271009.883606,243978.78947165466,0.9841264309734976,41.0,24492895353.990402
2022-08-12,ada,0.540497893703077,18124316400.849003,55354.0,49910.0,0.757293994193,33532630953.79538,253196.81604783138,1.1090763374073331,42.0,24492895353.990402
2022-08-13,ada,0.56014346138466,18783706272.248238,66462.0,60689.0,0.7841309407220001,33533741919.99922,263864.4091755115,1.0951243223648437,46.0,24507422389.303696
2022-08-14,ada,0.5709977406040381,19150161621.61179,84113.0,79269.0,0.7995290117780001,33538068997.179432,267754.9844876845,1.0611083778021673,47.0,24507422389.303696
2022-08-15,ada,0.5501587871171331,18451971604.38628,61959.0,67179.0,0.770965523516,33539356339.422997,259342.40930903415,0.9222971464296879,45.0,24507422389.303696
2022-08-16,ada,0.557829068537196,18709480630.804016,63814.0,59138.0,0.781654592917,33539809389.758377,263964.5963113629,1.079069295546011,44.0,24507422389.303696
2022-08-17,ada,0.535989325706388,17977981079.845577,69580.0,55023.0,0.751364402476,33541677450.669636,256726.6583412262,1.2645620922159824,41.0,24507422389.303696
2022-08-18,ada,0.513296894074025,17218085513.066353,62994.0,57994.0,0.720953886094,33544106172.953484,246721.62655298374,1.0862158154291823,30.0,24552945219.53224
2022-08-19,ada,0.45098135061582206,15128569875.864445,72066.0,76113.0,0.6355918923089999,33545887995.603695,217093.6995794985,0.9468290567971306,33.0,24552945219.53224
2022-08-20,ada,0.45096643348366705,15128254363.28389,69986.0,58139.0,0.6360564164729999,33546297994.77482,217697.3358611708,1.203770274686527,29.0,24552945219.53224
2022-08-21,ada,0.463387227343666,15545229211.880974,71783.0,59576.0,0.653821285409,33546952299.468597,223008.03717428978,1.204897945481402,27.0,24552945219.53224
2022-08-22,ada,0.45805250009301707,15366774993.123394,64467.0,57805.0,0.6482465020710001,33548064883.39842,221432.72886164603,1.115249545887034,29.0,24552945219.53224
2022-08-23,ada,0.46549955291729705,15617058936.6298,62805.0,58845.0,0.6598404153249999,33549031011.431293,224859.6806066402,1.0672954371654346,28.0,24623552540.372337
2022-08-24,ada,0.457993281818421,15367295345.833221,67708.0,73027.0,0.6505676538310001,33553538787.33496,221120.7990051668,0.927163925671327,25.0,24623552540.372337
2022-08-25,ada,0.464447465565047,15584220434.746737,57026.0,54375.0,0.6599482502150001,33554323341.579586,224752.7674038663,1.0487540229885057,25.0,24623552540.372337
2022-08-26,ada,0.43007533413722604,14434832010.039946,60776.0,58561.0,0.612161835896,33563496588.330643,209377.22077028718,1.0378238076535578,27.0,24623552540.372337
2022-08-27,ada,0.44989945178001,15100300185.399792,64737.0,54988.0,0.6406878261569999,33563722128.70238,220489.01132940245,1.1772932276132975,28.0,24623552540.372337
2022-08-28,ada,0.43077304962010504,14458897045.593987,71675.0,59923.0,0.6147422028320001,33564999152.906994,213363.0416969957,1.196118351884919,28.0,24636399918.28603
2022-08-29,ada,0.44971425031862405,15095965141.201796,73590.0,76629.0,0.642455259941,33567904798.449806,222743.5256179519,0.9603413851152958,24.0,24636399918.28603
2022-08-30,ada,0.45259130127212904,15194256290.421803,61824.0,58866.0,0.6481323432489999,33571693153.87697,224880.09145117315,1.0502497197023748,27.0,24636399918.28603
2022-08-31,ada,0.446594693852058,14994154996.2532,68271.0,62653.0,0.64711263197,33574413674.56163,224604.85693785417,1.089668491532728,23.0,24636399918.28603
2022-09-01,ada,0.45749428955788907,15360861774.689394,55771.0,54954.0,0.6630333466180001,33576073243.523422,234346.7719689424,1.0148669796557122,20.0,24636399918.28603
2022-09-02,ada,0.453991105986612,15243842592.780172,58920.0,65197.0,0.6577997544590001,33577403591.756058,233057.1333083864,0.9037225639216528,25.0,24732308831.147808
2022-09-03,ada,0.48039054907829104,16130943531.398369,63999.0,71657.0,0.6957486495870001,33578811161.768818,246334.7920065067,0.8931297709923665,21.0,24732308831.147808
2022-09-04,ada,0.501031066798346,16824325491.578222,61105.0,58375.0,0.725500779802,33579405762.376896,256395.23228575374,1.0467665952890792,20.0,24732308831.147808
2022-09-05,ada,0.49828452774448106,16732435954.269136,72137.0,67086.0,0.721736189236,33580083311.054535,253915.82104669788,1.0752914169871508,23.0,24732308831.147808
2022-09-06,ada,0.463276191579478,15557520867.741827,64402.0,63508.0,0.6719902395430001,33581524694.158245,237035.89586169712,1.014076966681363,22.0,24732308831.147808
2022-09-07,ada,0.47991419613962105,16117380406.226416,65880.0,67620.0,0.6978269249700001,33583879234.815136,246647.31799280073,0.974267968056788,24.0,24724295922.908154
2022-09-08,ada,0.4789967451613131,16088500889.763815,71937.0,83630.0,0.6979341242880001,33587912762.0077,244142.87304514225,0.8601817529594643,20.0,24724295922.908154
2022-09-09,ada,0.49940822680603103,16777145207.507698,62627.0,60678.0,0.7322457313980001,33593987257.424423,253593.45470840513,1.03212037311711,22.0,24724295922.908154
2022-09-10,ada,0.513205763638321,17241312858.228622,56519.0,54597.0,0.752525764817,33594923077.780117,262015.93405291127,1.0352033994541825,28.0,24724295922.908154
2022-09-11,ada,0.508230449574535,17074739241.436932,48419.0,49255.0,0.745438338196,33596586189.325066,264610.79522278294,0.9830271038473252,26.0,24724295922.908154
2022-09-12,ada,0.5018849170764651,16863724612.26996,56329.0,59380.0,0.735791703693,33600211047.869644,262157.552461603,0.9486190636577972,25.0,24782466023.48009
2022-09-13,ada,0.46428648159356806,15601076742.739992,62710.0,71211.0,0.6824388101100001,33602263604.989098,242677.61869950872,0.8806223757565544,34.0,24782466023.48009
2022-09-14,ada,0.480991542070852,16162920163.835958,51703.0,54789.0,0.71170733874,33603335506.167995,253939.17546817008,0.9436748252386428,27.0,24782466023.48009
2022-09-15,ada,0.46535290865236306,15637891579.516493,50554.0,52073.0,0.6893799168720001,33604370551.379993,247417.3766031927,0.970829412555451,28.0,24782466023.48009
2022-09-16,ada,0.472663269474752,15883757777.62828,54058.0,51220.0,0.7001626949710001,33604806642.325176,253890.87614193143,1.0554080437329167,20.0,24782466023.48009
2022-09-17,ada,0.48598675352751003,16332317008.018085,52207.0,54032.0,0.7201823954150001,33606506534.32588,263737.5802865651,0.9662237192774652,22.0,25054390221.573067
2022-09-18,ada,0.44758550718625906,15042698288.786053,62685.0,67843.0,0.6642937043910001,33608546405.6953,244193.84284465032,0.9239715224857391,27.0,25054390221.573067
2022-09-19,ada,0.45389380498390103,15255159223.714214,58161.0,59440.0,0.6745918567590001,33609533895.831196,248551.5036144146,0.9784825033647375,21.0,25054390221.573067
2022-09-20,ada,0.44124111387799403,14830639862.05932,56966.0,57308.0,0.658621378042,33611192147.792664,242458.62437797541,0.9940322468067285,23.0,25054390221.573067
2022-09-21,ada,0.43867940984824505,14744792987.074635,73752.0,61577.0,0.657892277737,33611773555.032795,240207.4796874977,1.1977199278951556,23.0,25054390221.573067
2022-09-22,ada,0.458522024332898,15412689843.693388,61397.0,64919.0,0.688128324054,33613848464.78695,250451.25683917917,0.9457477780002773,22.0,25043681533.0909
2022-09-23,ada,0.46270848315404806,15554258025.749569,69018.0,74736.0,0.6952406301070001,33615675078.451374,251548.4853296745,0.923490687219011,20.0,25043681533.0909
2022-09-24,ada,0.45139321675453403,15174102659.866236,55032.0,55194.0,0.6786096567240001,33616151277.0757,246783.82252136013,0.9970648983585172,24.0,25043681533.0909
2022-09-25,ada,0.44600717081676006,14993391242.872995,56284.0,50782.0,0.6708363786060001,33616928659.277008,246044.38534197595,1.1083454767437282,24.0,25043681533.0909
2022-09-26,ada,0.44609777617648905,14997227314.349754,53271.0,51920.0,0.6719191042750001,33618700014.35834,249073.43259467022,1.0260208012326657,21.0,25043681533.0909
2022-09-27,ada,0.44164280551664903,14847742894.632051,59828.0,64621.0,0.6658015114200001,33619347375.675346,246883.0880456081,0.9258290648550781,20.0,25028585125.722443
2022-09-28,ada,0.437683194492964,14716238100.74284,76536.0,83842.0,0.6647273452860001,33623036675.627743,243501.33690547288,0.9128599031511653,20.0,25028585125.722443
2022-09-29,ada,0.437567284638512,14712618377.097233,72806.0,62721.0,0.6650506217409999,33623670904.125717,241015.207067649,1.160791441462987,22.0,25028585125.722443
2022-09-30,ada,0.433940182475872,14591230330.358835,66301.0,59537.0,0.6637538721220001,33624978255.49028,237998.93701182344,1.1136100240186775,21.0,25028585125.722443
2022-10-01,ada,0.43047159371605004,14475117144.460587,70451.0,60187.0,0.6587545235550001,33626184295.934616,235220.91612082842,1.1705351654011664,20.0,25028585125.722443
2022-10-02,ada,0.41935854827505703,14102136910.74814,64367.0,65137.0,0.642251349281,33627875164.949677,228726.9713277002,0.9881787616869061,24.0,25065995673.156593
2022-10-03,ada,0.42801566725522805,14394185125.827488,76216.0,78849.0,0.6561294099489999,33630042605.99685,232913.4633077651,0.9666070590622582,24.0,25065995673.156593
2022-10-04,ada,0.4358293037890041,14657198992.364552,63633.0,58699.0,0.6683990258670001,33630595430.22484,237274.75709564288,1.0840559464386106,20.0,25065995673.156593
2022-10-05,ada,0.430993909611584,14495031300.03608,55640.0,51619.0,0.6613425920560001,33631638352.150143,236047.0071373504,1.077897673337337,25.0,25065995673.156593
2022-10-06,ada,0.42859656628197706,14414800662.701948,61491.0,54528.0,0.658087535026,33632562173.20775,236175.32439631716,1.1276958626760563,26.0,25065995673.156593
2022-10-07,ada,0.42418348278460605,14266808482.007343,59702.0,57152.0,0.651688629672,33633578536.229366,234151.3529000593,1.0446178611422172,23.0,25069171797.357765
2022-10-08,ada,0.421547647184149,14178877740.776701,74740.0,70752.0,0.64805510058,33635290898.878616,230249.07350919707,1.0563658977838082,24.0,25069171797.357765
2022-10-09,ada,0.422384025534675,14207295218.563187,58408.0,54036.0,0.651735688182,33635967176.028675,229381.68294450108,1.080909023613887,22.0,25069171797.357765
2022-10-10,ada,0.40360734204459703,13576388450.554619,56247.0,53664.0,0.6241938358870001,33637615167.7005,219205.8401717077,1.0481328264758498,22.0,25069171797.357765
2022-10-11,ada,0.390335892246685,13131092710.744968,61104.0,54663.0,0.604375948077,33640495203.15791,212212.5757988241,1.1178310740354536,24.0,25069171797.357765
2022-10-12,ada,0.3809364265657931,12815222613.38446,76870.0,67200.0,0.5905346101270001,33641368269.54535,204142.41885093795,1.1438988095238096,20.0,25153834365.108788
2022-10-13,ada,0.37772998989260204,12708179843.35301,90787.0,86492.0,0.5866944867110001,33643555405.717876,197907.31241435243,1.0496577718170466,20.0,25153834365.108788
2022-10-14,ada,0.366565539771915,12332874283.92137,69164.0,59264.0,0.5700902541080001,33644390827.34059,190462.37747249866,1.1670491360691144,24.0,25153834365.108788
2022-10-15,ada,0.363814086968655,12240486944.70372,69831.0,54555.0,0.5660772814380001,33644895519.832687,187215.75410539872,1.280010998075337,24.0,25153834365.108788
2022-10-16,ada,0.37015053669399806,12454438613.318642,70202.0,52190.0,0.57679295826,33646955437.524265,189709.13536462036,1.345123586894041,24.0,25153834365.108788
2022-10-17,ada,0.372413461328901,12547793329.456635,83847.0,68763.0,0.582382640698,33693178771.470116,188497.18852914992,1.2193621569739541,20.0,25170337993.638844
2022-10-18,ada,0.36186566933905906,12193010266.36734,98038.0,84778.0,0.566928525397,33694852260.060066,179218.32994041644,1.1564085022057609,22.0,25170337993.638844
2022-10-19,ada,0.350052862918116,11795958694.547483,84537.0,63745.0,0.553968610996,33697649538.454945,172406.20553816552,1.326174601929563,23.0,25170337993.638844
2022-10-20,ada,0.339494055468071,11441012115.215027,86991.0,65109.0,0.538044417252,33700183938.245834,165013.8611465784,1.3360825692300604,23.0,25170337993.638844
2022-10-21,ada,0.348934870155455,11759837856.42506,93707.0,69577.0,0.555003857545,33702099911.040417,167482.33368644834,1.3468100090547164,23.0,25170337993.638844
2022-10-22,ada,0.35138187331757303,11842506316.35683,94084.0,70408.0,0.559555514386,33702667142.575603,165374.78840426618,1.3362686058402453,20.0,25107902330.817417
2022-10-23,ada,0.361795547148884,12194233985.52677,95218.0,77447.0,0.57665911904,33704765251.045692,167042.9118714519,1.229460146939197,23.0,25107902330.817417
2022-10-24,ada,0.357892457555519,12063081800.242382,88821.0,67689.0,0.571286269667,33705884395.09392,162421.451391942,1.3121925275894164,22.0,25107902330.817417
2022-10-25,ada,0.40293837453511505,13582488856.91304,108801.0,76985.0,0.6434368765590001,33708600905.991302,178671.61904101644,1.413275313372735,20.0,25107902330.817417
2022-10-26,ada,0.40334916999239506,13596571948.703983,104390.0,74433.0,0.643514291116,33709185391.30833,176546.59332372076,1.4024693348380424,33.0,25107902330.817417
2022-10-27,ada,0.388981846073341,13113531129.139042,86169.0,67590.0,0.6217843717460001,33712450237.75875,169225.80344983016,1.274877940523746,32.0,25087226705.23419
2022-10-28,ada,0.40451124686760104,13637981867.189508,94132.0,80539.0,0.6466147348500001,33714716148.926517,173764.8241077519,1.1687753759048412,30.0,25087226705.23419
2022-10-29,ada,0.418613863149402,14113810129.053818,84666.0,65431.0,0.669101619381,33715582238.17505,178671.73686513078,1.2939738044657731,34.0,25087226705.23419
2022-10-30,ada,0.40529543481898705,13665352078.749846,81357.0,60687.0,0.6481894999950001,33717014564.58068,171675.81655407016,1.3406001285283504,34.0,25087226705.23419
2022-10-31,ada,0.40614062802870204,13694291207.125738,88517.0,65573.0,0.64923247469,33718102209.06528,171095.0784748523,1.349900111326308,31.0,25087226705.23419
2022-11-01,ada,0.40116639467250104,13527120705.122116,79247.0,69945.0,0.641986464413,33719476219.251144,167837.12369673845,1.1329902065908928,30.0,25090663550.263367
2022-11-02,ada,0.38553473364967306,13001077144.05399,91756.0,84478.0,0.6176182257020001,33722194161.286083,158769.34297334278,1.0861526077795403,30.0,25090663550.263367
2022-11-03,ada,0.38915529011818206,13123371590.409431,78606.0,65262.0,0.6236593278060001,33722711533.547478,159075.37148446954,1.2044681437896478,30.0,25090663550.263367
2022-11-04,ada,0.42144305941814203,14212512528.072733,87869.0,70907.0,0.674917950353,33723446644.713974,170202.01427396215,1.2392147460758458,30.0,25090663550.263367
2022-11-05,ada,0.426826663611909,14394257193.45804,78943.0,61351.0,0.683652250913,33723894078.337105,172069.1853281634,1.2867434923636127,38.0,25090663550.263367
2022-11-06,ada,0.40406984184405004,13627154954.43843,79632.0,65684.0,0.647870492332,33724751375.277855,161436.43381508786,1.21235003958346,40.0,25097784395.987465
2022-11-07,ada,0.4035392097125,13610026563.295525,79398.0,75129.0,0.648238050732,33726652170.90537,159669.5430866737,1.0568222657029909,33.0,25097784395.987465
2022-11-08,ada,0.372349501896362,12558694892.071701,67739.0,68689.0,0.600472589241,33728244104.291103,146927.115431753,0.9861695467978862,31.0,25097784395.987465
2022-11-09,ada,0.31553955064134404,10645014386.418262,70941.0,85616.0,0.515775350514,33735911598.980026,124847.80568726156,0.8285951224070267,29.0,25097784395.987465
2022-11-10,ada,0.36771933018519803,12405785366.708872,69934.0,72702.0,0.602520231813,33737104221.474644,146780.71387341438,0.9619267695524195,22.0,25097784395.987465
2022-11-11,ada,0.35230684657285,11886399599.475723,76139.0,77474.0,0.5773822005550001,33738769811.32654,140222.2482065902,0.9827684126287529,25.0,25174903471.204235
2022-11-12,ada,0.338719168099341,11428784607.176088,76314.0,93767.0,0.55657742286,33741180551.743107,134456.5719679791,0.8138684185267738,21.0,25174903471.204235
2022-11-13,ada,0.32799975605212106,11067728163.619022,69708.0,82940.0,0.540310670465,33743098765.7817,130235.87238724953,0.8404629852905715,22.0,25174903471.204235
2022-11-14,ada,0.331577019119976,11189523748.862202,73960.0,116249.0,0.549594513091,33746378981.751583,132218.4393610696,0.6362205266281861,24.0,25174903471.204235
2022-11-15,ada,0.336622508286384,11360382045.752285,76456.0,77027.0,0.559068967486,33748135570.56428,135471.19344245052,0.9925870149428122,22.0,25174903471.204235
2022-11-16,ada,0.332522519791704,11234452533.025297,71742.0,75637.0,0.554274707358,33785538916.470047,134703.53155791396,0.9485040390285178,23.0,25272403210.023563
2022-11-17,ada,0.324465627177508,10963437465.246656,80786.0,85625.0,0.5427479313060001,33789210772.852688,131804.22125024747,0.9434861313868613,20.0,25272403210.023563
2022-11-18,ada,0.32534851259255804,10993559620.75881,69349.0,67684.0,0.545205924321,33790102598.45975,133563.21517978105,1.0245996099521304,23.0,25272403210.023563
2022-11-19,ada,0.328278088289893,11092656281.08246,58846.0,55196.0,0.5516520673940001,33790425486.110584,136859.72015527598,1.0661279802884267,23.0,25272403210.023563
2022-11-20,ada,0.31170048717648907,10532717178.583715,88957.0,76568.0,0.524802932213,33791147630.192665,130310.771814086,1.1618038867411973,24.0,25272403210.023563
2022-11-21,ada,0.30442506962995597,10287471360.064924,101658.0,92040.0,0.5139134590810001,33793114911.889034,126558.73434842078,1.1044980443285528,21.0,25197315592.272396
2022-11-22,ada,0.31175286947363806,10536607124.19771,98623.0,107559.0,0.529476110118,33797947528.077816,130205.91953229402,0.9169200159912234,22.0,25197315592.272396
2022-11-23,ada,0.31810110911582007,10751330871.011969,76091.0,87896.0,0.540666714768,33798470243.92936,134539.68960858046,0.8656935469190862,22.0,25197315592.272396
2022-11-24,ada,0.31586770879708903,10677208542.518267,80065.0,71501.0,0.539017746189,33802785929.5273,133977.63103161668,1.1197745486077118,20.0,25197315592.272396
2022-11-25,ada,0.314872141317183,10644279918.888672,85738.0,68043.0,0.5379576355710001,33805086326.028038,134068.7706632336,1.2600561409696809,20.0,25197315592.272396
2022-11-26,ada,0.31335096435525406,10593225358.38511,80238.0,65421.0,0.535654112076,33806263785.342308,133692.01604914753,1.2264869078736185,22.0,25116738054.461617
2022-11-27,ada,0.312742864707597,10573229849.056004,76090.0,72479.0,0.534850354571,33808061005.457577,133757.20325804513,1.0498213275569475,26.0,25116738054.461617
2022-11-28,ada,0.30627996370508304,10355870425.377678,66736.0,63472.0,0.5252236329960001,33811778936.180584,132309.51450156988,1.05142425006302,28.0,25116738054.461617
2022-11-29,ada,0.30942222918314705,10462372154.058357,64655.0,60408.0,0.5308967936450001,33812606746.70429,134566.18827077188,1.0703052575817773,26.0,25116738054.461617
2022-11-30,ada,0.319363497229938,10798837364.307833,64916.0,57945.0,0.548312526146,33813624468.58727,140627.5838336301,1.1203037363016655,29.0,25116738054.461617
2022-12-01,ada,0.31415358154835804,10623153922.48341,68926.0,66693.0,0.539805876012,33815160948.11154,138965.38054844356,1.033481774698994,27.0,25058875481.57253
2022-12-02,ada,0.31909459662375506,10791361349.78614,73145.0,73227.0,0.5491596598830001,33818690331.85245,142143.55939456512,0.9988801944637907,27.0,25058875481.57253
2022-12-03,ada,0.319212163792599,10795587468.801521,69855.0,58525.0,0.5498695483230001,33819473984.12961,142809.7728266314,1.1935924818453651,27.0,25058875481.57253
2022-12-04,ada,0.322565819206607,10909417905.637678,67740.0,53300.0,0.5558400051360001,33820749924.684597,145130.97850706617,1.2709193245778612,26.0,25058875481.57253
2022-12-05,ada,0.31932027812383607,10800430834.64638,65141.0,62934.0,0.55127381417,33823191242.674072,144660.9898598311,1.0350684844440208,26.0,25058875481.57253
2022-12-06,ada,0.318151107427402,10761383725.742676,63861.0,61134.0,0.549523359107,33824756458.52745,144405.8757126607,1.0446069290411228,25.0,25065309972.207035
2022-12-07,ada,0.31042407262534405,10500870988.050875,76067.0,76261.0,0.537113294313,33827502162.580513,140564.76900785972,0.9974561046930934,29.0,25065309972.207035
2022-12-08,ada,0.31475672302338603,10647730781.243807,62259.0,54592.0,0.545033271189,33828445915.205105,143055.53526256027,1.1404418229777258,25.0,25065309972.207035
2022-12-09,ada,0.31172377995491307,10545311904.653368,66249.0,59713.0,0.539857810705,33829026153.149487,142355.0581559063,1.1094569021821044,26.0,25065309972.207035
2022-12-10,ada,0.312387979609538,10568098881.634178,60666.0,49843.0,0.5415461259840001,33830043316.14656,143747.12776381755,1.2171418253315411,27.0,25065309972.207035
2022-12-11,ada,0.30730847032948605,10396543774.658316,64579.0,59136.0,0.5334374444950001,33830970436.680397,141766.86290620934,1.0920420725108224,26.0,25090595813.788586
2022-12-12,ada,0.30665115206988103,10375624419.639158,110522.0,89573.0,0.532928553744,33835269652.842247,139006.50719436028,1.2338762796824936,27.0,25090595813.788586
2022-12-13,ada,0.31226952935962204,10565974600.912523,73017.0,70241.0,0.5426247235630001,33836073031.462273,141790.0207980815,1.0395210774334078,27.0,25090595813.788586
2022-12-14,ada,0.30807667646260406,10424551266.729095,74050.0,64285.0,0.536144242984,33837521835.23209,139737.62065678777,1.1519016877965311,30.0,25090595813.788586
2022-12-15,ada,0.29958941716982007,10137797148.885384,91336.0,71712.0,0.521949013631,33838969495.837868,135210.86998215696,1.2736501561802767,31.0,25090595813.788586
2022-12-16,ada,0.26316546079496,8906129621.307371,70928.0,74066.0,0.472592777254,33842319534.120632,118694.47374697703,0.9576323819296303,29.0,25079111896.910088
2022-12-17,ada,0.267132120534996,9040735106.221369,84876.0,80045.0,0.48011075719400004,33843684121.981033,119013.8632797418,1.0603535511274909,28.0,25079111896.910088
2022-12-18,ada,0.267200851694249,9043322440.406475,60172.0,59475.0,0.48030742165,33844661733.168854,120681.1309753657,1.0117192097519967,26.0,25079111896.910088
2022-12-19,ada,0.252823290283002,8556935393.407289,61689.0,62252.0,0.455082050356,33845518677.60656,116407.88007919623,0.9909561138597957,29.0,25079111896.910088
2022-12-20,ada,0.25906447794388304,8768639047.26241,84799.0,64562.0,0.46700035294900005,33847322940.051315,120094.48872843626,1.3134506365973793,29.0,25079111896.910088
2022-12-21,ada,0.252799062871338,8556878561.61632,71287.0,65480.0,0.455903737731,33848537508.113075,117470.27102604182,1.0886835675015272,26.0,25226159003.727234
2022-12-22,ada,0.256379659389243,8678613839.281954,80906.0,77844.0,0.462750217241,33850633314.5011,119092.36744172452,1.0393350804172448,28.0,25226159003.727234
2022-12-23,ada,0.25934536443488404,8779176511.812206,69835.0,62815.0,0.46858306145800005,33851295283.191643,121418.66415617462,1.1117567460001592,27.0,25226159003.727234
2022-12-24,ada,0.259274642096927,8777079815.844116,57520.0,50536.0,0.47171235232000003,33852442124.143017,122767.27643298719,1.1381985119518758,29.0,25226159003.727234
2022-12-25,ada,0.25910621222290803,8771481419.05266,50068.0,40100.0,0.47165817733200005,33852841056.186607,124304.82828903456,1.2485785536159602,29.0,25226159003.727234
2022-12-26,ada,0.26477894806751806,8964203467.986952,57933.0,52619.0,0.48240102969500004,33855423678.551296,127604.5144469639,1.1009901366426575,28.0,25363740356.767788
2022-12-27,ada,0.260187534981204,8810018823.851484,68196.0,68083.0,0.47532331133100003,33860264768.21006,125184.35425647289,1.0016597388481707,27.0,25363740356.767788
2022-12-28,ada,0.24829250643393103,8407858852.492253,63442.0,54572.0,0.460082345055,33862716894.879505,119559.36824287228,1.162537565051675,28.0,25363740356.767788
2022-12-29,ada,0.24394639699201,8261390656.33779,67104.0,56461.0,0.45305383237200003,33865598173.226456,117585.40046291107,1.188501797701068,28.0,25363740356.767788
2022-12-30,ada,0.245158001225968,8302838271.689668,68971.0,54444.0,0.45590883867200005,33867294684.119827,118426.6014255801,1.2668246271398134,28.0,25363740356.767788
2022-12-31,ada,0.24585718154089503,8327283936.58708,62079.0,73120.0,0.45857798363600005,33870411612.125107,119247.63678490897,0.8490016411378556,25.0,25388654503.84814
2023-01-01,ada,0.249510492024522,8451539587.6589155,65895.0,64820.0,0.46573477653300005,33872481750.500072,121141.2996894462,1.0165843875347116,26.0,25388654503.84814
2023-01-02,ada,0.25380697395449303,8597584057.884974,79579.0,82349.0,0.47399390827000004,33874498891.533615,122330.49879478692,0.9663626759280622,27.0,25388654503.84814
2023-01-03,ada,0.252530981138719,8554974393.535183,70924.0,62038.0,0.47263859897700006,33876930089.76118,121288.90635043815,1.1432347915793546,26.0,25388654503.84814
2023-01-04,ada,0.26764004910168304,9067043606.22001,75698.0,58268.0,0.501002432383,33877753485.149075,128572.83551286646,1.2991350312349832,29.0,25388654503.84814
2023-01-05,ada,0.268886482975881,9109700818.250706,71179.0,62389.0,0.503334979272,33879355769.132668,128596.79934853497,1.1408902210325538,29.0,25107872285.168545
2023-01-06,ada,0.27851980052644504,9437357959.534004,91429.0,78916.0,0.521802960193,33883975005.35314,131552.14091796256,1.158561001571291,26.0,25107872285.168545
2023-01-07,ada,0.276830201704253,9380282263.329386,74573.0,59289.0,0.51882265391,33884605818.22881,129857.4712636312,1.257788122585977,25.0,25107872285.168545
2023-01-08,ada,0.294010452743215,9962616641.869946,90200.0,63872.0,0.550744043882,33885246422.075912,136193.88371017113,1.4121993987975952,25.0,25107872285.168545
2023-01-09,ada,0.316355212636079,10720393693.308214,81687.0,70416.0,0.5915276599760001,33887204209.40394,148645.7291735401,1.1600630538513974,25.0,25107872285.168545
2023-01-10,ada,0.322115709663021,10916229234.330906,90187.0,72248.0,0.6013525494350002,33889155067.136715,150085.0061335663,1.2482975307274942,26.0,25418973672.43577
2023-01-11,ada,0.320846426066628,10876089369.425983,84214.0,78389.0,0.599630176753,33898116001.352684,148790.54556146683,1.0743088953807294,26.0,25418973672.43577
2023-01-12,ada,0.329532942045072,11171163543.698603,81682.0,65455.0,0.615356940586,33899990314.688065,153551.59280350275,1.2479107783973722,30.0,25418973672.43577
2023-01-13,ada,0.345018907945765,11696536015.566486,71153.0,61355.0,0.6428445242070001,33901144969.727615,160755.26717076843,1.1596935865047673,31.0,25418973672.43577
2023-01-14,ada,0.35232013807574303,11944390093.029528,79921.0,70209.0,0.6562737993270001,33902093017.634098,164561.97522086895,1.1383298437522256,46.0,25418973672.43577
2023-01-15,ada,0.350168303707232,11872129022.935879,71819.0,64911.0,0.6528572635630001,33904065265.889694,162634.37099202807,1.1064226402304693,52.0,25427056571.856297
2023-01-16,ada,0.349942898209402,11865178520.91174,82324.0,79593.0,0.6526327203260001,33906041761.738358,160914.63476072345,1.034312062618572,45.0,25427056571.856297
2023-01-17,ada,0.34630272856388805,11742112436.300234,67769.0,58624.0,0.6455964981569999,33907074555.821697,160570.0932989023,1.1559941320960698,51.0,25427056571.856297
2023-01-18,ada,0.32747735101332803,11104152706.917286,65917.0,58944.0,0.6112372456449999,33908154874.77525,152245.45431978587,1.1182987242128122,52.0,25427056571.856297
2023-01-19,ada,0.338810367370458,11489039170.553467,64655.0,53187.0,0.6316233136520001,33909939827.759926,158786.06106632142,1.2156165980408746,45.0,25427056571.856297
2023-01-20,ada,0.36265004528606204,12297787998.569147,65409.0,63282.0,0.680966001149,33910896078.528072,170335.624485815,1.0336114534938845,51.0,25480925138.421432
2023-01-21,ada,0.36900963802333003,12514181462.467375,83313.0,80211.0,0.6927805396870002,33912885120.02548,171149.15154889633,1.0386729999625985,53.0,25480925138.421432
2023-01-22,ada,0.37655304767787007,12770947758.775633,63229.0,57885.0,0.7063857448680001,33915401395.717293,173545.17573601392,1.0923209812559385,53.0,25480925138.421432
2023-01-23,ada,0.375168986828031,12724215150.612541,62625.0,54224.0,0.703825012502,33915956801.741276,172517.27783442414,1.1549313956919445,50.0,25480925138.421432
2023-01-24,ada,0.35854733805262506,12160833206.751284,57365.0,50338.0,0.676627687121,33916952982.555412,165748.12265388915,1.1395963288171957,52.0,25480925138.421432
2023-01-25,ada,0.37296311897275203,12650177451.057611,71696.0,63947.0,0.7045899205880001,33918038560.75595,171727.74921972753,1.1211784759253758,51.0,25522388224.360752
2023-01-26,ada,0.379866219937695,12885414133.0085,84274.0,76254.0,0.715602667041,33920926517.556477,173477.01410843237,1.1051748105017443,54.0,25522388224.360752
2023-01-27,ada,0.388694168081103,13185530162.354004,63481.0,55462.0,0.7320421288110002,33922634413.18928,177987.32885397706,1.1445854819516066,55.0,25522388224.360752
2023-01-28,ada,0.381605535277907,12945337551.88496,71822.0,54296.0,0.7193054786,33923348471.497993,173928.09348320667,1.3227862089288345,52.0,25522388224.360752
2023-01-29,ada,0.396322387262458,13444777510.689928,66984.0,52782.0,0.746656202006,33923840647.907543,180544.01512982446,1.2690690007957257,55.0,25522388224.360752
2023-01-30,ada,0.371842851553325,12614925010.89396,65193.0,62095.0,0.7011713707670001,33925420263.41708,170577.1708153151,1.0498912955954585,61.0,25528807081.25227
2023-01-31,ada,0.390736723449631,13257932368.591902,89671.0,85305.0,0.7356510162740001,33930602303.115623,177663.37108642113,1.0511810562100699,51.0,25528807081.25227
2023-02-01,ada,0.39748745543692604,13488008799.910212,99379.0,135409.0,0.7466669816470001,33933168494.799232,178720.983554166,0.7339172433146984,56.0,25528807081.25227
2023-02-02,ada,0.398590102411277,13526022936.429111,80226.0,63145.0,0.7493013442500001,33934668358.805767,178460.64348409462,1.2705043946472405,60.0,25528807081.25227
2023-02-03,ada,0.404462457512455,13725728011.558784,92624.0,68115.0,0.764234638548,33935728166.15771,180993.6103760615,1.359817954929164,60.0,25528807081.25227
2023-02-04,ada,0.400713449659357,13599146791.67755,79089.0,66684.0,0.7577319351630001,33937335528.014008,178943.87829124727,1.1860266330754003,58.0,25527915779.761337
2023-02-05,ada,0.39249621012765906,13321539723.63591,85242.0,73767.0,0.7426001116840001,33940556315.952946,175700.37554431593,1.1555573630485176,58.0,25527915779.761337
2023-02-06,ada,0.38185781788427803,12960873883.30037,76430.0,65583.0,0.722969976556,33941622447.620445,171367.83694917551,1.1653934708689753,56.0,25527915779.761337
2023-02-07,ada,0.398994011069839,13543113365.082182,74811.0,60140.0,0.7540842768510001,33943149494.32067,180375.83020177315,1.243947455936149,54.0,25527915779.761337
2023-02-08,ada,0.39415279058298,13379518315.477247,72998.0,61003.0,0.7471045037180001,33944996496.61993,179152.75868232234,1.1966296739504614,58.0,25527915779.761337
2023-02-09,ada,0.36178814067109705,12281290653.385202,101648.0,74966.0,0.688218107921,33946085796.76014,162892.100674581,1.355921351012459,55.0,25470229362.73964
2023-02-10,ada,0.35817790222553203,12159335711.362373,84635.0,79933.0,0.682484819596,33947755112.223724,160251.14032114414,1.0588242653222073,48.0,25470229362.73964
2023-02-11,ada,0.36923836060612203,12535112671.256424,63719.0,55188.0,0.703331663132,33948565502.997715,166473.14450381263,1.154580705950569,49.0,25470229362.73964
2023-02-12,ada,0.363885140973139,12353620473.933748,67038.0,56042.0,0.693486676453,33949230355.755745,164435.71215267072,1.1962099853681167,50.0,25470229362.73964
2023-02-13,ada,0.359571468928517,12208148463.796227,54978.0,49284.0,0.686079780721,33951938679.04801,164639.66101198058,1.1155344533722913,48.0,25470229362.73964
2023-02-14,ada,0.38668317784116907,13129102745.21279,61933.0,62063.0,0.733665768141,33953126222.122852,177558.7895124567,0.9979053542368239,50.0,25488557413.704018
2023-02-15,ada,0.41196669020183607,13988331925.698223,64385.0,65036.0,0.7784219872310001,33955007184.79176,189319.1460382619,0.9899901592963897,53.0,25488557413.704018
2023-02-16,ada,0.388566348596967,13194331866.704113,63514.0,60534.0,0.731299739294,33956445055.898754,178671.62880485482,1.0492285327254105,62.0,25488557413.704018
2023-02-17,ada,0.403761784511981,13710665266.784166,54151.0,49845.0,0.759363364569,33957312932.31721,186679.99096986736,1.086387802186779,61.0,25488557413.704018
2023-02-18,ada,0.40611014994218403,13790663317.664877,63103.0,50977.0,0.76363930924,33957938060.962498,189632.85467138083,1.2378719814818449,60.0,25488557413.704018
2023-02-19,ada,0.40034662318209,13595357405.002817,55960.0,52170.0,0.752301923922,33958966100.28163,187616.99624543186,1.0726471152003068,60.0,25227525931.3274
2023-02-20,ada,0.40321836606405803,13693844236.524832,67138.0,64264.0,0.757499922538,33961360367.075478,188556.719872168,1.0447217726876634,58.0,25227525931.3274
2023-02-21,ada,0.391687217962442,13303035544.827509,60990.0,50995.0,0.73466467135,33963415028.016323,182849.5415348642,1.1959996078046868,60.0,25227525931.3274
2023-02-22,ada,0.38852869975485,13196314491.533066,52434.0,54032.0,0.727922633505,33964838375.79964,183114.10945458076,0.9704249333728161,59.0,25227525931.3274
2023-02-23,ada,0.38261109170225205,12995437544.551535,52767.0,47326.0,0.7173579375260001,33965135424.418343,183187.01817734548,1.1149685162489964,56.0,25227525931.3274
2023-02-24,ada,0.365636708705719,12419286306.94794,56238.0,52542.0,0.687808520678,33966191061.36727,175706.13743345073,1.070343725019984,53.0,25227033187.950768
2023-02-25,ada,0.361757975818999,12288179805.04417,63816.0,59823.0,0.6812316124000001,33967958210.802254,174557.39530496098,1.0667469033649266,52.0,25227033187.950768
2023-02-26,ada,0.36875751644765303,12526268296.932333,49996.0,45627.0,0.694854434649,33968848737.244656,179486.43129600203,1.0957547066429965,51.0,25227033187.950768
2023-02-27,ada,0.36459607042060005,12386460863.312382,52794.0,48132.0,0.6865988823950001,33973105768.867153,178616.49784068693,1.0968586387434556,50.0,25227033187.950768
2023-02-28,ada,0.35201239614558505,11959721715.217476,73332.0,59078.0,0.664671212673,33975285660.881058,173926.33928998993,1.2412742476048613,53.0,25227033187.950768
2023-03-01,ada,0.35993580599485103,12229489486.122223,69453.0,62530.0,0.679986615285,33976862769.5161,180657.44328310876,1.110714856868703,50.0,25226742158.734295
2023-03-02,ada,0.34967619362493,11882175334.563368,71291.0,69715.0,0.6618049206100001,33980509829.354977,176358.1631914296,1.022606325754859,51.0,25226742158.734295
2023-03-03,ada,0.342236403829123,11629708140.328878,60695.0,58123.0,0.6483546013660001,33981505211.630074,175582.70826528117,1.0442509849801282,50.0,25226742158.734295
2023-03-04,ada,0.33572259060437304,11408560460.56292,53274.0,45781.0,0.6365592600310002,33982105404.420513,174675.2820872698,1.1636705183373015,50.0,25226742158.734295
2023-03-05,ada,0.336493794027172,11434900146.01199,49350.0,42482.0,0.6382690000910001,33982499377.354393,178583.51442370127,1.161668471352573,47.0,25226742158.734295
2023-03-06,ada,0.330455251831242,11233017506.610384,52267.0,50608.0,0.6306991290150001,33992552529.76551,177827.25593206496,1.0327813784381916,48.0,25191424718.540848
2023-03-07,ada,0.329920760245826,11215251252.739645,62768.0,58325.0,0.6300962622880001,33993772457.310936,178763.1876747758,1.0761765966566652,49.0,25191424718.540848
2023-03-08,ada,0.31790168440265204,10807494449.072771,51055.0,46810.0,0.6063051854520001,33996342200.51529,174442.84708099486,1.0906857509079257,50.0,25191424718.540848
2023-03-09,ada,0.308761879039204,10497622025.19282,53608.0,47332.0,0.5968802734150002,33999087121.30852,174267.23988600043,1.1325952843742078,44.0,25191424718.540848
2023-03-10,ada,0.316508168297072,10761101875.348322,54922.0,48684.0,0.6119837162980001,33999444416.385612,181844.59245149005,1.1281324459781448,34.0,25191424718.540848
2023-03-11,ada,0.306504433619469,10421571219.294737,54762.0,52555.0,0.593546488326,34001371843.884365,177064.24112218397,1.0419941014175627,33.0,24933592431.8102
2023-03-12,ada,0.330704453527498,11245056053.56564,63729.0,61735.0,0.639882491449,34003340244.19364,191439.7733206773,1.0322993439701953,33.0,24933592431.8102
2023-03-13,ada,0.34443074279415403,11712876310.368011,58467.0,56857.0,0.6676202255,34006477515.18542,198981.99766186482,1.0283166540619448,49.0,24933592431.8102
2023-03-14,ada,0.34463629737135704,11720080580.061455,56531.0,49300.0,0.667633490392,34007098699.27798,199759.10264959047,1.1466734279918864,56.0,24933592431.8102
2023-03-15,ada,0.32460163800166103,11039023100.169966,58107.0,47812.0,0.6298538365340001,34007909412.069813,188872.82635554095,1.2153225131766083,50.0,24933592431.8102
2023-03-16,ada,0.32482136130680606,11046870159.45545,78119.0,65935.0,0.6318111034320001,34009063058.575344,187335.21880324205,1.1847880488359748,52.0,24723813844.048218
2023-03-17,ada,0.349629415380352,11891391759.835579,75898.0,70930.0,0.6801006443040001,34011423599.768253,199035.2887475588,1.0700408853799521,51.0,24723813844.048218
2023-03-18,ada,0.337967813378355,11495009842.271376,56727.0,51672.0,0.658023338009,34012143722.700336,193136.86962258266,1.09782861124013,64.0,24723813844.048218
2023-03-19,ada,0.34824583592316005,11844738833.072329,59148.0,54322.0,0.6780284498790001,34012578504.128487,198632.96072173593,1.0888406170612275,63.0,24723813844.048218
2023-03-20,ada,0.33345827684362805,11342221245.605434,64998.0,56057.0,0.651277410941,34013914283.268063,190449.97821753303,1.1594983677328434,66.0,24723813844.048218
2023-03-21,ada,0.371127068095496,12624214919.165987,72192.0,62723.0,0.7230650084400001,34015882980.320927,210561.75397033227,1.1509653556111794,68.0,24624938957.04313
2023-03-22,ada,0.36049540931940305,12263294601.666538,80614.0,70714.0,0.702466528424,34017893944.38896,201165.0523614275,1.1400005656588512,62.0,24624938957.04313
2023-03-23,ada,0.372355432038229,12667355145.101261,69251.0,52849.0,0.7231014482510001,34019525580.066544,205805.69365872577,1.3103559196957368,57.0,24624938957.04313
2023-03-24,ada,0.35992454274415203,12244767659.737652,51594.0,44285.0,0.69718931931,34020374288.401047,199477.46830714637,1.165044597493508,61.0,24624938957.04313
2023-03-25,ada,0.35167910263806507,11964410480.237186,46560.0,39607.0,0.6816172621670001,34020817246.42738,196886.92311066412,1.1755497765546494,64.0,24624938957.04313
2023-03-26,ada,0.35673585952103304,12136765859.574722,51603.0,46136.0,0.6916975596460001,34021715327.048985,199534.7591188187,1.1184974856944685,64.0,24636696730.20727
2023-03-27,ada,0.3454761649594171,11754452433.530012,54936.0,55810.0,0.6704632297710001,34023917206.881134,193006.58269007926,0.9843397240637879,64.0,24636696730.20727
2023-03-28,ada,0.368429305249282,12536511865.213907,48536.0,45988.0,0.7084135960950001,34026912861.156933,208885.29132049915,1.0554057580238323,59.0,24636696730.20727
2023-03-29,ada,0.38231660961786207,13009729038.13818,49239.0,46519.0,0.7343746682760001,34028678615.7207,219409.3586821847,1.0584707323889164,57.0,24636696730.20727
2023-03-30,ada,0.376506496737469,12812426976.923397,44371.0,40530.0,0.7241784704910001,34029763331.9652,219643.26384945467,1.094769306686405,60.0,24636696730.20727
2023-03-31,ada,0.39941392907260503,13593324850.801863,65744.0,62942.0,0.7689370701790001,34033176765.677803,232312.0515039046,1.0445171745416415,63.0,24548497878.81024
2023-04-01,ada,0.39390784537596,13407156008.886133,68587.0,69724.0,0.7567860173910002,34036275657.54588,227008.66384235173,0.9836928460788251,61.0,24548497878.81024
2023-04-02,ada,0.381366165227975,12980581265.496876,51629.0,48056.0,0.733120919801,34037055326.440083,219483.46365068312,1.074350757449642,63.0,24548497878.81024
2023-04-03,ada,0.38808682263041405,13210100397.6818,53060.0,48003.0,0.7452096999940001,34039033606.307606,223257.39842951458,1.105347582442764,63.0,24548497878.81024
2023-04-04,ada,0.38926045748791205,13250472172.396563,45684.0,42573.0,0.746269840726,34040118685.335613,226272.96623963208,1.0730744838277781,62.0,24548497878.81024
2023-04-05,ada,0.39230472932519606,13354476719.680481,49460.0,52047.0,0.75075921138,34041080113.03238,228271.06199654564,0.9502949257401964,62.0,24344075637.96988
2023-04-06,ada,0.38337916505093406,13051663221.57079,54309.0,58601.0,0.726984949333,34043746795.256348,222999.57236645505,0.9267589290285149,63.0,24344075637.96988
2023-04-07,ada,0.383489643312404,13055696332.595545,50146.0,50156.0,0.727039539489,34044456115.754658,223720.48567453463,0.9998006220591754,64.0,24344075637.96988
2023-04-08,ada,0.38588436173025104,13137407611.89057,45634.0,39420.0,0.731454338349,34044933961.522274,226385.33173542545,1.1576357179096906,61.0,24344075637.96988
2023-04-09,ada,0.389507193359491,13260910754.107195,40864.0,36373.0,0.7377263919529999,34045355208.288017,231775.06049595348,1.1234707062931295,61.0,24344075637.96988
2023-04-10,ada,0.396966405412551,13517447880.720795,52121.0,51215.0,0.7542368737470001,34051868612.59119,237198.44218899883,1.017690129844772,62.0,24343646388.23824
2023-04-11,ada,0.401449899122834,13671058413.086817,64680.0,72120.0,0.7648397581849999,34054208116.52465,238675.0281463532,0.8968386023294509,68.0,24343646388.23824
2023-04-12,ada,0.405009678822991,13792687880.934078,51778.0,49900.0,0.7714550084840001,34055205596.610336,241752.49590677966,1.037635270541082,65.0,24343646388.23824
2023-04-13,ada,0.42557867289128104,14493707785.50048,53985.0,49676.0,0.8076865720940001,34056471126.792263,257936.4628766258,1.0867420887350028,61.0,24343646388.23824
2023-04-14,ada,0.43830168503317407,14927933825.8953,55053.0,52423.0,0.827392062893,34058581875.55323,269231.1365099252,1.050168819029815,68.0,24343646388.23824
2023-04-15,ada,0.454313051741812,15473940744.748934,63108.0,58663.0,0.854766395341,34060084088.323395,277936.22928516177,1.0757717811908698,68.0,23852951996.364235
2023-04-16,ada,0.451929450893359,15393750092.494986,60476.0,62053.0,0.8503094971820001,34062285744.08049,276260.53548483126,0.9745862407941598,68.0,23852951996.364235
2023-04-17,ada,0.434526148742963,14801354436.609055,49586.0,49418.0,0.8173228977660001,34063207656.035812,268279.3398660367,1.0033995710065158,69.0,23852951996.364235
2023-04-18,ada,0.443504944647343,15107683328.709162,48706.0,48416.0,0.8330145572600001,34064295135.924976,278059.0550036722,1.0059897554527428,58.0,23852951996.364235
2023-04-19,ada,0.41442085004560103,14117128034.330452,49015.0,55601.0,0.7789122786350001,34064714728.462784,265339.06482867704,0.8815488930055215,63.0,23852951996.364235
2023-04-20,ada,0.400634241729357,13648128057.206303,60076.0,87401.0,0.7566142186260001,34066304463.37662,258113.65150673164,0.6873605565153716,52.0,23803294025.77496
2023-04-21,ada,0.382370966873287,13027809736.596628,65789.0,95445.0,0.714082140302,34071126903.61212,244042.37047015398,0.6892870239404892,50.0,23803294025.77496
2023-04-22,ada,0.39594180910325605,13490356240.942892,56166.0,69140.0,0.739366124802,34071562868.029423,251093.31909879541,0.8123517500723171,53.0,23803294025.77496
2023-04-23,ada,0.38875388913376907,13245825066.49527,45299.0,38226.0,0.726256221197,34072521038.979042,247579.40014957412,1.1850311306440642,56.0,23803294025.77496
2023-04-24,ada,0.38408930712741707,13087261921.923515,48365.0,41695.0,0.717709147346,34073486762.238796,245693.38745493256,1.159971219570692,53.0,23803294025.77496
2023-04-25,ada,0.393993724362501,13425111722.880157,50660.0,48479.0,0.736307859857,34074430359.52558,251677.58771861382,1.044988551744054,53.0,23823562870.111687
2023-04-26,ada,0.40102963970273103,13665954120.973223,68335.0,75717.0,0.7546549668000001,34077167291.43339,252958.4562739724,0.9025053818825363,56.0,23823562870.111687
2023-04-27,ada,0.409660762549576,13960551788.582481,45070.0,49647.0,0.7842672438380001,34078323004.861893,258292.13985886573,0.9078091324752754,59.0,23823562870.111687
2023-04-28,ada,0.40447299139560305,13783908698.06105,44890.0,44873.0,0.77433091207,34078687554.639263,258587.22099957013,1.00037884696811,64.0,23823562870.111687
2023-04-29,ada,0.40230144038158505,13710129608.311668,42576.0,38862.0,0.7704570139550001,34079245640.551373,261765.01447830698,1.0955689362359118,64.0,23823562870.111687
2023-04-30,ada,0.39799131636948304,13563917602.39518,46278.0,46604.0,0.7625631041400001,34080938564.505894,259921.81114372466,0.9930048922839241,60.0,23308171278.006084
2023-05-01,ada,0.38674920039965904,13181537515.793476,61189.0,59693.0,0.742109325216,34082908257.268368,251196.86438164164,1.0250615650076222,63.0,23308171278.006084
2023-05-02,ada,0.39150821638164407,13344051936.312994,66464.0,48944.0,0.751609975293,34083708535.26392,250747.58114458696,1.357960117685518,55.0,23308171278.006084
2023-05-03,ada,0.39419826108245604,13435968368.56521,60376.0,47530.0,0.756673855422,34084291319.98316,250638.65299916314,1.270271407532085,64.0,23308171278.006084
2023-05-04,ada,0.38735144729278503,13204569476.921513,61477.0,47063.0,0.739838092548,34089376893.280727,245151.3467079812,1.3062703185092324,64.0,23308171278.006084
2023-05-05,ada,0.394513234589402,13449243314.334808,61503.0,54762.0,0.7532352579430002,34090727851.83593,247827.64335383408,1.1230963076585954,61.0,23407071901.315784
2023-05-06,ada,0.379668450347651,12944207637.038935,74283.0,61661.0,0.725727142857,34093450812.640114,234107.54765444717,1.2046998913413665,60.0,23407071901.315784
2023-05-07,ada,0.37817816043829106,12893591322.53892,64198.0,48399.0,0.7237718164750001,34093960654.935345,229729.61983573023,1.3264323643050475,64.0,23407071901.315784
2023-05-08,ada,0.36545903483531506,12460101963.689632,98308.0,63836.0,0.7001777837990001,34094387540.054844,215667.44595735625,1.5400087724794786,60.0,23407071901.315784
2023-05-09,ada,0.36344093091350405,12391461063.265509,81497.0,57346.0,0.696809125246,34094841855.373127,212272.64370484676,1.4211453283576885,51.0,23407071901.315784
2023-05-10,ada,0.370205329212954,12622672534.619108,74372.0,59472.0,0.7100875277030001,34096409582.905117,213285.1553734446,1.2505380683346785,52.0,23152102274.859085
2023-05-11,ada,0.35964584341377304,12263718614.11802,84018.0,65933.0,0.69410533608,34099430978.293262,203531.15089047785,1.2742936010798842,52.0,23152102274.859085
2023-05-12,ada,0.36993594841417604,12615020016.180353,62239.0,48642.0,0.714533751994,34100551920.563076,208473.46954915213,1.2795320916080752,49.0,23152102274.859085
2023-05-13,ada,0.36513071644293604,12451323045.365835,54315.0,41962.0,0.705489221705,34101001325.4028,206841.68934222515,1.294385396310948,48.0,23152102274.859085
2023-05-14,ada,0.37043935152147306,12632495692.837593,54446.0,40566.0,0.715754627181,34101387017.748665,210604.77631352062,1.3421584578218213,48.0,23152102274.859085
2023-05-15,ada,0.367815929677428,12544772649.977564,64896.0,53142.0,0.7109010232640001,34106115689.38638,207253.00370624824,1.2211809867901096,50.0,23113327351.01009
2023-05-16,ada,0.3677217226178521,12546161601.034084,72221.0,60840.0,0.7099371309150001,34118630554.965748,204439.40615807776,1.1870644312952006,54.0,23113327351.01009
2023-05-17,ada,0.375275017993429,12804249516.62105,63866.0,49680.0,0.7244441418630001,34119642669.220387,206857.13043217256,1.285547504025765,50.0,23113327351.01009
2023-05-18,ada,0.372702995625389,12716750859.46242,58146.0,47346.0,0.719541211696,34120334445.189896,205672.58884947785,1.2281079711063236,51.0,23113327351.01009
2023-05-19,ada,0.36840483395622703,12578088495.536627,63537.0,47449.0,0.702315762745,34142028920.910213,203694.91892667138,1.33905877889945,48.0,23113327351.01009
2023-05-20,ada,0.36625280519843806,12504931491.762201,70332.0,53334.0,0.698504329472,34142896147.88603,200864.45606092722,1.3187085161435481,48.0,23094499841.875988
2023-05-21,ada,0.360750899516234,12317656109.237675,84700.0,67323.0,0.6883933559990001,34144491741.408318,193482.94111136693,1.258113868960088,52.0,23094499841.875988
2023-05-22,ada,0.36772464815550704,12558141950.903294,93214.0,63314.0,0.698323453473,34150938790.463085,192419.18578864916,1.4722494235082288,49.0,23094499841.875988
2023-05-23,ada,0.370266725523472,12645498644.591888,86073.0,54895.0,0.703901542525,34152403586.128513,190074.27025844855,1.5679570088350487,50.0,23094499841.875988
2023-05-24,ada,0.36425413651001404,12440384837.525038,74981.0,51764.0,0.6932298526920001,34153036549.477947,186326.44925189883,1.4485163434046828,50.0,23094499841.875988
2023-05-25,ada,0.358298987020309,12237553739.853483,66026.0,56696.0,0.6824111205560001,34154586485.50362,181256.71726874466,1.1645618738535346,51.0,22295045136.54965
2023-05-26,ada,0.362608493726914,12385316909.572445,86330.0,74168.0,0.690771421501,34156168771.104454,179510.261591299,1.1639790745334915,49.0,22295045136.54965
2023-05-27,ada,0.366624094088989,12522872782.89857,64706.0,50015.0,0.698417362389,34157255305.372673,179448.338258037,1.2937318804358693,48.0,22295045136.54965
2023-05-28,ada,0.383001531549797,13082634999.377853,110224.0,66759.0,0.729008398665,34158179332.702953,181528.84851339756,1.651073263530011,50.0,22295045136.54965
2023-05-29,ada,0.37908600393491304,12950866246.624498,87032.0,60409.0,0.721441967524,34163398574.97902,177428.223637322,1.4407124766177226,52.0,22295045136.54965
2023-05-30,ada,0.378061771932834,12917957784.707954,98604.0,73141.0,0.7174408532740001,34168907685.81316,174237.35884418606,1.3481357925103568,51.0,22038246193.166985
2023-05-31,ada,0.374156112850791,12785961055.779186,104459.0,81929.0,0.7108608203100001,34172797441.045883,168870.94478725607,1.274994202297111,51.0,22038246193.166985
2023-06-01,ada,0.364687181776266,12462709608.676163,103288.0,88141.0,0.693530390222,34173697984.049194,161418.08177897477,1.1718496499926254,52.0,22038246193.166985
2023-06-02,ada,0.37807610958322,12921160096.55616,87282.0,68459.0,0.718618347133,34176081929.11228,165383.81806102526,1.2749528915117077,50.0,22038246193.166985
2023-06-03,ada,0.375598834502514,12836630034.199886,96686.0,65027.0,0.713974681605,34176437344.919308,162636.33099679675,1.4868593045965521,53.0,22038246193.166985
2023-06-04,ada,0.37818242362554505,12925300868.6002,97954.0,82976.0,0.7191291207260001,34177423542.554974,161296.08990690843,1.1805100269957578,52.0,22759595184.076733
2023-06-05,ada,0.351946587750923,12030121357.239305,105674.0,85572.0,0.671123115897,34181667832.373398,149633.82550479384,1.234913289393727,53.0,22759595184.076733
2023-06-06,ada,0.3535826783766,12086406716.966125,101466.0,72288.0,0.674908377741,34182688961.06083,149012.07574833176,1.4036354581673307,44.0,22759595184.076733
2023-06-07,ada,0.32187071095876,11002937090.027243,98573.0,77867.0,0.6164328594380001,34184337733.783443,134223.7830375808,1.2659149575558324,53.0,22759595184.076733
2023-06-08,ada,0.32284771292853304,11037102297.24586,72831.0,56973.0,0.6189449231540001,34186713596.72627,135299.99957220984,1.2783423727028593,50.0,22759595184.076733
2023-06-09,ada,0.293454339182996,10032735044.759928,82191.0,74656.0,0.566757126392,34188402436.617527,121922.79485466609,1.100929597085298,50.0,22842302638.51472
2023-06-10,ada,0.27617637197425104,9443201532.704231,111985.0,104780.0,0.540231908746,34192648216.787563,111956.24673838484,1.068763122733346,49.0,22842302638.51472
2023-06-11,ada,0.272095933767994,9304095867.315275,64033.0,56373.0,0.533759368345,34194174600.376534,109861.08281280292,1.135880652085218,47.0,22842302638.51472
2023-06-12,ada,0.27522499717341803,9412538323.340717,66791.0,54977.0,0.5413987148570001,34199431083.688667,111052.80540599741,1.2148898630336322,47.0,22842302638.51472
2023-06-13,ada,0.274347391195411,9382701927.921268,64513.0,50211.0,0.5410798279610001,34200077088.534065,111061.5037693117,1.2848379837087491,45.0,22842302638.51472
2023-06-14,ada,0.262616150458827,8981785800.836395,65847.0,54547.0,0.5196592822,34201193586.70045,106226.9649067147,1.2071607971107485,46.0,22760011177.229523
2023-06-15,ada,0.261406848234901,8940702694.03565,77169.0,63245.0,0.5180038944650001,34202251220.29514,104898.20680276197,1.2201596964186892,41.0,22760011177.229523
2023-06-16,ada,0.262981640673599,8994750430.220015,65004.0,52077.0,0.521693443426,34202959595.129665,105467.49874628152,1.248228584595887,47.0,22760011177.229523
2023-06-17,ada,0.266761891710999,9124324323.091122,63620.0,48245.0,0.529380354814,34204002170.505344,107288.37262627429,1.3186858741838532,47.0,22760011177.229523
2023-06-18,ada,0.260766979275989,8919353689.599346,51203.0,41080.0,0.5177967785700001,34204306520.57113,106374.59096473774,1.2464216163583253,49.0,22760011177.229523
2023-06-19,ada,0.262808125683808,8989505004.60622,71744.0,54228.0,0.522440635985,34205582423.35989,108200.71802298604,1.3230065648742346,47.0,22729170693.67572
2023-06-20,ada,0.269678880867441,9225041129.474964,75960.0,61945.0,0.537125323085,34207503011.737415,111520.51986779027,1.226249091936395,49.0,22729170693.67572
2023-06-21,ada,0.28755096958111304,9836922477.942528,71759.0,56010.0,0.598221807372,34209317715.99437,119083.14189663554,1.2811819317978932,59.0,22729170693.67572
2023-06-22,ada,0.29032774323020105,9933618885.51992,69674.0,51361.0,0.595651502634,34215189960.828335,120064.35667177952,1.356554584217597,65.0,22729170693.67572
2023-06-23,ada,0.29594042022502504,10125748522.245613,64866.0,46307.0,0.6071079350390001,34215496871.114365,123531.11604743468,1.4007817392618827,65.0,22729170693.67572
2023-06-24,ada,0.289644298056606,9910602339.399147,75892.0,57476.0,0.5944037446360001,34216459311.974064,120319.98344689475,1.3204119980513607,62.0,22735339826.891193
2023-06-25,ada,0.29207784207708803,9994293998.732996,77699.0,66808.0,0.599555586732,34217912347.131096,123071.66638938793,1.1630193988743862,64.0,22735339826.891193
2023-06-26,ada,0.28009348821859703,9584370199.645037,69509.0,51748.0,0.5759004063140001,34218468485.65427,118940.39806746207,1.343220994048079,55.0,22735339826.891193
2023-06-27,ada,0.286074031476625,9789303887.69056,76791.0,53996.0,0.5886213513940001,34219477514.827972,122669.52232162075,1.4221609008074672,59.0,22735339826.891193
2023-06-28,ada,0.267226936462864,9144585381.168697,77295.0,54372.0,0.550887271667,34220297931.827328,116000.77319507848,1.4215956742440963,62.0,22735339826.891193
2023-06-29,ada,0.275637557050452,9432662200.902159,79896.0,56385.0,0.5681849347260001,34221251638.707664,120936.71645599398,1.4169725990955042,54.0,22754191715.16415
2023-06-30,ada,0.287142026421017,9827723991.82288,80974.0,65084.0,0.5929525847320001,34226003467.054836,126366.82500820428,1.2441460266732223,56.0,22754191715.16415
2023-07-01,ada,0.291856329907621,9989336966.469713,66916.0,48943.0,0.6029531119590001,34226898452.50764,130225.18788094955,1.367223096254827,59.0,22754191715.16415
2023-07-02,ada,0.29168351717713104,9983577957.569643,66928.0,51322.0,0.602830367533,34227432712.651035,132057.722335026,1.304080121585285,63.0,22754191715.16415
2023-07-03,ada,0.295962584714303,10130440353.770945,77160.0,61885.0,0.6129210134780001,34228787275.763275,135830.0167771733,1.2468287953462067,62.0,22754191715.16415
2023-07-04,ada,0.293267623641541,10038469451.511263,78077.0,58990.0,0.6078110778870001,34229722759.2406,136121.43185738553,1.32356331581624,64.0,22738857806.90147
2023-07-05,ada,0.28444175511582004,9736999817.32086,88295.0,79342.0,0.590140701717,34231963634.720627,132693.99183157977,1.112840614050566,61.0,22738857806.90147
2023-07-06,ada,0.280193188448756,9591865611.94278,72425.0,49854.0,0.582067428852,34233043512.037476,130741.9653699503,1.4527420066594456,56.0,22738857806.90147
2023-07-07,ada,0.284487580595477,9738976802.965157,78897.0,58388.0,0.59064656874,34233398809.81783,132960.37122963447,1.3512536822634789,55.0,22738857806.90147
2023-07-08,ada,0.29033973878087005,9939418376.635857,79526.0,54710.0,0.602802778385,34233751185.322582,137879.02703482995,1.453591665143484,58.0,22738857806.90147
2023-07-09,ada,0.284365754388684,9735136333.538895,74270.0,56267.0,0.5907233675620001,34234559482.96949,134363.78830733427,1.3199566353279897,55.0,22773418178.32028
2023-07-10,ada,0.287824690478627,9854350887.206453,94345.0,77291.0,0.5980025572340001,34237336869.25725,134186.64466635964,1.220646647086983,56.0,22773418178.32028
2023-07-11,ada,0.292679731114436,10020783892.969278,89122.0,70400.0,0.608302611133,34238052135.736084,134839.22247795257,1.2659375,57.0,22773418178.32028
2023-07-12,ada,0.28850909422383203,9878169287.097689,79438.0,51116.0,0.600183578025,34238675608.034653,132057.68187734621,1.5540730886610845,64.0,22773418178.32028
2023-07-13,ada,0.35503023792654703,12156046486.736876,89159.0,62812.0,0.7284489310740001,34239468045.681976,161584.7853674878,1.4194580653378335,57.0,22773418178.32028
2023-07-14,ada,0.328582573915131,11251039852.784416,87599.0,72346.0,0.6767603732590001,34241133723.94005,147967.75252964537,1.2108340474939872,60.0,22711253346.600456
2023-07-15,ada,0.32588650416172404,11159209549.914307,72346.0,57324.0,0.670198507945,34242625599.42173,146160.9987054707,1.2620542879073338,56.0,22711253346.600456
2023-07-16,ada,0.31482994960841,10780740913.689556,64898.0,49186.0,0.648236912936,34243060188.837803,140305.0698517786,1.319440491196682,57.0,22711253346.600456
2023-07-17,ada,0.312459143259695,10699771636.31483,75489.0,53470.0,0.6436828676840001,34243746317.328606,139009.33127791336,1.4118010099121003,54.0,22711253346.600456
2023-07-18,ada,0.306692547191561,10502582682.785563,70315.0,53048.0,0.6323612358230001,34244662216.149715,136805.81845493763,1.3254976624943446,56.0,22711253346.600456
2023-07-19,ada,0.323188094402807,11069731678.029362,76845.0,54872.0,0.666265489613,34251669135.53613,143853.09094153848,1.4004410263886864,50.0,22676707531.012127
2023-07-20,ada,0.316092043273259,10833036942.406052,82785.0,67645.0,0.6585570241070001,34271779922.7897,139925.75477203832,1.2238155074284869,56.0,22676707531.012127
2023-07-21,ada,0.313136481655455,10732011667.666466,66969.0,52751.0,0.652665223117,34272632849.834885,138486.5045185685,1.269530435441982,50.0,22676707531.012127
2023-07-22,ada,0.308548605443619,10574899382.11661,66883.0,50049.0,0.6437251195260001,34273042222.674892,137028.04251624248,1.3363503766309017,52.0,22676707531.012127
2023-07-23,ada,0.317054308485187,10866764061.718515,69413.0,45581.0,0.660926443232,34274140962.276875,141352.01200805476,1.5228494328777342,54.0,22676707531.012127
2023-07-24,ada,0.305226767668552,10461865322.111988,75694.0,55141.0,0.6374658331680001,34275713765.29009,135695.3000667681,1.3727353511905842,55.0,22732516900.65616
2023-07-25,ada,0.30385745102801803,10415312960.396708,74694.0,57651.0,0.63498306771,34276970747.827194,135222.84896601716,1.2956236665452463,50.0,22732516900.65616
2023-07-26,ada,0.30661777648403205,10510510083.967184,68757.0,47891.0,0.640875148949,34278867339.299713,137001.1765436586,1.435697730262471,51.0,22732516900.65616
2023-07-27,ada,0.30740435372351205,10537868122.810349,74939.0,50536.0,0.6417559710740001,34280152493.50827,137675.48050059294,1.482883488997942,51.0,22732516900.65616
2023-07-28,ada,0.310222525198576,10634698626.875229,72438.0,42944.0,0.647610066109,34280871835.685917,139496.15508155842,1.6868014157973175,52.0,22732516900.65616
2023-07-29,ada,0.31283069502823,10724740962.903091,62044.0,45502.0,0.652932938006,34282892098.98436,140999.05949585,1.3635444595841941,52.0,22579357645.295975
2023-07-30,ada,0.31426496317744607,10774548825.489527,65636.0,51878.0,0.6561496947590001,34284919058.590076,141739.87323861066,1.2651991210146882,52.0,22579357645.295975
2023-07-31,ada,0.307358326984925,10538809402.90581,63918.0,44011.0,0.643132669404,34288348411.730865,139506.63349812155,1.4523187384971938,50.0,22579357645.295975
2023-08-01,ada,0.309168898428802,10601330434.382687,57234.0,36920.0,0.647197548394,34289770052.093548,141730.84362848225,1.5502166847237269,53.0,22579357645.295975
2023-08-02,ada,0.299008860500627,10254428768.327547,57575.0,35416.0,0.6266331853160001,34294732106.46226,139133.85899333432,1.625677659814773,53.0,22579357645.295975
2023-08-03,ada,0.292540282032105,10033575713.07821,84386.0,48727.0,0.6140248254230001,34298099541.645584,135352.77752327258,1.7318119317832004,52.0,22632865782.29296
2023-08-04,ada,0.29336229917075,10065617342.430246,70998.0,45102.0,0.6160926057750001,34311216440.840633,136303.73895244117,1.5741652254888918,54.0,22632865782.29296
2023-08-05,ada,0.293443026820639,10068772406.342672,65775.0,38268.0,0.61652611978,34312529131.922436,137259.283696109,1.718798996550643,50.0,22632865782.29296
2023-08-06,ada,0.29177231994061,10012177937.202087,53701.0,31805.0,0.61418392292,34315036941.270023,137868.4329614553,1.6884452130168213,49.0,22632865782.29296
2023-08-07,ada,0.28997540883050904,9950892877.459637,81859.0,38761.0,0.6106798245510001,34316333642.194973,137871.12659148424,2.1118908180903486,49.0,22632865782.29296
2023-08-08,ada,0.29755980208597,10211829417.946695,68259.0,40579.0,0.6268310166840001,34318578471.82035,142962.3237178082,1.6821262229231868,54.0,22662176862.96544
2023-08-09,ada,0.30141137002664903,10345337654.21574,60757.0,41977.0,0.6345563917070001,34322984077.54514,146196.91693253932,1.4473878552540678,50.0,22662176862.96544
2023-08-10,ada,0.296003030413866,10160683829.478975,60850.0,36160.0,0.623529702569,34326283130.522324,145668.70956358206,1.6827986725663717,53.0,22662176862.96544
2023-08-11,ada,0.29319929230801406,10064689349.82802,51347.0,31539.0,0.6183549172110001,34327127022.035183,147021.44913887104,1.628047813817813,51.0,22662176862.96544
2023-08-12,ada,0.29176506272734204,10015636927.75131,43488.0,27708.0,0.6156749941240001,34327745872.407776,148541.23686643405,1.5695106106539627,54.0,22662176862.96544
2023-08-13,ada,0.28919637571733603,9928201899.032068,50398.0,33492.0,0.6108835286409999,34330311754.06259,148384.12912509777,1.5047772602412517,54.0,22686201305.546085
2023-08-14,ada,0.29055249129897,9976633733.812307,57853.0,43575.0,0.61463021041,34336768854.43272,150524.96998439744,1.3276649454962708,50.0,22686201305.546085
2023-08-15,ada,0.281565865417699,9669690414.172731,52905.0,36615.0,0.5968141352630001,34342552140.785538,147275.52850132535,1.4448996312986482,53.0,22686201305.546085
2023-08-16,ada,0.274211201834066,9418153702.403286,50243.0,34926.0,0.5832908661790001,34346349235.22385,145550.6097629493,1.4385558036992498,52.0,22686201305.546085
2023-08-17,ada,0.25746411043633904,8843568666.388594,51804.0,35439.0,0.5488481189400001,34348743408.9392,139048.49440390596,1.4617793955811393,50.0,22686201305.546085
2023-08-18,ada,0.26374432603886205,9060548068.589731,55236.0,41850.0,0.5623615851570001,34353527921.03169,143404.91798044211,1.3198566308243727,37.0,22674711468.93431
2023-08-19,ada,0.26838107403044004,9220167815.088736,46893.0,36108.0,0.5722325326650001,34354761595.607063,147599.09920363605,1.298687271518777,39.0,22674711468.93431
2023-08-20,ada,0.27069283722326704,9299789216.876158,51967.0,28129.0,0.577265268681,34355505347.95166,150373.5736549994,1.8474528067119342,37.0,22674711468.93431
2023-08-21,ada,0.263230876695689,9043799857.481546,53770.0,30770.0,0.5621613861120001,34356911206.64668,148109.5170971942,1.7474813129671758,38.0,22674711468.93431
2023-08-22,ada,0.25796465208533303,8863152374.052668,49044.0,30338.0,0.551526988415,34358011077.89293,147361.8537388943,1.616586459226053,37.0,22674711468.93431
2023-08-23,ada,0.267792004071234,9201274476.215307,46845.0,34189.0,0.5726147506220001,34359780487.574684,155000.3461359534,1.370177542484425,37.0,22695615637.52208
2023-08-24,ada,0.265453491281597,9121321098.084978,49147.0,36418.0,0.568501602525,34361277578.40994,156075.33182983028,1.349524960184524,41.0,22695615637.52208
2023-08-25,ada,0.26097369292606704,8967583276.007973,50435.0,30698.0,0.5599953014650001,34362020077.43539,155536.09044797326,1.6429409082024888,39.0,22695615637.52208
2023-08-26,ada,0.26087441655418003,8964314029.750578,40461.0,26556.0,0.559899732605,34362564747.27492,157586.20932468947,1.5236104835065523,38.0,22695615637.52208
2023-08-27,ada,0.263211769726073,9044803422.797762,39730.0,25589.0,0.5649875526170001,34363217998.23304,161630.00299853424,1.5526202665207707,38.0,22695615637.52208
2023-08-28,ada,0.267468743281408,9191340037.729643,55503.0,35468.0,0.574266714495,34364165042.11594,165135.47068902504,1.5648753806247886,39.0,22739705233.017048
2023-08-29,ada,0.272026578817735,9348586187.082043,60732.0,42956.0,0.5843452898060001,34366443998.642654,167584.47441280365,1.413818791321352,39.0,22739705233.017048
2023-08-30,ada,0.265806108311948,9135143978.154266,73797.0,36592.0,0.57154460906,34367697703.29481,162075.01372674745,2.0167522955837343,49.0,22739705233.017048
2023-08-31,ada,0.255087187526006,8767705034.953638,55662.0,33981.0,0.550538632544,34371405008.570946,158439.64956717272,1.6380330184514875,52.0,22739705233.017048
2023-09-01,ada,0.255214163121116,8772206523.584785,51930.0,31186.0,0.55098500507,34371942435.74089,160496.09718063814,1.6651702687103187,40.0,22739705233.017048
2023-09-02,ada,0.25624004566770103,8807673940.835669,44866.0,30718.0,0.55314320736,34372745750.51277,163377.1521246353,1.460576860472687,39.0,22870877219.041008
2023-09-03,ada,0.255585430396429,8785560000.481745,46644.0,35460.0,0.55198191846,34374259858.45434,163732.41926451493,1.3153976311336717,40.0,22870877219.041008
2023-09-04,ada,0.255998364954285,8799947735.074675,45101.0,29766.0,0.553763022268,34375015389.82926,168113.58690759286,1.5151851105287912,40.0,22870877219.041008
2023-09-05,ada,0.257504382846782,8851851569.317411,44812.0,28080.0,0.557118348419,34375537501.37279,171854.39387949655,1.595868945868946,40.0,22870877219.041008
2023-09-06,ada,0.25769296591651303,8858474271.772484,43979.0,26691.0,0.5592047949210001,34376081008.910576,174007.27606569018,1.6477089655689183,42.0,22870877219.041008
2023-09-07,ada,0.257429612986078,8849733571.039568,56835.0,34988.0,0.55874574577,34377294315.08009,174326.6027654659,1.6244140848290842,41.0,22726035890.487095
2023-09-08,ada,0.254333700748629,8743681189.109095,59369.0,39256.0,0.5526350240350001,34378775456.70175,171270.9395683614,1.5123547992663542,46.0,22726035890.487095
2023-09-09,ada,0.253339132772421,8709626864.551844,49890.0,29491.0,0.550628605976,34379319014.94213,169843.21646706492,1.6917025533213523,41.0,22726035890.487095
2023-09-10,ada,0.24904615731794302,8562141543.686129,41823.0,26331.0,0.541410039646,34379737619.30135,167970.28971496166,1.5883559302723027,40.0,22726035890.487095
2023-09-11,ada,0.24145232303406003,8303681757.526237,43829.0,29694.0,0.525480115517,34390564783.90102,164516.37019493664,1.4760220920051188,40.0,22726035890.487095
2023-09-12,ada,0.24576266082155004,8452540028.113535,46767.0,33147.0,0.5352334523150001,34393101050.65547,168196.12397231424,1.4108969137478504,30.0,22679217241.348022
2023-09-13,ada,0.24877290374782204,8556542496.413642,47671.0,34866.0,0.541567311361,34394993857.88133,170577.44795070705,1.367263236390753,41.0,22679217241.348022
2023-09-14,ada,0.25128875059210903,8643215985.181469,42647.0,28763.0,0.547468281527,34395554774.40018,173436.03921862505,1.4827034732121127,45.0,22679217241.348022
2023-09-15,ada,0.250848812718796,8628166558.137459,51987.0,28504.0,0.546675296376,34395883578.72644,173538.11957154248,1.823849284310974,45.0,22679217241.348022
2023-09-16,ada,0.25011735577911104,8603119669.148844,40350.0,23645.0,0.545231500338,34396332243.11957,173851.44897251044,1.7064918587439204,43.0,22679217241.348022
2023-09-17,ada,0.24680059276045302,8489213731.364084,45069.0,30871.0,0.538162072991,34397055681.32,172407.95424527858,1.459913834990768,46.0,22701589918.366356
2023-09-18,ada,0.25157963748350204,8653979480.200579,51160.0,37776.0,0.5486330024330001,34398568845.89114,176087.5421544572,1.35429902583651,46.0,22701589918.366356
2023-09-19,ada,0.25518933064827504,8778445713.804382,45832.0,31128.0,0.556819245717,34399736429.04228,179038.03191301943,1.472372140837831,46.0,22701589918.366356
2023-09-20,ada,0.251425372608313,8649116265.038435,38020.0,25580.0,0.548851916016,34400331896.942635,177541.59341978887,1.4863174354964817,47.0,22701589918.366356
2023-09-21,ada,0.24546215523146703,8444067760.007779,43184.0,25860.0,0.536419414138,34400691023.20541,174093.5930226884,1.6699149265274555,47.0,22701589918.366356
2023-09-22,ada,0.244915552509185,8425560742.387565,45246.0,32897.0,0.535554391955,34401901619.01451,174378.29721342353,1.3753837735963765,43.0,22737914126.99512
2023-09-23,ada,0.24602701249900602,8464332344.952579,44351.0,33183.0,0.5382728789710001,34404077255.48745,174678.4722562528,1.336557876020854,47.0,22737914126.99512
2023-09-24,ada,0.24291725240684303,8357475495.813598,41270.0,26486.0,0.5317281435010001,34404618910.37825,172277.72558486013,1.5581816808880162,44.0,22737914126.99512
2023-09-25,ada,0.24554303116001702,8448189441.913883,87294.0,42515.0,0.537726576626,34406146254.69991,170165.0324207162,2.0532517934846526,47.0,22737914126.99512
2023-09-26,ada,0.245304568814882,8440139752.773423,54292.0,31846.0,0.535736845849,34406777637.89527,170794.13264631547,1.7048294919299127,46.0,22737914126.99512
2023-09-27,ada,0.24477925609014,8422589995.24829,55278.0,37483.0,0.5354788290370001,34408920632.33769,172751.0807298145,1.4747485526772137,44.0,22801871441.552063
2023-09-28,ada,0.24899210834434302,8568110683.340412,59822.0,37700.0,0.55463742206,34411173672.5855,175201.8881907136,1.586790450928382,46.0,22801871441.552063
2023-09-29,ada,0.24930328782225403,8579395799.651002,61449.0,33108.0,0.555710200108,34413488384.34839,174221.52320414092,1.8560166727075027,48.0,22801871441.552063
2023-09-30,ada,0.25394172405375803,8739125894.830935,47096.0,27795.0,0.5658743083710001,34413903140.15869,177178.6054226668,1.694405468609462,47.0,22801871441.552063
2023-10-01,ada,0.26611168772536503,9158070788.521994,59952.0,29605.0,0.5924412815600001,34414387683.61572,183900.3009080167,2.025063333896301,48.0,22801871441.552063
2023-10-02,ada,0.25925422631617,8922665479.908379,68389.0,41363.0,0.577962316894,34416663545.63825,176229.9174327288,1.6533858762662283,50.0,22514867910.78004
2023-10-03,ada,0.261106948619012,8986967325.095514,68291.0,42629.0,0.5816856358320001,34418721419.04823,174608.11294284282,1.6019845644983461,50.0,22514867910.78004
2023-10-04,ada,0.25951349119105505,8932287858.9797,53749.0,31716.0,0.5781823498870001,34419358384.73889,172377.13937952928,1.6946966830621768,49.0,22514867910.78004
2023-10-05,ada,0.260221368600533,8970514001.027437,54340.0,29977.0,0.58017694072,34472626323.00622,173413.03783977145,1.8127230877005704,48.0,22514867910.78004
2023-10-06,ada,0.26466931484370904,9124019040.126408,51230.0,28963.0,0.590199301645,34473278647.78836,177377.23767462908,1.7688084797845527,50.0,22514867910.78004
2023-10-07,ada,0.258702206681362,8919548299.8897,48150.0,33581.0,0.5771033744430001,34478052639.40295,173611.92571688173,1.4338465203537716,49.0,22955109945.06862
2023-10-08,ada,0.256463017367825,8842744373.106361,54699.0,37054.0,0.572230641499,34479608264.23523,170590.08831868655,1.476196901818967,50.0,22955109945.06862
2023-10-09,ada,0.25158600557929406,8674725943.648043,53467.0,33068.0,0.561949721921,34480160864.567535,166244.81977516555,1.6168803677271077,50.0,22955109945.06862
2023-10-10,ada,0.249231205766537,8593669241.710957,53822.0,30653.0,0.557691571255,34480711254.75726,163900.00099986364,1.7558477147424396,50.0,22955109945.06862
2023-10-11,ada,0.24768621520846204,8540459976.306299,51544.0,28055.0,0.555019255298,34480966044.55088,162456.609014101,1.8372482623418285,47.0,22955109945.06862
2023-10-12,ada,0.24572574586234303,8473301322.375377,57155.0,36579.0,0.5511914340080001,34482757566.32425,159606.0224007934,1.5625085431531753,45.0,22940355522.69634
2023-10-13,ada,0.245876197771626,8478869996.865737,68715.0,39003.0,0.5520029167330001,34484305816.13701,157933.6302382629,1.7617875548034767,44.0,22940355522.69634
2023-10-14,ada,0.24702066078950402,8518441168.445857,62009.0,29738.0,0.5548248251460001,34484731524.96647,156416.98678021738,2.0851772143385565,47.0,22940355522.69634
2023-10-15,ada,0.24703889350997701,8519231748.540891,53679.0,26620.0,0.5550358781910001,34485386602.48181,155553.19351617064,2.01649135987979,45.0,22940355522.69634
2023-10-16,ada,0.25159690448828603,8689150958.733658,54208.0,29381.0,0.565614228253,34536001054.56867,158341.03585444792,1.845001871958068,47.0,22940355522.69634
2023-10-17,ada,0.24665919405909,8518862462.917895,52311.0,34417.0,0.554977737173,34536975179.1093,154586.06217041804,1.5199174826393933,52.0,22988928834.088223
2023-10-18,ada,0.24316056414202902,8398505301.625308,55893.0,38256.0,0.5474491219650001,34538928346.62029,150656.93401212044,1.461025721455458,50.0,22988928834.088223
2023-10-19,ada,0.24661102436065302,8517800794.488011,47047.0,28538.0,0.555146665601,34539416137.50108,152419.7009650527,1.6485738313827178,52.0,22988928834.088223
2023-10-20,ada,0.251408649031085,8683779044.02031,58670.0,32329.0,0.565882385886,34540494439.97696,154068.00604279424,1.8147793003185995,53.0,22988928834.088223
2023-10-21,ada,0.25844161145107203,8926856831.384245,45427.0,26708.0,0.58146426978,34541097237.64152,158272.79267015622,1.7008761419799312,63.0,22988928834.088223
2023-10-22,ada,0.263857075880267,9114143091.576458,46485.0,32679.0,0.5933485919190001,34541969591.56885,161061.51204801933,1.4224731478931423,53.0,23004649208.045948
2023-10-23,ada,0.27908129458642,9640886024.71764,61950.0,44744.0,0.6268232739380001,34545081349.87977,173139.3233563916,1.384543178973717,53.0,23004649208.045948
2023-10-24,ada,0.279103408859458,9642139371.54185,62574.0,43061.0,0.6274972526420001,34546834848.57446,172246.8611434928,1.4531478600125403,66.0,23004649208.045948
2023-10-25,ada,0.28041881746117203,9687819079.728443,63306.0,37621.0,0.630254733813,34547678245.84333,172180.99592707536,1.6827303899417878,72.0,23004649208.045948
2023-10-26,ada,0.287547439738296,9935348487.088491,61140.0,35745.0,0.645442458549,34552032513.76849,176432.7172580495,1.7104490138480906,71.0,23004649208.045948
2023-10-27,ada,0.28918032930487003,9992348810.91008,53418.0,34484.0,0.646578309501,34554040501.05908,178353.358227673,1.5490662336155898,70.0,23045467808.136013
2023-10-28,ada,0.29094432387974206,10053926057.215488,55842.0,39031.0,0.6502685742510002,34556185606.738785,178457.5030029463,1.4307089236760524,65.0,23045467808.136013
2023-10-29,ada,0.295683946085726,10218026689.446142,50644.0,32415.0,0.6607187131990001,34557258940.54352,182446.84342513044,1.5623631035014653,72.0,23045467808.136013
2023-10-30,ada,0.302729541236674,10463214977.218937,58031.0,40464.0,0.675466627889,34562913597.64852,188066.999377409,1.4341389877421906,68.0,23045467808.136013
2023-10-31,ada,0.292520275966666,10111544559.2799,53393.0,37584.0,0.6522925054470001,34566986940.8716,183500.9492914225,1.4206311196253725,66.0,23045467808.136013
2023-11-01,ada,0.30716040557163704,10618096504.63115,58259.0,44151.0,0.6837546149550001,34568571703.994446,192132.0699709916,1.3195397612738102,66.0,23036424585.723137
2023-11-02,ada,0.32347155313602,11185690356.705395,73718.0,52096.0,0.7212597301260001,34580136176.617065,199899.23958201762,1.415041461916462,72.0,23036424585.723137
2023-11-03,ada,0.328153066258276,11347847991.412102,52689.0,35222.0,0.729782002153,34580959796.61111,202608.4851279863,1.4959116461302595,65.0,23036424585.723137
2023-11-04,ada,0.328787084488846,11370109027.309504,50080.0,32316.0,0.731290660157,34581981968.623314,202756.41426252876,1.5496967446466148,68.0,23036424585.723137
2023-11-05,ada,0.343544872224932,11880955728.218428,58207.0,38151.0,0.7624396236180001,34583417447.836365,211393.75616951825,1.5257005058845114,70.0,23036424585.723137
2023-11-06,ada,0.363347514131122,12566444684.429487,63188.0,46912.0,0.8026203414880001,34585195152.57948,222217.73543835033,1.3469474761255116,74.0,23015951543.513577
2023-11-07,ada,0.351021630129749,12140632216.509855,68424.0,49979.0,0.775122252284,34586564400.66751,212726.17378299954,1.3690550031013025,68.0,23015951543.513577
2023-11-08,ada,0.358801628892719,12410152987.476736,53750.0,36462.0,0.791133684001,34587783299.019936,217148.90505092364,1.474137458175635,66.0,23015951543.513577
2023-11-09,ada,0.36691192064488604,12691279986.62931,65613.0,43735.0,0.808865510901,34589445783.94472,220900.39574656126,1.5002400823139361,69.0,23015951543.513577
2023-11-10,ada,0.385503889911269,13334830808.06195,54668.0,37301.0,0.846537768336,34590651760.04116,234146.41744521094,1.4655907348328463,70.0,23015951543.513577
2023-11-11,ada,0.38368615125519007,13272580770.085941,58870.0,40887.0,0.8420652271190001,34592285196.28882,233513.03661388136,1.4398219482965247,70.0,22973647281.453945
2023-11-12,ada,0.38285910038782706,13244368678.377108,58788.0,47974.0,0.8402243309140001,34593323405.29684,232271.0440259722,1.2254137657898028,73.0,22973647281.453945
2023-11-13,ada,0.358447554035008,12400759309.089495,52337.0,36783.0,0.788026947109,34595742583.52553,217731.52979297072,1.422858385667292,72.0,22973647281.453945
2023-11-14,ada,0.358432333850334,12400557482.30115,51940.0,33419.0,0.788301040496,34596648547.558464,217778.65068885847,1.554205691373171,69.0,22973647281.453945
2023-11-15,ada,0.378672310372735,13101917034.868843,64365.0,33692.0,0.8315159174600001,34599617336.61581,228879.71845695225,1.9103941588507658,60.0,22973647281.453945
2023-11-16,ada,0.368594426830583,12754078693.178549,67349.0,41830.0,0.810588232681,34601930373.3008,220016.45184998037,1.6100645469758545,70.0,22913589651.850693
2023-11-17,ada,0.366467607224637,12681157785.007277,64030.0,42808.0,0.8056309106470001,34603761792.332146,218038.49466234184,1.4957484582321061,63.0,22913589651.850693
2023-11-18,ada,0.377179729615402,13052075240.608334,53493.0,66999.0,0.8286494531980001,34604392059.76714,223309.9406844231,0.798414901714951,69.0,22913589651.850693
2023-11-19,ada,0.38434691774198204,13300337895.863367,52810.0,32310.0,0.843263998078,34605033322.504974,226681.41788191823,1.634478489631693,66.0,22913589651.850693
2023-11-20,ada,0.38011565337931,13154785285.687231,55863.0,38566.0,0.8325586529190001,34607323241.59333,225034.49619910843,1.4485038635067158,69.0,22913589651.850693
2023-11-21,ada,0.359823372060663,12453002858.751978,56513.0,44990.0,0.7901495219760001,34608654761.460335,213821.11550488824,1.2561235830184485,71.0,22933912927.653027
2023-11-22,ada,0.380009080632282,13152524565.35959,59195.0,49913.0,0.832961162573,34611079670.71636,226402.82735891026,1.1859635766233245,62.0,22933912927.653027
2023-11-23,ada,0.38413198702225104,13295557203.009277,50544.0,37911.0,0.8420739437700001,34611950194.71036,230365.57178666597,1.3332278230592705,66.0,22933912927.653027
2023-11-24,ada,0.38592626725212403,13357949894.298126,54314.0,36141.0,0.845834078089,34612699439.73892,231318.36516057875,1.5028361141086302,66.0,22933912927.653027
2023-11-25,ada,0.394301818258999,13648468002.881966,46371.0,31042.0,0.8637075673500001,34614265952.78063,237741.79915262785,1.4938148315185877,73.0,22933912927.653027
2023-11-26,ada,0.38803272639326103,13431980672.695251,50591.0,35944.0,0.848738493256,34615587189.11325,233978.5347052445,1.4074949922101045,73.0,22972937519.833023
2023-11-27,ada,0.37742513773728603,13065553959.682472,73656.0,46102.0,0.8261590801840001,34617604004.89541,225404.46924871395,1.597674721270227,66.0,22972937519.833023
2023-11-28,ada,0.38522910132119603,13336477497.466585,78669.0,40820.0,0.8422941333510001,34619600263.135124,226550.22097336059,1.9272170504654582,68.0,22972937519.833023
2023-11-29,ada,0.381728376645917,13215620951.143482,50063.0,36012.0,0.834741562049,34620483463.30303,225619.0707092,1.3901754970565368,72.0,22972937519.833023
2023-11-30,ada,0.375593023900436,13004211006.801865,50475.0,35435.0,0.8206555676480001,34623143081.190674,225201.3372816067,1.424439113870467,74.0,22972937519.833023
2023-12-01,ada,0.383571695920855,13281151515.262323,53543.0,40258.0,0.8380595020860001,34624951883.83951,229875.85679955114,1.3299965224303245,71.0,22998890880.63186
2023-12-02,ada,0.39702694779608805,13747785021.992893,66325.0,45363.0,0.866765828782,34626830995.49635,235586.7916818962,1.462094658642506,74.0,22998890880.63186
2023-12-03,ada,0.395104730465885,13681602832.286985,59068.0,38677.0,0.862127297552,34627787969.418686,234329.19278574982,1.5272125552654032,73.0,22998890880.63186
2023-12-04,ada,0.406186866443199,14065704776.014475,69211.0,44837.0,0.883603394942,34628654784.38953,240023.53293159063,1.5436135334656644,74.0,22998890880.63186
2023-12-05,ada,0.424926119994735,14715390351.948973,67818.0,45483.0,0.9209705753230001,34630467884.93798,251202.8358516181,1.4910625948156455,75.0,22998890880.63186
2023-12-06,ada,0.44349142686318904,15359168073.7186,85622.0,55598.0,0.9539740245820001,34632390038.18825,257194.9508308818,1.5400194251591783,72.0,22994869891.768394
2023-12-07,ada,0.45580378775189406,15786633730.680649,89965.0,55643.0,0.978411164093,34634713784.50617,260558.33128537267,1.6168251172654242,72.0,22994869891.768394
2023-12-08,ada,0.5480128522645761,18981880232.533916,115460.0,72821.0,1.161788939549,34637655219.388214,302457.3916208467,1.5855316460911002,72.0,22994869891.768394
2023-12-09,ada,0.5785108995332431,20040420668.64952,113033.0,76973.0,1.216309440297,34641388234.549484,309776.0688889416,1.4684759591025425,73.0,22994869891.768394
2023-12-10,ada,0.5939929548748981,20578037354.141068,79511.0,50035.0,1.236604449519,34643571418.241905,314488.4849666836,1.589107624662736,74.0,22994869891.768394
2023-12-11,ada,0.551052560827586,19092423781.327938,74620.0,49591.0,1.139394721923,34647191826.22871,288278.13047291,1.504708515658083,74.0,22984219844.00121
2023-12-12,ada,0.574525534615211,19907325138.052475,82114.0,54937.0,1.179305462702,34650026741.43182,295769.8003786865,1.494693922128984,67.0,22984219844.00121
2023-12-13,ada,0.664265396802575,23018304651.1369,85515.0,52829.0,1.346886190825,34652271158.38781,338195.2375647233,1.6187132067614378,65.0,22984219844.00121
2023-12-14,ada,0.64373273566234,22307608233.123985,93923.0,58456.0,1.299209523059,34653524665.28142,323245.96689849824,1.6067298480908718,72.0,22984219844.00121
2023-12-15,ada,0.6027991541052391,20889637898.0591,99092.0,48849.0,1.2179781000380001,34654391526.25637,297304.4114806948,2.028536919896006,70.0,22984219844.00121
2023-12-16,ada,0.606165122648878,21007202781.234516,100510.0,50724.0,1.224055330844,34655908095.52889,291999.3198324491,1.9815077675262203,67.0,22942860543.017487
2023-12-17,ada,0.5795827947855411,20087317942.302593,89267.0,54401.0,1.175617397413,34658237137.17272,274249.52002094383,1.640907336262201,73.0,22942860543.017487
2023-12-18,ada,0.5999302587435691,20793270765.37424,93121.0,47073.0,1.211712284965,34659479935.08693,278822.40890225495,1.9782253096254754,65.0,22942860543.017487
2023-12-19,ada,0.575289566427578,19939641962.57779,96935.0,46352.0,1.163448025626,34660183542.695885,262298.25872969575,2.0912797721781153,73.0,22942860543.017487
2023-12-20,ada,0.588537757354921,20399271804.21484,85069.0,45044.0,1.188440494954,34660939845.04199,265121.7438309025,1.888575614954267,74.0,22942860543.017487
2023-12-21,ada,0.6351337724114311,22016757595.182304,90641.0,48807.0,1.2740308203819999,34664756546.62582,280915.3113850452,1.8571311492203988,70.0,22770454070.974903
2023-12-22,ada,0.623394123328516,21611220362.122692,105768.0,60356.0,1.248968614642,34667026129.04488,269423.87568564806,1.75240241235337,74.0,22770454070.974903
2023-12-23,ada,0.6148731232694961,21316695628.865593,78818.0,41040.0,1.231126009732,34668445931.60496,261967.47353661168,1.9205165692007797,70.0,22770454070.974903
2023-12-24,ada,0.593858949514189,20588617928.12829,75016.0,41714.0,1.193051478031,34669205448.48397,250336.23960955488,1.7983410845279761,71.0,22770454070.974903
2023-12-25,ada,0.625963270424179,21702132256.177353,72968.0,37812.0,1.254369598719,34669977108.195305,263954.2787028443,1.9297577488627948,73.0,22770454070.974903
2023-12-26,ada,0.607901928499138,21077717131.527836,82020.0,45587.0,1.21826384883,34672890713.74894,255987.15400874667,1.7991971395353938,71.0,22779501708.183155
2023-12-27,ada,0.6339648504784661,21985387642.629765,97307.0,56172.0,1.258638557552,34679190220.14699,261649.03994441932,1.7323043509221676,73.0,22779501708.183155
2023-12-28,ada,0.6196204882029351,21490470569.25788,101046.0,55496.0,1.223149019208,34683279488.68506,250377.26196298792,1.820779876027101,73.0,22779501708.183155
2023-12-29,ada,0.606768734386873,21045620083.582176,82041.0,44819.0,1.194211592187,34684747072.289955,242321.0761806054,1.8304959950021196,65.0,22779501708.183155
2023-12-30,ada,0.60237160326243,20893768771.57382,86639.0,41504.0,1.185642064752,34685846176.03764,238579.67911987388,2.0874855435620665,68.0,22779501708.183155
2023-12-31,ada,0.5921482629036451,20540255418.844833,95345.0,42464.0,1.167449660613,34687690069.5851,231123.73707858092,2.2453136774679727,67.0,22765662149.25908
2024-01-01,ada,0.622637718338931,21599374642.537685,77316.0,47931.0,1.224993663024,34690115947.61776,242252.14900502912,1.6130687863804218,65.0,22765662149.25908
2024-01-02,ada,0.606322035342668,21034153686.760143,87032.0,52331.0,1.193877831071,34691389163.96551,234110.99323265048,1.6631059983566145,71.0,22765662149.25908
2024-01-03,ada,0.556057725389011,19291241988.589294,92293.0,52624.0,1.100555845294,34692876490.643814,214144.4607704614,1.7538195500152023,70.0,22765662149.25908
2024-01-04,ada,0.5704309534320531,19790223557.660824,87320.0,45562.0,1.128337021398,34693460161.288635,219914.0624090196,1.9165093718449586,68.0,22765662149.25908
2024-01-05,ada,0.539746722640252,18726523227.540596,84939.0,46659.0,1.07115977314,34695019797.317154,210645.44757658395,1.820420497653186,72.0,22738105605.27221
2024-01-06,ada,0.521273299108969,18086576082.288414,81518.0,51084.0,1.036943328134,34696916402.97794,206055.7863371975,1.5957638399498864,70.0,22738105605.27221
2024-01-07,ada,0.49243129771702904,17086176705.809185,80774.0,48510.0,0.9818677401960001,34697601401.34247,194558.50678868694,1.6650999793856938,71.0,22738105605.27221
2024-01-08,ada,0.540905521005944,18768771330.706654,81645.0,53269.0,1.075675174544,34698797852.53736,213109.20605573186,1.5326925604009838,71.0,22738105605.27221
2024-01-09,ada,0.510718864548233,17721962814.45693,91558.0,60256.0,1.020256535808,34699989991.37209,200455.57986746336,1.5194835369091875,76.0,22738105605.27221
2024-01-10,ada,0.5723980991655561,19862876678.822086,88989.0,57797.0,1.136002399441,34701202438.95295,224356.89355685297,1.5396819904147274,73.0,22775568090.705116
2024-01-11,ada,0.5817784905260761,20190141277.55228,93099.0,65347.0,1.152707344381,34704172818.928474,228129.27225748575,1.4246866726858156,76.0,22775568090.705116
2024-01-12,ada,0.546550877502906,18968549309.392796,91615.0,49462.0,1.084341188662,34705916850.88263,214975.08535871046,1.8522299947434393,71.0,22775568090.705116
2024-01-13,ada,0.5490749336661661,19056825164.50199,84384.0,44269.0,1.090066181678,34707148325.38398,217394.5000254863,1.9061645846980957,64.0,22775568090.705116
2024-01-14,ada,0.526649458024654,18279197357.805973,74460.0,41975.0,1.046786652205,34708470842.00411,209789.13840139727,1.7739130434782608,60.0,22775568090.705116
2024-01-15,ada,0.5280373063946591,18328541046.997765,76281.0,49734.0,1.050502660898,34710657775.10953,211817.5350357752,1.533779708046809,52.0,22777537504.728683
2024-01-16,ada,0.536521081015912,18624066397.92327,83586.0,52531.0,1.067624157685,34712646076.568474,216425.2636108232,1.591174734918429,64.0,22777537504.728683
2024-01-17,ada,0.5262348514176161,18267326280.60107,66166.0,41232.0,1.048283805341,34713258218.05796,213958.23608659222,1.6047244858362437,60.0,22777537504.728683
2024-01-18,ada,0.5020394608938851,17427848853.20505,74020.0,46896.0,1.001409046434,34714101601.04673,205554.91719531495,1.5783862163084272,63.0,22777537504.728683
2024-01-19,ada,0.501372474292158,17405064707.576168,74554.0,38090.0,1.000249632295,34714838967.074905,208021.3509053393,1.957311630349173,51.0,22777537504.728683
2024-01-20,ada,0.514819972561367,17872694054.982475,72682.0,51604.0,1.027763540831,34716396036.58157,214171.29560586595,1.408456708782265,52.0,22803301466.429253
2024-01-21,ada,0.5033753429320761,17476531436.9468,72722.0,48959.0,1.00562354216,34718687918.14269,209629.8236164425,1.4853653056639229,56.0,22803301466.429253
2024-01-22,ada,0.478100337316936,16599326871.459768,73079.0,43717.0,0.9592224571140001,34719337293.53544,199098.34623478688,1.6716380355468126,55.0,22803301466.429253
2024-01-23,ada,0.4758838622677611,16522771300.473824,68957.0,39170.0,0.955202222653,34720175678.445496,199295.32745716942,1.7604544294102629,50.0,22803301466.429253
2024-01-24,ada,0.47619858078592603,16536870629.444881,64833.0,32102.0,0.955358867457,34726837283.202644,202295.3356161501,2.0195937947791416,48.0,22803301466.429253
2024-01-25,ada,0.465818962150762,16177017553.413092,71845.0,46050.0,0.9386171225840001,34728121583.374725,200450.5443642614,1.5601520086862106,52.0,22790065923.096245
2024-01-26,ada,0.484801411740103,16837583327.519276,73989.0,45607.0,0.978408001625,34730887575.35576,209381.7542637987,1.6223167496217685,49.0,22790065923.096245
2024-01-27,ada,0.485915326761221,16876544186.443977,61705.0,40806.0,0.9806698822070001,34731450639.62372,212216.2679852802,1.5121550752340343,55.0,22790065923.096245
2024-01-28,ada,0.488836210384052,16978350125.87763,54337.0,31621.0,0.9866811337350001,34732185883.976685,217502.0535886356,1.718383352835141,54.0,22790065923.096245
2024-01-29,ada,0.524933046334897,18232492854.825367,60146.0,39665.0,1.056756573876,34732987344.05338,235417.66577840375,1.5163494264464894,55.0,22790065923.096245
2024-01-30,ada,0.5154434237934511,17903552825.10134,64673.0,54083.0,1.034635253681,34734273440.40705,233578.75316568153,1.1958101436680657,61.0,22806091554.047577
2024-01-31,ada,0.49898358632700107,17334461774.23382,64636.0,51733.0,1.003564181501,34739543041.54998,229106.5283928281,1.2494152668509462,60.0,22806091554.047577
2024-02-01,ada,0.506007623023935,17579048488.699673,65158.0,43882.0,1.017409211762,34740679169.309975,234795.40996665196,1.484845722619753,63.0,22806091554.047577
2024-02-02,ada,0.513877620740355,17853038399.013336,80500.0,45484.0,1.032608099115,34741809486.25874,238960.96687305215,1.7698531351684108,63.0,22806091554.047577
2024-02-03,ada,0.512827738233251,17816894998.40504,63957.0,57304.0,1.032183146655,34742455741.1544,240496.0879096301,1.116100097724417,60.0,22806091554.047577
2024-02-04,ada,0.49481737779807805,17191634411.92179,65853.0,39491.0,0.9972392633860001,34743392579.34721,233737.48914568563,1.6675445038109948,60.0,22819400151.950535
2024-02-05,ada,0.49259164978079206,17115179546.777378,66593.0,45464.0,0.9936722358840001,34745167837.07925,234411.27899099168,1.464741333802569,60.0,22819400151.950535
2024-02-06,ada,0.49869957413304505,17328834983.06005,65474.0,47075.0,1.004974873098,34748044477.8503,240404.82701257025,1.3908443972384492,64.0,22819400151.950535
2024-02-07,ada,0.501690497081492,17436968178.677845,64026.0,37856.0,1.010383903036,34756425087.010315,244934.41076137903,1.691303888419273,62.0,22819400151.950535
2024-02-08,ada,0.528168014689086,18358005511.89515,73998.0,40693.0,1.061106055239,34757889537.67271,260367.03661685865,1.8184454328754331,66.0,22819400151.950535
2024-02-09,ada,0.541125319681762,18808970111.156567,75835.0,43767.0,1.083640956991,34758990989.773315,268912.37050971657,1.7326981515753879,72.0,22806500155.57455
2024-02-10,ada,0.5511661615716861,19159059373.166424,79474.0,43336.0,1.101928450292,34760949980.18951,274606.06747480336,1.8339025290751338,74.0,22806500155.57455
2024-02-11,ada,0.541083840533742,18809048453.481133,65316.0,37454.0,1.082624190146,34761800380.006355,270857.18524141016,1.7438991829978105,71.0,22806500155.57455
2024-02-12,ada,0.559517339427815,19450617489.555,63828.0,42327.0,1.117223506599,34763207713.00133,281901.46997556865,1.5079736338507335,70.0,22806500155.57455
2024-02-13,ada,0.544727082979232,18936917360.369957,68453.0,39694.0,1.088121572365,34764045982.071976,276623.1200345777,1.7245175593288657,79.0,22806500155.57455
2024-02-14,ada,0.577111991120682,20063894686.8309,68262.0,47796.0,1.148533922492,34766033275.22138,292765.43196837005,1.428194828019081,74.0,22879836956.660107
2024-02-15,ada,0.606246892804678,21078817315.375504,77387.0,64568.0,1.201182212895,34769361403.006355,307036.0931390116,1.1985348779581217,72.0,22879836956.660107
2024-02-16,ada,0.5977744063015481,20785927796.21707,67394.0,46666.0,1.1840934099,34772210698.9309,303901.79701974505,1.4441777739681996,72.0,22879836956.660107
2024-02-17,ada,0.6082739326051471,21151585524.566536,56577.0,44485.0,1.203379928908,34773125052.355,311870.56955970306,1.271821962459256,76.0,22879836956.660107
2024-02-18,ada,0.6199100827559111,21557136351.767853,62295.0,46662.0,1.219505494638,34774618047.72089,319605.1095794194,1.335026359778835,72.0,22879836956.660107
2024-02-19,ada,0.631809098680693,21972217427.468277,74377.0,55600.0,1.239663914478,34776671423.93072,325535.3456514716,1.3377158273381295,75.0,22882223369.631737
2024-02-20,ada,0.623320371229236,21678342084.312992,67323.0,51713.0,1.220551974793,34778635155.488525,321459.29146909184,1.301858333494479,72.0,22882223369.631737
2024-02-21,ada,0.5979846655659691,20797543280.249874,60868.0,38388.0,1.171638457095,34779392311.95137,309047.2333698972,1.5855996665624674,78.0,22882223369.631737
2024-02-22,ada,0.586873290310458,20411694336.461792,62784.0,37627.0,1.15086059846,34780411161.09396,304779.1997628703,1.6685890451005927,74.0,22882223369.631737
2024-02-23,ada,0.583061718296552,20279626898.131744,63182.0,41369.0,1.143716572496,34781269738.270294,304562.43454243126,1.5272788803210133,76.0,22882223369.631737
2024-02-24,ada,0.596668200965774,20753582871.98636,84270.0,50015.0,1.171633524725,34782451684.863335,307953.21213180135,1.684894531640508,72.0,22839587170.009953
2024-02-25,ada,0.591588945475898,20578201371.620323,66592.0,44312.0,1.162378399081,34784627956.606575,303380.4936868496,1.50279833905037,74.0,22839587170.009953
2024-02-26,ada,0.618330057096665,21509154215.95942,63820.0,48095.0,1.212025692833,34785878462.636086,316493.1081934536,1.326957064143882,72.0,22839587170.009953
2024-02-27,ada,0.6246353837403331,21730089992.83353,71857.0,49001.0,1.220396975459,34788439077.39133,318541.45005774015,1.466439460419175,79.0,22839587170.009953
2024-02-28,ada,0.6312209106513091,21960602545.929512,77172.0,53769.0,1.231849942932,34789624232.02799,319821.53112854896,1.43525079506779,82.0,22839587170.009953
2024-02-29,ada,0.65766268857218,22882114803.191765,86367.0,67621.0,1.272852151216,34792573969.17044,329605.93059354316,1.2772215731799292,80.0,22861134936.82629
2024-03-01,ada,0.7117800752520771,24767764635.79875,80741.0,58846.0,1.363609327355,34796934470.28178,356723.5882372671,1.3720728681643612,80.0,22861134936.82629
2024-03-02,ada,0.740441242368107,25766402535.137463,80833.0,64152.0,1.412636860507,34798713335.75421,367912.95192172006,1.2600230702082553,80.0,22861134936.82629
2024-03-03,ada,0.7280576432284611,25336562210.18684,64524.0,49171.0,1.38726405739,34800214578.938705,362020.70699616126,1.3122368875963475,83.0,22861134936.82629
2024-03-04,ada,0.772324260410118,26880175040.826756,89468.0,67253.0,1.4512024649370001,34804260876.840645,379644.9130279386,1.3303198370332923,82.0,22861134936.82629
2024-03-05,ada,0.691734339710067,24078748672.16257,89267.0,67710.0,1.304025280319,34806918017.093506,336045.6179418489,1.3183724708314872,90.0,22860653065.40308
2024-03-06,ada,0.7343367457532961,25562446235.800343,81142.0,71273.0,1.3781918821780001,34810250724.38384,353734.4925350669,1.1384675823944552,75.0,22860653065.40308
2024-03-07,ada,0.745771986814117,25963924436.30813,80723.0,57099.0,1.394647996195,34814829325.01139,358099.98675781395,1.413737543564686,82.0,22860653065.40308
2024-03-08,ada,0.7248064680845181,25234896148.635242,82863.0,50032.0,1.357498039407,34816047124.03403,346844.3514530711,1.6562000319795331,81.0,22860653065.40308
2024-03-09,ada,0.744363720363262,25916419343.91545,73562.0,48348.0,1.391414792576,34816875990.76941,357248.40043068747,1.5215107139902375,84.0,22860653065.40308
2024-03-10,ada,0.714154419714521,24865968959.739845,68601.0,49727.0,1.335712627796,34818756662.85153,342214.88326195686,1.379552355863012,79.0,22761022830.64356
2024-03-11,ada,0.776830616922181,27090875349.096066,95736.0,66970.0,1.441761434172,34873593752.56176,367077.92617965676,1.4295356129610273,82.0,22761022830.64356
2024-03-12,ada,0.747058684271647,26053503456.57616,74956.0,50702.0,1.383835477593,34874774907.37867,351914.20930731454,1.4783637726322434,81.0,22761022830.64356
2024-03-13,ada,0.7627830971097351,26603328167.07712,63825.0,47393.0,1.408122835959,34876661881.8376,360111.6886671633,1.346717869727597,81.0,22761022830.64356
2024-03-14,ada,0.75107212107145,26196498569.3114,69460.0,47550.0,1.386252318251,34878805689.04688,355968.8611505403,1.4607781282860148,88.0,22761022830.64356
2024-03-15,ada,0.7263823100552022,25337510821.62185,66963.0,53242.0,1.34553414687,34881783973.64372,344368.609927739,1.2577100785094475,83.0,22735428098.78627
2024-03-16,ada,0.6591066352128,22991964960.94243,64805.0,48420.0,1.229641021051,34883528298.14741,311246.6103389267,1.3383932259396942,81.0,22735428098.78627
2024-03-17,ada,0.6785952634588811,23672366199.792957,54605.0,40296.0,1.265545130972,34884366977.647446,321653.2036390808,1.3550972801270598,79.0,22735428098.78627
2024-03-18,ada,0.6626123419817821,23115869183.012352,65112.0,47830.0,1.23755346005,34885962301.692085,315510.2424730691,1.3613213464352916,77.0,22735428098.78627
2024-03-19,ada,0.585715533003971,20433841826.78209,64585.0,42780.0,1.1026358871920001,34886972728.86487,279275.79383921204,1.5097007947639083,79.0,22735428098.78627
2024-03-20,ada,0.6397898053625941,22320951235.058628,65484.0,45327.0,1.168051210532,34887944521.73002,304381.697249958,1.4447018333443642,74.0,22719453098.782784
2024-03-21,ada,0.6319726975983759,22049327776.801796,57637.0,44982.0,1.151948831012,34889684096.47078,301433.28119712323,1.2813347561246722,78.0,22719453098.782784
2024-03-22,ada,0.611680638522579,21342582008.219063,48677.0,34768.0,1.119191214148,34891707639.73959,293852.52024079586,1.4000517717441325,75.0,22719453098.782784
2024-03-23,ada,0.62667333348394,21866410812.540817,43691.0,31279.0,1.145999364709,34892837534.6311,307194.48746913945,1.3968157549793792,73.0,22719453098.782784
2024-03-24,ada,0.64614065199827,22546067084.49451,41868.0,31200.0,1.180072952832,34893435376.28844,320721.31617534655,1.341923076923077,74.0,22719453098.782784
2024-03-25,ada,0.657670122862231,22949121858.33949,51927.0,41503.0,1.197676175699,34894578696.17544,328439.3077227621,1.2511625665614534,75.0,22715556235.537758
2024-03-26,ada,0.665542588739919,23225273747.90641,61071.0,49358.0,1.210934164382,34896750622.49456,334234.1384263887,1.2373070221645934,81.0,22715556235.537758
2024-03-27,ada,0.6468629022444741,22574470041.794014,56307.0,40223.0,1.174780399896,34898384129.721306,328390.04632701183,1.3998707207319196,83.0,22715556235.537758
2024-03-28,ada,0.651208250957616,22726487559.84752,65815.0,40286.0,1.182723266955,34898955175.13441,334169.5260678916,1.6336940872759769,80.0,22715556235.537758
2024-03-29,ada,0.66456236628387,23193109035.602043,52632.0,36497.0,1.204951107946,34899823120.1299,346140.1596560048,1.442091130777872,79.0,22715556235.537758
2024-03-30,ada,0.6439529553974901,22474585671.04763,50433.0,35596.0,1.1692041994340001,34900974493.043274,340941.16166442476,1.416816496235532,75.0,22705372932.636707
2024-03-31,ada,0.65022271250462,22694435113.448914,57117.0,43067.0,1.180458219912,34902556734.80133,345663.4509852244,1.3262358650474841,75.0,22705372932.636707
2024-04-01,ada,0.622391984928048,21724390175.092815,63833.0,40923.0,1.13214884027,34904675351.18448,335567.89960075996,1.559831879383232,79.0,22705372932.636707
2024-04-02,ada,0.581491546715029,20297665837.132404,60833.0,37847.0,1.059105350607,34906209646.20774,318526.2729988277,1.607340079794964,79.0,22705372932.636707
2024-04-03,ada,0.57218764097816,19973323587.61783,57976.0,36014.0,1.037851800217,34906946877.55445,317559.48732710304,1.609818403954018,71.0,22705372932.636707
2024-04-04,ada,0.58172556840624,20306897726.296932,57738.0,39208.0,1.058503336655,34908037104.04541,327132.6222569743,1.4726076310956948,70.0,22697968340.213295
2024-04-05,ada,0.575024877504916,20074195575.00174,57860.0,41782.0,1.047771828936,34910134083.42515,328103.7436030333,1.384806854626394,79.0,22697968340.213295
2024-04-06,ada,0.5855245573998211,20441060002.56771,49738.0,31073.0,1.066349906103,34910679226.404655,338811.7931976522,1.6006822643452514,75.0,22697968340.213295
2024-04-07,ada,0.5884397868739111,20543214863.251747,52413.0,32287.0,1.071737060765,34911328773.99006,343799.5622316273,1.623346857868492,78.0,22697968340.213295
2024-04-08,ada,0.6140268170485881,21437165909.346577,61666.0,50973.0,1.116208029745,34912426158.17259,366217.66783689597,1.2097777254624997,76.0,22697968340.213295
2024-04-09,ada,0.591888153171442,20664915859.163254,52911.0,37927.0,1.076266256731,34913548697.39656,357838.0242059411,1.3950747488596513,80.0,22639199712.419476
2024-04-10,ada,0.5858260038078681,20454039959.43099,53664.0,38100.0,1.065864447057,34914872037.90846,356426.20980437007,1.408503937007874,78.0,22639199712.419476
2024-04-11,ada,0.5857299921797081,20451169789.833572,46955.0,33676.0,1.065786734089,34915695052.13068,361438.47194331186,1.3943164271291126,76.0,22639199712.419476
2024-04-12,ada,0.50313531776356,17567591119.697063,59900.0,38751.0,0.922782964457,34916235254.13626,311866.61325197533,1.5457665608629454,79.0,22639199712.419476
2024-04-13,ada,0.44833975054921704,15655092310.609545,63593.0,39874.0,0.8269362488710001,34917921713.23651,278128.92221526423,1.5948487736369563,72.0,22639199712.419476
2024-04-14,ada,0.46997810521289907,16411129674.223866,52713.0,37815.0,0.8686643032400001,34918923865.1653,291911.1411170532,1.393970646568822,72.0,22641739799.139393
2024-04-15,ada,0.460294859742485,16074094170.932167,54895.0,40629.0,0.8534530061150001,34921298447.53192,287784.01924514666,1.3511285042703487,74.0,22641739799.139393
2024-04-16,ada,0.45952775811897706,16048163876.604446,66818.0,35659.0,0.858205450429,34923165343.255264,286910.1202905981,1.873804649597577,65.0,22641739799.139393
2024-04-17,ada,0.44424069118999604,15514633609.283552,47568.0,30072.0,0.831533059901,34923936318.67493,280581.31544728234,1.581803671189146,67.0,22641739799.139393
2024-04-18,ada,0.45797096342832505,15995011446.400852,43316.0,27712.0,0.858187643865,34925820027.24319,291969.5842954975,1.5630773672055427,57.0,22641739799.139393
2024-04-19,ada,0.468406711382128,16359934828.135567,49432.0,31086.0,0.87782919503,34926772889.01839,298483.9052675998,1.590169208003603,66.0,22661310740.997364
2024-04-20,ada,0.505557764969634,17658234808.12791,50035.0,36511.0,0.9463149342260001,34928223897.794426,320844.84868051077,1.370408917860371,66.0,22661310740.997364
2024-04-21,ada,0.499237258151639,17437659964.766438,42630.0,27719.0,0.935191463977,34928602943.87303,316680.47898477694,1.53793426891302,72.0,22661310740.997364
2024-04-22,ada,0.517540969110686,18077588843.639503,53248.0,31125.0,0.9673471294510001,34929773530.20581,328021.0014982121,1.7107791164658634,73.0,22661310740.997364
2024-04-23,ada,0.5001865134733581,17471958215.618053,45507.0,28659.0,0.936328035412,34930886269.38496,320261.92994338996,1.5878781534596462,71.0,22661310740.997364
2024-04-24,ada,0.4741041374170681,16561310103.424212,50256.0,29827.0,0.89071831051,34931798304.167244,304777.00084185484,1.6849163509571865,72.0,22654534217.562355
2024-04-25,ada,0.47059752722068804,16439503134.061579,54538.0,33928.0,0.8847989277260001,34933254390.757195,304794.4652717185,1.6074628625324217,72.0,22654534217.562355
2024-04-26,ada,0.46260607916578705,16160596921.327232,44355.0,28114.0,0.8708611234990001,34933818748.05769,301274.6264980865,1.5776837162979298,70.0,22654534217.562355
2024-04-27,ada,0.46695403829686405,16312670593.111015,37850.0,24561.0,0.8793017094900001,34934210340.29115,306678.9694667826,1.5410610317169495,67.0,22654534217.562355
2024-04-28,ada,0.46002240437137804,16070701587.48392,37097.0,25055.0,0.8668552198280001,34934606303.45729,306246.5167643862,1.4806226302135301,65.0,22654534217.562355
2024-04-29,ada,0.45766267119627,15989466975.092678,42863.0,30228.0,0.8670506818590001,34937232117.485825,309110.02956610126,1.4179899430991134,67.0,22653275811.84358
2024-04-30,ada,0.44082113198730505,15402218832.929945,52077.0,38259.0,0.8377152671270002,34939837760.25852,299568.305433713,1.3611699208029484,67.0,22653275811.84358
2024-05-01,ada,0.44903265865544,15689427108.338795,48171.0,33335.0,0.853680655522,34940503337.3706,307247.03336428356,1.4450577471126445,54.0,22653275811.84358
2024-05-02,ada,0.458388305275591,16016676668.118685,37853.0,33367.0,0.871689864312,34941285551.53513,318079.26020540367,1.13444421134654,43.0,22653275811.84358
2024-05-03,ada,0.46793451693579,16350453736.026514,43850.0,27581.0,0.890990419364,34941756045.472755,327966.73759430565,1.5898625865632139,48.0,22653275811.84358
2024-05-04,ada,0.46326223501397706,16187577131.631178,41007.0,27021.0,0.882532397221,34942578755.9454,326743.3447298319,1.5175974242256023,67.0,22681562360.727142
2024-05-05,ada,0.45826223503263,16013486475.146868,43104.0,30385.0,0.8736941269720001,34943936573.79742,325413.11624309974,1.4185947013328946,69.0,22681562360.727142
2024-05-06,ada,0.454161320528687,15870520431.251135,43828.0,31797.0,0.8666076685150002,34944676514.4516,326737.84043268906,1.3783690285247037,71.0,22681562360.727142
2024-05-07,ada,0.44227800470322604,15455448261.499052,43502.0,26673.0,0.84486914267,34945098099.25964,320409.10787374247,1.630937652307577,68.0,22681562360.727142
2024-05-08,ada,0.45229466044404104,15805744865.65261,40531.0,31369.0,0.8636730522580001,34945680875.68245,330888.6006333295,1.292071790621314,64.0,22681562360.727142
2024-05-09,ada,0.462888266312322,16176233559.426598,46343.0,28074.0,0.8833182133110001,34946302891.40252,338799.697552469,1.6507444610671795,55.0,22686138659.428116
2024-05-10,ada,0.44837823190586,15669755011.789894,49229.0,30640.0,0.8567562956510001,34947626572.290565,330832.5764114985,1.6066906005221933,66.0,22686138659.428116
2024-05-11,ada,0.43905971392494203,15344267750.434511,39375.0,23148.0,0.8395598246860001,34948020198.13104,329986.53371042217,1.7010108864696734,53.0,22686138659.428116
2024-05-12,ada,0.43751405939838006,15290397992.386486,40068.0,21639.0,0.8370400480140001,34948358033.13868,332052.950710532,1.8516567309025371,56.0,22686138659.428116
2024-05-13,ada,0.436473361401556,15255375745.13851,46808.0,27650.0,0.8353271314270001,34951447428.89256,333383.4305662464,1.692875226039783,57.0,22686138659.428116
2024-05-14,ada,0.42757178282218805,14945213384.658264,50737.0,26082.0,0.819501443329,34953694292.01424,330756.6008659899,1.9452879380415613,66.0,22695629742.500526
2024-05-15,ada,0.45282472036672605,15828524513.10659,57193.0,34260.0,0.8668374918220001,34955080412.32301,347660.5297971408,1.669381202568593,64.0,22695629742.500526
2024-05-16,ada,0.45987719750001405,16075855847.231665,48238.0,33761.0,0.881181651021,34956844859.06953,351734.9147062741,1.4288083883771214,70.0,22695629742.500526
2024-05-17,ada,0.481525289374075,16833025860.196667,48160.0,30421.0,0.9202599935620001,34957719213.621315,368668.0105451719,1.5831169258078301,74.0,22695629742.500526
2024-05-18,ada,0.48210255332782503,16853533317.359089,42555.0,34569.0,0.9210650891110002,34958398790.92873,371289.502519766,1.2310162284127397,73.0,22695629742.500526
2024-05-19,ada,0.46758211085714,16346485745.472677,46405.0,30079.0,0.8947692651160001,34959604668.16705,359052.6134367224,1.5427707038132916,72.0,22706311003.4374
2024-05-20,ada,0.500769728573449,17507651914.116188,52476.0,38622.0,0.955568631885,34961482124.70934,384790.8073584222,1.3587074724250428,70.0,22706311003.4374
2024-05-21,ada,0.494793666294762,17299174352.995068,54220.0,36351.0,0.9441395157070002,34962400554.83952,377626.12908028514,1.4915683199911969,76.0,22706311003.4374
2024-05-22,ada,0.483085759740221,16890158158.10139,49794.0,31579.0,0.9228506107430001,34963063633.22334,368830.502264294,1.5768073719877134,76.0,22706311003.4374
2024-05-23,ada,0.46439497744495306,16237806125.095228,45879.0,29792.0,0.888437838265,34965507625.49962,356995.91345155216,1.5399771750805586,76.0,22706311003.4374
2024-05-24,ada,0.459135504167523,16054385737.461042,42258.0,28243.0,0.8799118040150001,34966552557.44138,353545.46084724634,1.4962291541266863,74.0,22710321196.09124
2024-05-25,ada,0.46204489200407606,16157637699.93536,41267.0,28013.0,0.8852907943020001,34969843795.595566,354865.5690524894,1.4731374718880519,76.0,22710321196.09124
2024-05-26,ada,0.45827665979180204,16026228761.492098,35996.0,25085.0,0.8785132465310002,34970641465.29504,352283.70624113665,1.4349611321506877,75.0,22710321196.09124
2024-05-27,ada,0.467567859556813,16351432635.786192,41838.0,28102.0,0.8959937275950002,34971250272.174385,359721.70272369334,1.4887908333926412,74.0,22710321196.09124
2024-05-28,ada,0.457001229160293,15982901263.380846,41515.0,29234.0,0.8770489625800001,34973431674.89567,354556.5166967705,1.420093042347951,72.0,22710321196.09124
2024-05-29,ada,0.451216976169599,15781120639.283407,42994.0,28629.0,0.8665400845230001,34974572041.2606,351522.1104943469,1.5017639456495162,72.0,22700671337.272858
2024-05-30,ada,0.44642897777261803,15614740602.770657,44612.0,33321.0,0.863562954808,34976987113.779594,345955.81902383355,1.338855376489301,73.0,22700671337.272858
2024-05-31,ada,0.44700437808126503,15635360265.805016,42555.0,29073.0,0.8645127951030002,34978092010.9076,346767.9963774205,1.463729233309256,73.0,22700671337.272858
2024-06-01,ada,0.450134990631736,15745363009.138836,38664.0,26851.0,0.8705709374030002,34979202543.310875,349856.972104686,1.4399463707124502,72.0,22700671337.272858
2024-06-02,ada,0.44661395936013004,15622624227.018738,39334.0,28106.0,0.86402055997,34980152096.90599,348171.38714787527,1.3994876538817334,73.0,22700671337.272858
2024-06-03,ada,0.457149369930392,15991747810.991282,46898.0,33117.0,0.8841576714280001,34981449965.52499,355529.05782849883,1.4161306881661986,73.0,22705703216.591343
2024-06-04,ada,0.46132583978058,16138760533.167532,50689.0,35952.0,0.892082697238,34983430672.003105,356761.5942833318,1.4099076546506453,73.0,22705703216.591343
2024-06-05,ada,0.46105117551642805,16129516568.266006,48641.0,39310.0,0.89200598859,34984221762.79927,354288.80369537673,1.2373696260493514,75.0,22705703216.591343
2024-06-06,ada,0.45806018640376805,16025029493.583223,46750.0,32470.0,0.8864341121270001,34984549998.54011,351881.37049215485,1.4397905759162304,78.0,22705703216.591343
2024-06-07,ada,0.449649977364149,15732169495.612093,49388.0,35013.0,0.871713586681,34987590987.62591,345407.6123452146,1.410561791334647,77.0,22705703216.591343
2024-06-08,ada,0.43628578962364806,15265094314.49675,43869.0,33205.0,0.8475256359660001,34988749754.29485,333975.8609392468,1.321156452341515,72.0,22734331818.384853
2024-06-09,ada,0.443982863952772,15535141647.481771,40091.0,29684.0,0.862461186837,34990408208.94002,339877.95675771794,1.3505929120064681,75.0,22734331818.384853
2024-06-10,ada,0.4404988771315321,15414269646.057692,41910.0,29509.0,0.856387019985,34992755819.114204,338529.0990140725,1.4202446711172863,72.0,22734331818.384853
2024-06-11,ada,0.42155482160676805,14755403857.649517,43068.0,29386.0,0.8230721715880001,35002336828.716324,326020.14272889117,1.4655958619750902,74.0,22734331818.384853
2024-06-12,ada,0.437759648293519,15322832402.463642,38170.0,25801.0,0.854154765829,35002843368.94762,343717.0492623834,1.4794000232549127,72.0,22734331818.384853
2024-06-13,ada,0.421244535547684,14745424222.438372,50531.0,33556.0,0.8250359610670002,35004428492.50735,330158.30784003413,1.5058707831684348,70.0,22736272601.621353
2024-06-14,ada,0.41141549488347806,14402295351.370375,51357.0,33475.0,0.8076114398030001,35006691606.13269,321653.146815703,1.5341896938013442,74.0,22736272601.621353
2024-06-15,ada,0.413775231916686,14485361980.212395,30141.0,21561.0,0.8123978387020001,35007803422.9198,326743.6300730253,1.3979407263113957,74.0,22736272601.621353
2024-06-16,ada,0.41618745542472,14570123973.169306,29172.0,21745.0,0.8176699179320001,35008561126.14079,333282.5232797778,1.341549781558979,71.0,22736272601.621353
2024-06-17,ada,0.40190098718522904,14070816347.97164,39897.0,26063.0,0.7906383923660001,35010653859.09752,325203.06079185096,1.5307907761961401,71.0,22736272601.621353
2024-06-18,ada,0.383414946341991,13424730961.241064,65434.0,35918.0,0.757531545601,35013582775.84394,307425.1883638582,1.8217606770978338,74.0,22732567937.784557
2024-06-19,ada,0.383367362209211,13423644078.574947,80020.0,37337.0,0.758622956394,35015093619.91386,299984.54368859314,2.1431823660176232,64.0,22732567937.784557
2024-06-20,ada,0.38422620295549903,13453912813.410267,70128.0,29978.0,0.780180033065,35015604635.81526,294952.5471019416,2.33931549803189,60.0,22732567937.784557
2024-06-21,ada,0.37623146882190206,13174182377.372047,81174.0,28832.0,0.765251060645,35016162838.86225,280279.81591594074,2.8154134295227524,63.0,22732567937.784557
2024-06-22,ada,0.384825264341117,13475267480.649416,94850.0,28816.0,0.782495468393,35016587343.144554,275470.0635460855,3.291574125485841,53.0,22732567937.784557
2024-06-23,ada,0.38015124146676005,13312072572.918411,80146.0,29527.0,0.7734862766480001,35017832696.15444,263635.974781881,2.714329257967284,55.0,22744116768.30846
2024-06-24,ada,0.377276072767524,13212161920.52933,93790.0,36696.0,0.7684647730140001,35019877681.64299,252383.3827093831,2.5558643993895793,51.0,22744116768.30846
2024-06-25,ada,0.391589321229895,13713577896.602816,83465.0,32589.0,0.7979588940910001,35020306104.18976,254673.01421392764,2.5611402620516124,30.0,22744116768.30846
2024-06-26,ada,0.384686323310938,13472301242.586206,83395.0,31319.0,0.785501005304,35021523839.558716,243663.1560812135,2.6627606245410136,46.0,22744116768.30846
2024-06-27,ada,0.390540678168031,13677607604.497267,68997.0,29996.0,0.8009913292440001,35022235503.4997,243540.32938506725,2.300206694225897,40.0,22744116768.30846
2024-06-28,ada,0.38504440882580304,13485606698.640734,69036.0,30970.0,0.7906389624910001,35023509988.79645,236144.96987935656,2.2291249596383595,47.0,22756607315.444626
2024-06-29,ada,0.383811555273226,13443323110.126215,60291.0,30594.0,0.7891402670670001,35025842566.29857,232263.1214757786,1.9706805255932536,30.0,22756607315.444626
2024-06-30,ada,0.39241019789563203,13745067336.07873,57196.0,29611.0,0.806573920218,35027293912.82145,234887.57689085492,1.9315794805984263,47.0,22756607315.444626
2024-07-01,ada,0.40259325694580905,14102240137.988531,68145.0,36339.0,0.827173151938,35028505556.63122,237906.22986579165,1.8752579872863866,53.0,22756607315.444626
2024-07-02,ada,0.417707175292234,14632240345.922613,57329.0,29572.0,0.856464756858,35029899440.16567,245863.77886319705,1.938624374408224,51.0,22756607315.444626
2024-07-03,ada,0.40629648003304203,14232930671.5138,48141.0,28958.0,0.8338432461070001,35030898299.57746,239226.00642085864,1.6624421576075696,50.0,22771232974.79647
2024-07-04,ada,0.365070009037785,12789215929.10184,53529.0,31395.0,0.75314536347,35032228373.977844,214088.963695462,1.7050167224080268,44.0,22771232974.79647
2024-07-05,ada,0.350021329814554,12262489600.108376,60250.0,32123.0,0.724797039446,35033549545.69542,203947.2657933989,1.8756031503906858,29.0,22771232974.79647
2024-07-06,ada,0.37116845950689104,13003472123.67613,41082.0,22592.0,0.7678014780260001,35033882299.5673,216629.759874657,1.8184313031161472,26.0,22771232974.79647
2024-07-07,ada,0.34771639150405104,12182090740.80087,38873.0,21524.0,0.7203829842920001,35034559884.01095,203093.23498507272,1.806030477606393,29.0,22771232974.79647
2024-07-08,ada,0.369210957482461,12935908041.759806,49094.0,27423.0,0.7660064662780001,35036630900.572105,214741.92827850019,1.7902490610071837,28.0,22789583284.062206
2024-07-09,ada,0.37529782180978,13188176976.157759,47481.0,30867.0,0.7786740087470001,35140563599.75944,218358.40477485093,1.538244727378754,27.0,22789583284.062206
2024-07-10,ada,0.388121282998165,13638918676.25348,61176.0,30161.0,0.8048208029980001,35140867748.59487,222790.54146448176,2.0283147110506947,28.0,22789583284.062206
2024-07-11,ada,0.394839788589021,13875163619.183681,58886.0,30733.0,0.8184494016520001,35141249742.75578,225550.20034377457,1.916051150229395,29.0,22789583284.062206
2024-07-12,ada,0.414043588025101,14550191577.824535,51293.0,28657.0,0.85536762727,35141690388.74826,236532.02643218546,1.7898942666713193,25.0,22789583284.062206
2024-07-13,ada,0.440868816564055,15493219656.423374,55075.0,31620.0,0.9055393991840001,35142471125.92579,248268.17278777488,1.7417773561037317,25.0,22801813336.37451
2024-07-14,ada,0.4331151090864331,15221486445.882812,49456.0,31021.0,0.8894423935040001,35144205608.50301,241114.86091522526,1.5942748460720157,33.0,22801813336.37451
2024-07-15,ada,0.44396992864249407,15604002830.847076,52414.0,31288.0,0.9108299689630002,35146530934.107864,245436.09303041332,1.675210943492713,52.0,22801813336.37451
2024-07-16,ada,0.43801751413885703,15395068338.769375,50004.0,28892.0,0.898272973293,35147152435.29953,244267.0171775756,1.7307213069361762,65.0,22801813336.37451
2024-07-17,ada,0.437596094149938,15380470563.34135,42599.0,26735.0,0.8926740967510002,35147641327.14444,249322.30787072144,1.5933794651206283,69.0,22801813336.37451
2024-07-18,ada,0.424513897836743,14921099847.487703,49461.0,28194.0,0.868156453629,35148672219.03291,244804.84073251797,1.754309427537774,61.0,22830844849.203453
2024-07-19,ada,0.438642679817885,15418311378.83589,45242.0,30698.0,0.8958053798110002,35150048292.69518,258402.9162740588,1.473776793276435,60.0,22830844849.203453
2024-07-20,ada,0.43730470695292,15371790330.360586,43189.0,29733.0,0.89384193157,35151211697.37491,265843.6224356462,1.4525611273668988,74.0,22830844849.203453
2024-07-21,ada,0.44660403284100203,15698939617.42024,38670.0,26121.0,0.9126043157700001,35151808902.29289,278639.5369604349,1.4804180544389571,74.0,22830844849.203453
2024-07-22,ada,0.426769386625988,15002412232.555393,44786.0,27412.0,0.8730136214870001,35153440482.60706,274813.49543297495,1.6338100102145046,70.0,22830844849.203453
2024-07-23,ada,0.41020593269993705,14420606600.779716,46104.0,29671.0,0.840857913053,35154553972.110146,270774.2821000031,1.5538404502713088,71.0,22873579013.68956
2024-07-24,ada,0.406328907643674,14284850165.438822,46583.0,30173.0,0.8337032200700001,35155879625.39395,275014.27041333506,1.5438637192191695,69.0,22873579013.68956
2024-07-25,ada,0.39400921186937404,13851914446.120642,40363.0,27217.0,0.812181348137,35156321296.14516,272035.1734607925,1.4830069441892935,68.0,22873579013.68956
2024-07-26,ada,0.41767028464079803,14684225664.03741,39811.0,26910.0,0.859943110717,35157458416.430176,294415.7157404837,1.4794128576737273,68.0,22873579013.68956
2024-07-27,ada,0.418540508278567,14714993635.798607,36893.0,24783.0,0.861977127049,35157872045.21858,300059.95215465524,1.488641407416374,72.0,22873579013.68956
2024-07-28,ada,0.407083888926642,14312651810.725922,37558.0,23621.0,0.8391282084680001,35158973862.7684,296090.2104714163,1.5900258244782186,71.0,22852658455.110977
2024-07-29,ada,0.40411164229078406,14208953161.508778,46811.0,32012.0,0.8334157622750001,35160959681.74194,298652.3984273922,1.4622953892290391,74.0,22852658455.110977
2024-07-30,ada,0.4013773912312091,14113251084.244928,43678.0,27561.0,0.8280796872689999,35162047969.25182,299712.1205419923,1.5847755886941692,67.0,22852658455.110977
2024-07-31,ada,0.388794225165351,13671548988.397547,45172.0,27677.0,0.8035200811150002,35163971333.6358,290987.2817140515,1.6321133070780793,61.0,22852658455.110977
2024-08-01,ada,0.39201881791332804,13785566963.9565,41940.0,26673.0,0.8102946337230001,35165574543.93521,296021.81918148475,1.5723765605668654,52.0,22852658455.110977
2024-08-02,ada,0.363884028296766,12796616542.158915,38986.0,28125.0,0.756007875397,35166744201.59661,279341.1163972695,1.3861688888888888,57.0,22794903139.974785
2024-08-03,ada,0.363421212499056,12780852864.255632,37062.0,27462.0,0.755659879741,35168153164.11623,279874.1496560131,1.349573956740223,37.0,22794903139.974785
2024-08-04,ada,0.34515139329236905,12138523262.311966,33634.0,24212.0,0.7189129153110001,35168692632.30739,266902.03109948325,1.3891458780769865,34.0,22794903139.974785
2024-08-05,ada,0.31454671606763,11062487508.456182,67235.0,36990.0,0.6613634731190001,35169616922.90459,239825.61443954927,1.8176534198432008,26.0,22794903139.974785
2024-08-06,ada,0.3304489145915451,11621925294.864426,38784.0,25274.0,0.695677039856,35170111874.11474,253661.8492641111,1.534541425971354,17.0,22794903139.974785
2024-08-07,ada,0.324075479076821,11398166620.966602,40215.0,28076.0,0.684273778622,35171333090.16788,252910.41583754777,1.4323621598518308,29.0,22810377476.38693
2024-08-08,ada,0.351898615278994,12377952901.390133,50496.0,34947.0,0.7413779477060001,35174770129.67664,276488.87945322006,1.4449308953558246,20.0,22810377476.38693
2024-08-09,ada,0.34758013333732,12226202622.292656,34845.0,23884.0,0.732728005269,35175205512.75972,276730.32273475657,1.4589264779768882,48.0,22810377476.38693
2024-08-10,ada,0.34580287301850904,12163869949.691023,26777.0,19949.0,0.7290951277040001,35175734208.08437,281764.87017471396,1.3422727956288536,40.0,22810377476.38693
2024-08-11,ada,0.32851428998604604,11555827583.775936,28456.0,19567.0,0.6935605163540001,35176027150.19423,272412.77113521006,1.454285276230388,39.0,22810377476.38693
2024-08-12,ada,0.3387815714824,11917282614.989544,36768.0,23510.0,0.7146687843320001,35176891596.68078,284683.60223569494,1.5639302424500212,25.0,22745376906.06062
2024-08-13,ada,0.33987602036355,11956164699.488123,39247.0,25509.0,0.71730634795,35178017815.72926,288257.87894905347,1.5385550197969344,31.0,22745376906.06062
2024-08-14,ada,0.33548268598627,11802007422.677256,32160.0,22671.0,0.708732553614,35179184845.206184,287122.0285534979,1.4185523355829033,30.0,22745376906.06062
2024-08-15,ada,0.32557898073853403,11454400369.66946,33897.0,22830.0,0.688472204486,35181633481.64131,282485.4190564286,1.4847568988173456,29.0,22745376906.06062
2024-08-16,ada,0.330097405927651,11615222763.212328,29832.0,20242.0,0.697851342932,35187258532.283325,290393.0144952151,1.4737674142871258,27.0,22745376906.06062
2024-08-17,ada,0.33653951482799804,11842210885.646496,27940.0,19458.0,0.7113690125550001,35188173643.43956,300154.7970794882,1.4359132490492343,25.0,22781672667.239784
2024-08-18,ada,0.335378490950038,11801898670.177998,31643.0,23807.0,0.7095900513790001,35189790009.330536,301047.99846674607,1.3291468895702945,31.0,22781672667.239784
2024-08-19,ada,0.336431286539498,11847342279.396984,31916.0,22572.0,0.713915845548,35214745932.98882,305792.541544862,1.4139642034378876,28.0,22781672667.239784
2024-08-20,ada,0.343747657993267,12105284863.881065,31882.0,24891.0,0.729245906116,35215614077.34208,316601.0104659418,1.2808645695231209,30.0,22781672667.239784
2024-08-21,ada,0.368864083150227,12990022904.37052,34249.0,24357.0,0.780297759033,35216285612.38933,343700.1099195602,1.4061255491234552,26.0,22781672667.239784
2024-08-22,ada,0.3763907931265211,13255365552.41143,36025.0,23578.0,0.794393638645,35217029200.70029,352164.35097761493,1.5279073712783102,39.0,22600556855.956104
2024-08-23,ada,0.39079835671056,13763637805.091778,41948.0,27549.0,0.8229510095630002,35219282703.60064,364928.00858915615,1.522668699408327,34.0,22600556855.956104
2024-08-24,ada,0.393731697922532,13867171641.871511,36102.0,23835.0,0.829012496924,35219850763.95836,367948.6968801964,1.5146633102580238,56.0,22600556855.956104
2024-08-25,ada,0.386274316972346,13604787493.974438,29056.0,20121.0,0.8140156457809999,35220533429.739845,363918.6685639101,1.4440634163311963,54.0,22600556855.956104
2024-08-26,ada,0.36765607762614705,12949375408.148558,33312.0,23523.0,0.7761801158030002,35221437088.04999,350912.2236076403,1.416145899757684,55.0,22600556855.956104
2024-08-27,ada,0.350435552926789,12343249267.050617,49110.0,35060.0,0.74889560817,35222594180.18953,332737.6909521688,1.4007415858528238,48.0,22600232613.96385
2024-08-28,ada,0.350394454722651,12343728443.968721,50606.0,28643.0,0.749513123173,35228093018.02221,331018.8516402035,1.7667842055650596,30.0,22600232613.96385
2024-08-29,ada,0.35565591966368504,12529260314.313509,34082.0,24187.0,0.7607654967190001,35228600514.11886,338542.0609600617,1.4091040641667012,29.0,22600232613.96385
2024-08-30,ada,0.34708097055299303,12227982562.226316,42380.0,25424.0,0.7444869298360001,35230921887.6041,329322.8950476424,1.6669288860918816,34.0,22600232613.96385
2024-08-31,ada,0.3449235379575771,12152248611.95593,30133.0,20403.0,0.7401397522310001,35231717394.27817,329479.1098687615,1.476890653335294,29.0,22600232613.96385
2024-09-01,ada,0.33138250950931003,11675477840.651424,31256.0,22693.0,0.711994787761,35232631492.65097,317283.19985620433,1.3773410302736526,26.0,22567839323.08353
2024-09-02,ada,0.33610672688582705,11842559840.080254,33805.0,25921.0,0.7227459762280001,35234521932.383354,332615.46592636843,1.3041549322942787,26.0,22567839323.08353
2024-09-03,ada,0.31968093572376,11264322595.398369,32338.0,22248.0,0.689418972466,35236141216.540985,318433.7961456455,1.4535239122617762,26.0,22567839323.08353
2024-09-04,ada,0.32374410200018505,11407760387.59132,35254.0,24869.0,0.698414977204,35236967460.13554,324112.05395408184,1.417588161968716,27.0,22567839323.08353
2024-09-05,ada,0.32484533134000604,11446787214.071608,124718.0,52077.0,0.701001822444,35237653460.65754,302443.0042491722,2.3948768170209496,29.0,22567839323.08353
2024-09-06,ada,0.31434857082483003,11077216464.866756,126312.0,39451.0,0.6820031622980001,35238641091.32378,269424.064732462,3.2017439355149424,22.0,22586623335.121437
2024-09-07,ada,0.32438460862810703,11431583936.917017,53357.0,31678.0,0.7033921402790001,35240833359.090836,271768.29557344684,1.6843550729212702,23.0,22586623335.121437
2024-09-08,ada,0.33844362254604005,11927206790.762554,54622.0,25368.0,0.7324329370820001,35241340052.55201,277388.4215634798,2.1531851151056447,29.0,22586623335.121437
2024-09-09,ada,0.34378395609203305,12115795101.613993,58571.0,28264.0,0.7434966272910001,35242468087.63386,276762.3353523849,2.0722827625247664,26.0,22586623335.121437
2024-09-10,ada,0.343631035609538,12111045916.258373,58417.0,27080.0,0.7440421790580001,35244330870.102036,272393.78311368206,2.157200886262925,33.0,22586623335.121437
2024-09-11,ada,0.35288247733703204,12437942702.361399,48761.0,23712.0,0.763793953012,35246699683.76507,276064.81974668667,2.056384952766532,37.0,22610003947.264706
2024-09-12,ada,0.35624928430171504,12557494185.899418,50894.0,29259.0,0.7708893953710001,35249177301.54431,275012.9541909626,1.7394306025496429,31.0,22610003947.264706
2024-09-13,ada,0.360635404000613,12712372349.425861,41578.0,23756.0,0.7788527619540001,35249928898.839485,275870.36309843167,1.7502104731436268,32.0,22610003947.264706
2024-09-14,ada,0.35440071572623005,12492797341.36414,33592.0,22151.0,0.7660358666630002,35250485642.401085,269922.9855864417,1.516500383729854,50.0,22610003947.264706
2024-09-15,ada,0.338202609765583,11921947312.571938,34931.0,21726.0,0.7321634309089999,35250902767.53142,256937.1353079334,1.6077971094541104,51.0,22610003947.264706
2024-09-16,ada,0.329871916583707,11628931936.404186,41261.0,24370.0,0.7180496227950001,35252870437.8303,248832.369076137,1.693106278210915,39.0,22588758523.424194
2024-09-17,ada,0.33373645376978706,11765868920.297726,35785.0,26252.0,0.726123404696,35254970763.2894,251013.80982078344,1.3631342373914368,33.0,22588758523.424194
2024-09-18,ada,0.341556579451997,12041879675.482965,37800.0,22784.0,0.743183979896,35255885554.31518,256209.03773502784,1.659058988764045,45.0,22588758523.424194
2024-09-19,ada,0.35101731659788504,12375705709.03013,38913.0,27055.0,0.7627429577360001,35256681433.77488,262735.10976078716,1.4382923673997412,49.0,22588758523.424194
2024-09-20,ada,0.352090888554533,12413949876.535583,36484.0,25669.0,0.7664200498710001,35257799278.758865,264643.4119389662,1.4213253340605398,54.0,22588758523.424194
2024-09-21,ada,0.358412969625109,12637104433.175446,29300.0,20800.0,0.7801087741390001,35258502074.837135,270803.1085579924,1.4086538461538463,54.0,22637728145.88196
2024-09-22,ada,0.351525553903146,12394792097.67653,31385.0,23909.0,0.7654540507340001,35260003035.48801,265137.95238112705,1.3126855995650173,52.0,22637728145.88196
2024-09-23,ada,0.363632515249109,12822102624.456867,36111.0,29840.0,0.791021945505,35261155388.35408,273693.3343432714,1.2101541554959785,50.0,22637728145.88196
2024-09-24,ada,0.387234679887757,13654779549.058372,34826.0,26109.0,0.8372905584550001,35262284754.59976,294675.9755691332,1.3338695468995365,54.0,22637728145.88196
2024-09-25,ada,0.380153026640547,13405488080.266771,33518.0,23701.0,0.821798560634,35263399580.77541,293157.1046244483,1.4142019324079154,59.0,22637728145.88196
2024-09-26,ada,0.40087148907088604,14137962580.123634,43437.0,30203.0,0.8639871254300001,35268067112.70908,306932.60593303124,1.4381683938681589,50.0,22656152037.29199
2024-09-27,ada,0.40208575362979404,14181612061.835938,42838.0,32217.0,0.865438361358,35270118211.880615,307770.93554814206,1.3296706707638823,61.0,22656152037.29199
2024-09-28,ada,0.399651510936453,14095956357.55204,36143.0,24924.0,0.8601430435940001,35270619456.74311,304493.63258450007,1.4501283903065318,64.0,22656152037.29199
2024-09-29,ada,0.397171448602036,14008981644.538355,33432.0,22986.0,0.854993951153,35271874888.910484,302107.68782945705,1.4544505351083268,63.0,22656152037.29199
2024-09-30,ada,0.373565069967632,13177059617.063385,39856.0,26287.0,0.806184001685,35273800139.304054,282848.85956497205,1.5161867082588352,61.0,22656152037.29199
2024-10-01,ada,0.35199338786261103,12416587922.878191,42935.0,29061.0,0.7621570854080001,35275060131.88122,264377.3887007906,1.4774095867313581,50.0,22686595602.651203
2024-10-02,ada,0.34392313500090904,12132402036.590855,36742.0,27274.0,0.74793132899,35276492919.14831,258034.4507177974,1.347143799956002,42.0,22686595602.651203
2024-10-03,ada,0.345193205295001,12177348752.002989,33420.0,24367.0,0.7508482706840001,35276907439.693855,278289.19440336374,1.3715270652932245,37.0,22686595602.651203
2024-10-04,ada,0.35129547252063603,12392851636.295359,30787.0,22066.0,0.764230562745,35277572885.791664,307162.14434349595,1.3952234206471494,41.0,22686595602.651203
2024-10-05,ada,0.35033329156491005,12359201112.494112,27000.0,19152.0,0.7622003244840001,35278408903.95137,313645.7889640765,1.4097744360902256,49.0,22686595602.651203
2024-10-06,ada,0.357468369617807,12611415639.363546,26896.0,20846.0,0.777411388801,35279808540.395454,328296.1789251146,1.2902235440851961,50.0,22671216420.970963
2024-10-07,ada,0.352355430827315,12432148065.574677,34969.0,28091.0,0.766751539386,35282975591.959915,330890.2148704633,1.2448471040546794,50.0,22671216420.970963
2024-10-08,ada,0.344050220957919,12139423672.324156,36825.0,23582.0,0.749251033361,35283871170.10146,329869.5606593787,1.5615723857179205,49.0,22671216420.970963
2024-10-09,ada,0.33957900977029104,11981842160.435257,34673.0,25682.0,0.7403136835910001,35284401614.04676,330100.70586471056,1.3500895568880928,49.0,22671216420.970963
2024-10-10,ada,0.33867893947835304,11950318033.9473,33248.0,23277.0,0.738815935029,35285093464.48782,335049.4950364974,1.4283627615242513,39.0,22671216420.970963
2024-10-11,ada,0.35128904607474604,12395535946.832975,32650.0,25678.0,0.765889933849,35285859565.90146,350666.88743936474,1.27151647324558,32.0,22476173550.896675
2024-10-12,ada,0.35328851915632803,12466938350.992277,32295.0,26110.0,0.7705572027180001,35288263487.203026,353149.62044775084,1.2368824205285331,49.0,22476173550.896675
2024-10-13,ada,0.347536125117783,12264115252.404526,29186.0,22679.0,0.7583858696900001,35288749473.880196,349435.2147543558,1.286917412584329,50.0,22476173550.896675
2024-10-14,ada,0.363736135499625,12836463351.540686,35514.0,27095.0,0.792010356638,35290591444.56083,367894.3157228683,1.3107215353386235,48.0,22476173550.896675
2024-10-15,ada,0.357725017999511,12624759243.972017,39674.0,26641.0,0.780691331877,35291798472.952415,360392.2476275507,1.489208363049435,65.0,22476173550.896675
2024-10-16,ada,0.353120912350576,12462655722.116148,38558.0,26688.0,0.771636469448,35292884919.099075,355490.0446908942,1.444769184652278,73.0,22493985848.363255
2024-10-17,ada,0.34313213547577104,12110695024.768661,36846.0,27635.0,0.7506963609870001,35294552076.7868,346179.52432501776,1.333309209335987,71.0,22493985848.363255
2024-10-18,ada,0.35047101768468003,12370293080.352573,34657.0,25548.0,0.767559583262,35296194139.17464,354260.7822168819,1.356544543604196,73.0,22493985848.363255
2024-10-19,ada,0.351704967280308,12414244837.038591,43748.0,26959.0,0.7704296432009999,35297325861.03758,350342.3866670704,1.6227604881486701,72.0,22493985848.363255
2024-10-20,ada,0.36463835729108407,12871035762.423712,37810.0,30124.0,0.7981236407160001,35298085089.136696,360896.42171679775,1.2551453990173949,73.0,22493985848.363255
2024-10-21,ada,0.36119631976169997,12750106699.265333,47918.0,29119.0,0.789643473692,35299658389.86743,353328.0228141395,1.6455922250077268,72.0,22481238040.04045
2024-10-22,ada,0.364199441867178,12856828117.136549,40955.0,27853.0,0.7962143893157728,35301614003.64084,354137.29774804815,1.4703981617779054,70.0,22481238040.04045
2024-10-23,ada,0.34970870718954805,12345501695.555353,38259.0,24031.0,0.7658339243676076,35302242814.514435,338474.3593772367,1.5920685780866382,71.0,22481238040.04045
2024-10-24,ada,0.346118893358343,12219325003.81513,36766.0,23228.0,0.7582350297800711,35303837029.099266,337217.7213747523,1.582831065954882,69.0,22481238040.04045
2024-10-25,ada,0.32370330173309103,11428288225.101177,42340.0,25049.0,0.7109392600935518,35304824399.11704,315542.29288851906,1.690287037406683,72.0,22481238040.04045
2024-10-26,ada,0.33322912641128904,11764841190.229073,36728.0,24797.0,0.7318431667661782,35305560822.1602,324647.4561381136,1.4811469129330161,,22380307136.01812
2024-10-27,ada,0.339866031808279,11999748947.422499,39091.0,35046.0,0.7462584422434433,35307291180.51917,329293.1716572907,1.115419734063802,74.0,22380307136.01812
2024-10-28,ada,0.343840665443226,12140833129.740059,40526.0,25812.0,0.7558327503297368,35309474270.85154,332946.1317283193,1.5700449403378274,72.0,22380307136.01812
2024-10-29,ada,0.35564535565889704,12558037064.980427,42088.0,29805.0,0.7815233764303501,35310561111.40382,344673.3215961786,1.4121120617346083,72.0,22380307136.01812
2024-10-30,ada,0.35553435464370403,12554848943.96511,36049.0,25501.0,0.7809228448862077,35312618260.32777,344820.0550390819,1.4136308380063527,77.0,22380307136.01812
2024-10-31,ada,0.342065238698447,12079603784.07923,50233.0,28011.0,0.7530079627857438,35313742577.41575,326384.73047018587,1.7933311913176966,77.0,22355453996.921234
2024-11-01,ada,0.35678567453063303,12600301170.619207,53401.0,29763.0,0.7843656746988608,35316163372.29752,333182.95705776435,1.7942075731613076,75.0,22355453996.921234
2024-11-02,ada,0.346907385905071,12251986984.417097,41595.0,23610.0,0.7627309338992989,35317746125.38741,319568.0248716614,1.7617534942820838,72.0,22355453996.921234
2024-11-03,ada,0.33406405363244907,11798586631.780367,36326.0,23766.0,0.7353504723547946,35318336419.2834,305062.22545714054,1.5284860725406042,74.0,22355453996.921234
2024-11-04,ada,0.32585448222727004,11509009608.24845,39048.0,23890.0,0.7187632253541505,35319476134.20089,296458.3199841,1.6344914190037674,70.0,22355453996.921234
2024-11-05,ada,0.334155280684077,11802927143.16427,40590.0,28761.0,0.7371019221522429,35321683736.38004,302979.8711450235,1.4112861166162511,70.0,22411934449.12926
2024-11-06,ada,0.363200794369111,12829533495.441383,54435.0,35495.0,0.7991403887305412,35323528181.50249,323472.25557466835,1.5335962811663615,70.0,22411934449.12926
2024-11-07,ada,0.401324252665607,14178332859.47675,65395.0,37892.0,0.8775153496875637,35328871268.81534,347422.7015810615,1.7258260318800802,77.0,22411934449.12926
2024-11-08,ada,0.444304846500357,15697877896.480463,72240.0,44924.0,0.9605746122742715,35331322672.0966,371776.50564164476,1.6080491496750067,75.0,22411934449.12926
2024-11-09,ada,0.486348328071298,17183977117.90876,52184.0,32898.0,1.0444770842995785,35332653832.80933,400239.0358200616,1.5862362453644598,75.0,22411934449.12926
2024-11-10,ada,0.5890330992989811,20814859065.754654,122221.0,88202.0,1.2374533169409154,35337333488.60496,449983.2487317588,1.385694201945534,78.0,22423816005.46906
2024-11-11,ada,0.612369368693091,21642667046.052204,82913.0,67164.0,1.2701324188511267,35342504299.719696,451361.07958881214,1.2344857364064081,76.0,22423816005.46906
2024-11-12,ada,0.575723061831397,20349267067.762207,70631.0,56934.0,1.1937777535870389,35345582653.976746,414822.2220342323,1.2405768082340956,80.0,22423816005.46906
2024-11-13,ada,0.579142176084358,20471485523.686623,65970.0,48745.0,1.1978015811208393,35347944544.63068,409148.2749103477,1.3533695763668068,84.0,22423816005.46906
2024-11-14,ada,0.577414558833461,20411261645.53085,69371.0,43170.0,1.1910864199694344,35349405956.73117,398688.60156127135,1.6069261060921936,88.0,22423816005.46906
2024-11-15,ada,0.697753442752148,24667490725.711044,89590.0,58282.0,1.4079401282541657,35352732375.51518,464041.9211499363,1.5371812909646203,80.0,22331739656.036655
2024-11-16,ada,0.7394165847446251,26145379277.809315,109733.0,79975.0,1.478101830600835,35359470990.00929,470964.8700395269,1.372091278524539,86.0,22331739656.036655
2024-11-17,ada,0.7024490749159491,24840395372.538025,81201.0,53392.0,1.3958795081530422,35362556887.85736,435306.28135555686,1.5208458195984418,90.0,22331739656.036655
2024-11-18,ada,0.7359398609011001,26026942138.188324,104339.0,59358.0,1.4455842831470422,35365582870.209526,440543.13268823887,1.7577917045722564,83.0,22331739656.036655
2024-11-19,ada,0.7383143677011471,26113156470.132694,102296.0,49982.0,1.4437538533421987,35368614796.756485,426198.33020240953,2.0466567964467206,90.0,22331739656.036655
2024-11-20,ada,0.8038482289324441,28433588414.556896,136635.0,72598.0,1.5288725838835555,35371836860.694855,438902.4279302142,1.882076641229786,83.0,22226152478.28683
2024-11-21,ada,0.8181370162500331,28941866362.219482,110857.0,59978.0,1.537039632609941,35375329299.82291,429216.6835319776,1.8482943746040215,82.0,22226152478.28683
2024-11-22,ada,1.0069302097713,35625595170.129555,138320.0,93829.0,1.8131316809711164,35380401565.48789,502779.0564966172,1.4741710984876744,94.0,22226152478.28683
2024-11-23,ada,1.06894132373237,37825017390.232506,146451.0,113482.0,1.8649942847123147,35385494554.70647,505844.11207300954,1.290521844874077,93.0,22226152478.28683
2024-11-24,ada,1.02621692706994,36317494991.20348,102777.0,69284.0,1.7889740399684162,35389686169.86019,471346.43068380334,1.4834160845216788,80.0,22226152478.28683
2024-11-25,ada,0.9495023223789462,33605292245.37173,116396.0,61042.0,1.6572118101059208,35392532965.2431,421329.2002007843,1.9068182562825595,82.0,22138381507.576588
2024-11-26,ada,0.9583848624333571,33922528652.187046,113100.0,54518.0,1.6598328407373215,35395518003.12988,412199.8172376379,2.074544187240911,79.0,22138381507.576588
2024-11-27,ada,1.0122597213065,35831677918.49078,100595.0,52011.0,1.7308001010461047,35397711836.48765,423534.6039048354,1.934110092095903,75.0,22138381507.576588
2024-11-28,ada,1.03315629509835,36575044826.8857,79777.0,49041.0,1.7515785606620495,35401269876.02005,426995.83309649344,1.6267408902754839,77.0,22138381507.576588
2024-11-29,ada,1.07151715129228,37934358994.19015,104909.0,55998.0,1.7935254252634465,35402474844.60724,433554.1122526982,1.8734419086395944,78.0,22138381507.576588
2024-11-30,ada,1.07923541343057,38209964446.44457,113973.0,62983.0,1.7943158708139042,35404661458.417496,424172.56359658454,1.809583538415128,84.0,21944929264.932198
2024-12-01,ada,1.1488874985422801,40679104473.50001,119012.0,73345.0,1.8912732236183767,35407387168.12052,437248.69575989497,1.6226327629695276,81.0,21944929264.932198
2024-12-02,ada,1.19977492325402,42483964331.871475,141125.0,87803.0,1.9232657513895206,35409945239.267715,439429.3246533852,1.607291322619956,80.0,21944929264.932198
2024-12-03,ada,1.19964815588407,42487529397.45739,144311.0,96743.0,1.8976298321407041,35416658783.713615,423249.26101004356,1.4916944895237898,76.0,21944929264.932198
2024-12-04,ada,1.1822931170839701,41875726694.824585,116981.0,73922.0,1.857304453859601,35419073400.43361,408074.0344666359,1.5824923568085278,78.0,21944929264.932198
2024-12-05,ada,1.16490348793355,41262062666.42254,105939.0,71645.0,1.819982203074673,35421013924.182076,396499.11428425414,1.4786656431014027,84.0,21924175535.46516
2024-12-06,ada,1.23107847834472,43609780610.68927,122103.0,66195.0,1.8973165923069313,35424045970.91648,412008.5491155679,1.8445955132562883,72.0,21924175535.46516
2024-12-07,ada,1.21324866973334,42979569642.26763,110715.0,58372.0,1.8674347511624052,35425194120.93327,398190.5976338398,1.8967141780305625,75.0,21924175535.46516
2024-12-08,ada,1.19298508577364,42263897847.655205,110105.0,54976.0,1.8365733428713347,35427012752.8438,393136.21186307736,2.002783032596042,79.0,21924175535.46516
2024-12-09,ada,1.00646656094522,35658383045.59422,104310.0,54752.0,1.583646675633649,35429277463.63055,329350.97461824067,1.905135885447107,78.0,21924175535.46516
2024-12-10,ada,1.02079182931736,36168046562.743515,111632.0,53169.0,1.6101327644828198,35431363696.28897,329600.5607628709,2.099569297899152,78.0,21802449607.2981
2024-12-11,ada,1.0905463669782,38641545795.78147,110695.0,54491.0,1.7119923932572658,35433198409.39318,347089.25381679006,2.031436383990017,74.0,21802449607.2981
2024-12-12,ada,1.12256052038446,39777380968.82456,104638.0,49312.0,1.7484288484953006,35434509094.62005,353294.6447922017,2.121958144062297,83.0,21802449607.2981
2024-12-13,ada,1.11639121679073,39559751897.06615,80322.0,41758.0,1.7258809303777127,35435384390.41814,352397.71265759645,1.9235116624359405,76.0,21802449607.2981
2024-12-14,ada,1.06030739515459,37573273377.02955,77980.0,40092.0,1.6434095044827335,35436207979.62224,338117.84774671827,1.9450264391898633,83.0,21802449607.2981
2024-12-15,ada,1.10127890447857,39027168610.32615,85013.0,42993.0,1.700328106268167,35438042490.06713,350771.5521650625,1.9773684088107366,80.0,21737769803.656857
2024-12-16,ada,1.07994422858325,38274038748.41048,86665.0,50587.0,1.6703902918295603,35440754934.74433,345965.2679709834,1.7131871824777116,83.0,21737769803.656857
2024-12-17,ada,1.0511407378811,37254339204.5541,86190.0,45679.0,1.6276675939798513,35441818456.82413,338508.0955758656,1.8868626721250465,87.0,21737769803.656857
2024-12-18,ada,0.9715110508739241,34433208183.63623,72528.0,40731.0,1.5151769765415872,35442940306.91858,319521.36217801186,1.780658466524269,81.0,21737769803.656857
2024-12-19,ada,0.886340860922144,31415096346.583427,75917.0,45455.0,1.3909171965061353,35443583537.26279,294930.05573696777,1.6701572984270157,75.0,21737769803.656857
2024-12-20,ada,0.950374984401118,33685988709.471256,70781.0,46714.0,1.5005900977232132,35444944640.139694,323577.0492240647,1.5151988697178576,74.0,21717339085.15295
2024-12-21,ada,0.90249705517454,31990854779.662197,64547.0,38223.0,1.4334297682888217,35447046166.23405,316178.09792411444,1.6886952881772754,73.0,21717339085.15295
2024-12-22,ada,0.8833972490784371,31314461629.158142,59620.0,33234.0,1.405455572983137,35447769009.7241,314280.6285206018,1.7939459589576938,73.0,21717339085.15295
2024-12-23,ada,0.9249830183095331,32789488596.484665,97708.0,32827.0,1.4687800261709691,35448746568.78523,331303.645508942,2.9764523105979834,70.0,21717339085.15295
2024-12-24,ada,0.936332261653625,33192145661.63843,137181.0,30566.0,1.484908754815975,35449110343.60697,332482.87770416477,4.4880259111431,73.0,21717339085.15295
2024-12-25,ada,0.9160593937330511,32474920859.65299,46523.0,28014.0,1.4560448640408106,35450671737.903175,331715.22839277826,1.660705361604912,73.0,21697209082.962925
2024-12-26,ada,0.85824355865764,30427557981.090504,74574.0,34400.0,1.372780121404024,35453290239.29009,311393.4786736002,2.167848837209302,79.0,21697209082.962925
2024-12-27,ada,0.872944579980511,30949665480.992153,59178.0,32956.0,1.3964306631727035,35454330310.04456,322120.79900938435,1.7956669498725573,74.0,21697209082.962925
2024-12-28,ada,0.887865541950969,31479554009.730927,60185.0,28816.0,1.418430504531151,35455316736.99004,334320.0710464741,2.0885966129927818,72.0,21697209082.962925
2024-12-29,ada,0.8564804541956601,30367540792.687935,59844.0,30360.0,1.3707298629789022,35456198263.39969,329914.19045255025,1.9711462450592885,73.0,21697209082.962925
2024-12-30,ada,0.8578274664965551,30417366741.526466,57918.0,34163.0,1.3756761360988115,35458606689.004425,341479.9905067036,1.6953429148493984,65.0,21804749802.154926
2024-12-31,ada,0.842953674769493,29893682751.419754,52755.0,35028.0,1.356629847402931,35463019672.57481,348389.9033150041,1.5060808496060294,64.0,21804749802.154926
2025-01-01,ada,0.915813572293524,32478554499.03058,63937.0,29745.0,1.4660359544575559,35464155021.95789,387060.38084346184,2.1495041183392165,66.0,21804749802.154926
2025-01-02,ada,0.9617289881035441,34108352074.42071,59956.0,38253.0,1.5280408966941386,35465658721.257614,414597.597626146,1.567354194442266,70.0,21804749802.154926
2025-01-03,ada,1.09366379562443,38790281269.318726,79441.0,47179.0,1.6927616010716993,35468195458.707054,480405.17163878685,1.6838211916318702,74.0,21804749802.154926
2025-01-04,ada,1.07147775308277,38005145054.84685,57936.0,38350.0,1.6531386276952862,35469840550.12014,481932.0601915564,1.5107170795306388,73.0,21817460645.66109
2025-01-05,ada,1.09635066465415,38889470725.869576,51223.0,35887.0,1.6841732142095929,35471744560.977196,506656.7561393154,1.4273413771003427,72.0,21817460645.66109
2025-01-06,ada,1.09347362794876,38788895115.21392,56749.0,38971.0,1.676211255031832,35473096125.76369,516782.6698943061,1.456185368607426,76.0,21817460645.66109
2025-01-07,ada,0.9956210128055051,35319192884.96133,54625.0,38199.0,1.544181894128746,35474535421.301865,483675.7185674844,1.4300112568391843,78.0,21817460645.66109
2025-01-08,ada,0.947926348493875,33627962324.88629,55005.0,32127.0,1.4770259394310734,35475290225.14936,473409.6646990261,1.7121113082454011,70.0,21817460645.66109
2025-01-09,ada,0.9055937666128531,32127602383.058422,48047.0,31739.0,1.4306580290355533,35476836930.1212,465533.57196821476,1.5138158102019597,69.0,21783994147.298656
2025-01-10,ada,0.931816113929492,33059556783.891712,56604.0,32831.0,1.471054574487761,35478627477.77427,484990.5900823983,1.724102220462368,50.0,21783994147.298656
2025-01-11,ada,0.997749709842324,35399698296.48996,50023.0,29493.0,1.5679283815734295,35479537550.63906,527040.879675371,1.696097379039094,69.0,21783994147.298656
2025-01-12,ada,0.9675928003815651,34330810856.59651,50060.0,30926.0,1.5223746686688737,35480639007.50227,520806.35415160604,1.6187027096941085,62.0,21783994147.298656
2025-01-13,ada,0.944604851192537,33516339711.136143,59730.0,31028.0,1.488546392878746,35481862779.788506,515980.4550355385,1.925035451849942,61.0,21783994147.298656
2025-01-14,ada,0.995597538976793,35326683979.38346,71771.0,33324.0,1.558434575564378,35482896046.21744,548196.5141344588,2.153733045252671,63.0,21814492372.711964
2025-01-15,ada,1.08055961464018,38343366230.94077,77427.0,43237.0,1.666298747700358,35484730052.31543,593398.0121576119,1.7907579156740754,70.0,21814492372.711964
2025-01-16,ada,1.08918029969127,38650330210.09131,81885.0,46226.0,1.6732596339365007,35485704452.28105,596182.0030169992,1.7714057024185523,75.0,21814492372.711964
2025-01-17,ada,1.13630444519266,40323629687.88884,86218.0,47362.0,1.7300527881736172,35486642561.758156,616747.7651684288,1.8204045437270386,75.0,21814492372.711964
2025-01-18,ada,1.09273729960856,38778301303.423874,68485.0,40591.0,1.6666970063739763,35487304512.543884,591838.9304395645,1.687196669212387,77.0,21814492372.711964
2025-01-19,ada,0.9888599192476191,35094635455.330666,75804.0,49359.0,1.523252272918012,35489996886.54857,530934.7526622433,1.535768552847505,77.0,21798903569.41791
2025-01-20,ada,1.01243775673625,35933925097.04307,72451.0,50828.0,1.5608341870006939,35492478286.15326,551153.444177847,1.425415125521366,76.0,21798903569.41791
2025-01-21,ada,1.00309723091262,35603886936.04517,66560.0,40102.0,1.5486298262490785,35493953964.61486,568067.0586759606,1.6597675926387712,76.0,21798903569.41791
2025-01-22,ada,0.981530118456101,34840986109.389465,53270.0,35164.0,1.5205451043714824,35496604183.87633,553765.798903935,1.514901603913093,84.0,21798903569.41791
2025-01-23,ada,0.9896511665664951,35130124645.7483,53219.0,33227.0,1.5354873961488325,35497482176.09754,565212.95110225,1.6016793571493062,75.0,21798903569.41791
2025-01-24,ada,0.970376867228079,34447324213.01357,55144.0,36761.0,1.4963331488856868,35498913232.972824,555514.9642247183,1.500068006855091,75.0,21765141117.698006
2025-01-25,ada,0.9786529281660071,34742974962.140114,52101.0,34561.0,1.5090776193263433,35500813375.43061,562903.6302415727,1.5075084632967797,75.0,21765141117.698006
2025-01-26,ada,0.955569127214996,33924252701.352467,53214.0,32789.0,1.476391961097023,35501620694.07226,551755.4887130548,1.6229223215102626,73.0,21765141117.698006
2025-01-27,ada,0.931733672682547,33078520847.994526,60519.0,38174.0,1.4428590155078915,35502120206.47319,537188.6141265664,1.5853460470477287,71.0,21765141117.698006
2025-01-28,ada,0.9135904337542871,32435330004.704193,56588.0,34436.0,1.416883679554763,35503141020.65978,525574.9101452538,1.6432802880706239,72.0,21765141117.698006
2025-01-29,ada,0.9449486269428271,33549919383.39934,53541.0,34624.0,1.464196949074473,35504490325.514,546925.9026774524,1.5463551293900184,72.0,21731394373.8854
2025-01-30,ada,0.9637768669694101,34221262748.604073,81503.0,43145.0,1.4901630781265593,35507453977.61269,550958.3495784499,1.889048557190868,70.0,21731394373.8854
2025-01-31,ada,0.942271802340878,33458615401.3006,61772.0,40196.0,1.457964161401227,35508454480.09761,544208.7601883136,1.5367698278435664,76.0,21731394373.8854
2025-02-01,ada,0.896353581467199,31828896748.4598,57986.0,31618.0,1.390871166529026,35509309503.020645,517686.1367932567,1.833955341893858,68.0,21731394373.8854
2025-02-02,ada,0.7892828856056641,28028240549.650867,57257.0,36503.0,1.2332400528899305,35511020270.182495,454277.50349928875,1.568556009095143,60.0,21731394373.8854
2025-02-03,ada,0.811143111043027,28805372886.107037,86314.0,49098.0,1.273673112739396,35512072399.98252,459017.6332624393,1.757994215650332,44.0,21732597322.645824
2025-02-04,ada,0.7435491894610741,26406048360.880516,58885.0,34111.0,1.1769861077610182,35513519125.77522,419766.37341489864,1.7262759813549882,72.0,21732597322.645824
2025-02-05,ada,0.732804861361635,26024933010.532475,46538.0,29282.0,1.161975990024374,35514138050.57895,415706.2427948112,1.589304009288983,54.0,21732597322.645824
2025-02-06,ada,0.7046573561768381,25025566289.433376,44291.0,26973.0,1.1240843846875679,35514517900.17652,400601.34927858773,1.6420494568642716,49.0,21732597322.645824
2025-02-07,ada,0.704262687743881,25011815072.614777,40416.0,25600.0,1.1291629601046786,35514894524.28696,404121.2564503141,1.57875,44.0,21732597322.645824
2025-02-08,ada,0.7025240460234161,24950686644.14469,34563.0,25462.0,1.1272924650169358,35515775987.136894,406762.35510206124,1.3574346084361009,44.0,21755527964.838127
2025-02-09,ada,0.6795788349665781,24136224622.009857,41284.0,27543.0,1.094445337242155,35516445451.39033,395505.38492562686,1.4988926405983372,46.0,21755527964.838127
2025-02-10,ada,0.708298668151609,25157684542.49385,39444.0,28141.0,1.140478614519885,35518469360.03123,417196.3440965547,1.4016559468391314,43.0,21755527964.838127
2025-02-11,ada,0.780231225188864,27713003510.821953,45905.0,30432.0,1.2521874524658156,35518962348.77513,466721.7405574784,1.508445057833859,47.0,21755527964.838127
2025-02-12,ada,0.796895724865419,28305144257.580215,43504.0,27062.0,1.2736961846061914,35519257255.847916,486623.08436945814,1.6075678072574089,46.0,21755527964.838127
2025-02-13,ada,0.8088385550598741,28729862180.553413,40737.0,28154.0,1.290803883745515,35519897018.789734,506727.27785882424,1.4469347162037365,50.0,21837205631.43793
2025-02-14,ada,0.799593512262622,28402452288.278133,39248.0,29236.0,1.275776690143311,35521113981.91224,516226.2034047656,1.3424545081406485,48.0,21837205631.43793
2025-02-15,ada,0.7816998941436331,27767114335.978313,40708.0,29751.0,1.2474853625910198,35521450807.407,513945.4492019207,1.3682901415078486,50.0,21837205631.43793
2025-02-16,ada,0.7732642629827101,27467746998.680958,50087.0,25513.0,1.235002150431119,35521810994.76872,517196.7540834679,1.9631952338023753,54.0,21837205631.43793
2025-02-17,ada,0.8063326273838322,28642748157.304737,48895.0,27490.0,1.284454485950807,35522248740.2462,548001.9025745478,1.7786467806475081,51.0,21837205631.43793
2025-02-18,ada,0.7536313518770951,26771557753.607983,45866.0,28297.0,1.206793766665711,35523412988.229805,519548.1956260182,1.620878538360957,47.0,21854080344.7584
2025-02-19,ada,0.772996726675443,27460225740.934948,42952.0,27257.0,1.2382259175675427,35524375192.42514,536751.4967013025,1.5758153868730969,44.0,21854080344.7584
2025-02-20,ada,0.80418907236263,28568706833.902637,40345.0,29234.0,1.2858715011281232,35524863263.7727,563482.5633779446,1.380071150030786,49.0,21854080344.7584
2025-02-21,ada,0.761307332063157,27045603782.17576,47085.0,29035.0,1.2199678430899183,35525211229.585396,536486.8257409037,1.6216635095574308,55.0,21854080344.7584
2025-02-22,ada,0.7748045706171591,27525332888.502186,47990.0,28091.0,1.240929255534414,35525516926.90363,547597.740345082,1.7083763482966074,49.0,21854080344.7584
2025-02-23,ada,0.768973992481668,27318719895.60828,39943.0,25875.0,1.2313987002755546,35526194855.36053,548660.7456192676,1.5436908212560387,50.0,21872113567.830105
2025-02-24,ada,0.68353913165357,24284575680.290665,45992.0,30404.0,1.1056916600487248,35527703617.411224,492859.4502243983,1.5126956979344823,49.0,21872113567.830105
2025-02-25,ada,0.6851749906137751,24343684290.113014,47496.0,32033.0,1.1123370386600395,35529148938.005035,497336.58176127076,1.4827209440264728,25.0,21872113567.830105
2025-02-26,ada,0.645714066292945,22941900141.245712,38082.0,25439.0,1.055144924527059,35529503442.53074,474045.3785694213,1.4969928063210032,21.0,21872113567.830105
2025-02-27,ada,0.645017666392601,22917405032.648018,36726.0,24407.0,1.0560912456722111,35529887360.788895,489721.4027159541,1.5047322489449748,10.0,21872113567.830105
2025-02-28,ada,0.632722766102768,22481327643.499477,50094.0,32381.0,1.0404309445835378,35531086990.86706,484722.91557197866,1.547018313208363,16.0,21796340953.63521
2025-03-01,ada,0.658727784121119,23406175704.309856,34073.0,25037.0,1.0833304047241321,35532394820.02206,514130.88342591,1.3609058593281942,20.0,21796340953.63521
2025-03-02,ada,1.11498711490368,39622562239.970146,93141.0,70681.0,1.7518129138997156,35536340923.00072,846504.16351481,1.317765736195017,26.0,21796340953.63521
2025-03-03,ada,0.8603203678867951,30575876374.977913,76477.0,61094.0,1.3091731253525034,35540105193.698296,658169.0175868404,1.251792320031427,33.0,21796340953.63521
2025-03-04,ada,0.941674589376816,33467997451.382225,58572.0,39276.0,1.411890324474389,35540937207.969864,720597.5210493429,1.4912923923006416,15.0,21796340953.63521
2025-03-05,ada,0.9793944181780551,34810535747.88844,53091.0,39079.0,1.4531610154530674,35542918258.24951,745745.8153941612,1.3585557460528672,20.0,21823502285.947056
2025-03-06,ada,0.90955834733578,32330268106.147247,44230.0,35271.0,1.3560303486171779,35545018305.69418,692643.3892235203,1.2540047064160358,25.0,21823502285.947056
2025-03-07,ada,0.815043703446472,28972096944.022152,44632.0,32521.0,1.226788077140938,35546679057.22297,618702.1240949786,1.3724055225854064,34.0,21823502285.947056
2025-03-08,ada,0.804810342977603,28608609434.738136,34264.0,25562.0,1.2115129131133089,35547020095.30994,611079.1624850711,1.3404271966199828,28.0,21823502285.947056
2025-03-09,ada,0.719474670441381,25575503136.863598,38665.0,28910.0,1.0925164778132275,35547468434.39758,547385.7230242835,1.3374264960221376,27.0,21823502285.947056
2025-03-10,ada,0.6760743278076501,24033953143.918205,43573.0,31005.0,1.041994354365708,35549276396.656944,512773.9507211058,1.405353975165296,20.0,21673243447.482265
2025-03-11,ada,0.7227478734452231,25693854529.958054,42555.0,30218.0,1.1122470082961708,35550231932.85866,549591.5097281145,1.4082665960685683,24.0,21673243447.482265
2025-03-12,ada,0.7337569446284481,26085444342.986263,33091.0,24870.0,1.1300202836134685,35550524644.363174,562441.7196876779,1.3305589063128267,34.0,21673243447.482265
2025-03-13,ada,0.702325238379811,24968324054.510143,30144.0,23389.0,1.0847990151082134,35550942341.3423,542782.4893043212,1.2888109795202873,45.0,21673243447.482265
2025-03-14,ada,0.739764544820233,26300643894.070362,28404.0,23603.0,1.1402918261034856,35552722928.16029,576600.0604725985,1.2034063466508496,27.0,21673243447.482265
2025-03-15,ada,0.747862804471732,26589071504.694855,29416.0,22799.0,1.1508388428595124,35553408119.38974,588123.213897243,1.2902320277205142,46.0,21637834989.75987
2025-03-16,ada,0.70511766203651,25070059997.173904,29084.0,22647.0,1.0899671622017078,35554434879.37452,563879.8982075909,1.2842319070958625,30.0,21637834989.75987
2025-03-17,ada,0.7178269849184791,25522497589.738235,27852.0,20719.0,1.1091623449492671,35555221698.21567,583926.6996880058,1.3442733722670013,32.0,21637834989.75987
2025-03-18,ada,0.702287242990811,24970748960.159565,26437.0,22760.0,1.0874884959004223,35556318599.51967,580519.3355765977,1.161555360281195,34.0,21637834989.75987
2025-03-19,ada,0.7436139450319631,26440645852.105824,28722.0,23477.0,1.1488332320195256,35556952675.18056,622040.8442608177,1.2234101461004387,32.0,21637834989.75987
2025-03-20,ada,0.716031140866843,25460393981.532997,26903.0,23889.0,1.1116496632064705,35557662967.99618,605821.7332744052,1.1261668550378836,49.0,21655503103.340813
2025-03-21,ada,0.705191852672533,25076069908.45883,32529.0,23009.0,1.095926008041243,35559216705.95832,604150.1021675228,1.413751140857925,31.0,21655503103.340813
2025-03-22,ada,0.699898962214735,24887981843.006554,26560.0,20713.0,1.0889917101740647,35559392407.515396,610882.939618727,1.2822864867474533,32.0,21655503103.340813
2025-03-23,ada,0.7079745980754311,25175383510.90142,27658.0,20948.0,1.1014803760983254,35559727113.56957,624664.4668945635,1.3203169753675768,30.0,21655503103.340813
2025-03-24,ada,0.729364053260491,25936270495.715996,33110.0,23987.0,1.132901168781032,35560116213.25805,650975.2083264665,1.3803310126318422,45.0,21655503103.340813
2025-03-25,ada,0.7441835127199901,26463730532.769127,32199.0,26012.0,1.1512933135056727,35560758980.05885,673448.3596212756,1.2378517607258188,46.0,21726082507.63852
2025-03-26,ada,0.726002886562089,25833953580.965816,34232.0,27298.0,1.1241293826310257,35583816619.930824,659730.271285862,1.2540112828778665,47.0,21726082507.63852
2025-03-27,ada,0.7381063730735491,26264870236.05629,27019.0,20546.0,1.141865040923585,35584126074.79154,676725.9547334115,1.315049157986956,40.0,21726082507.63852
2025-03-28,ada,0.7052322088597571,25095605939.61844,28253.0,22013.0,1.0940976784074303,35584883424.70043,659861.211725308,1.2834688593104076,44.0,21726082507.63852
2025-03-29,ada,0.671855941848106,23908549895.059547,24900.0,18378.0,1.0447618888338042,35585827862.58192,634111.1618987995,1.354880835781913,26.0,21726082507.63852
2025-03-30,ada,0.659487922175427,23468975071.44155,24973.0,21518.0,1.0307877348901313,35586663958.94767,665419.0968516509,1.1605632493726183,32.0,21766071182.100258
2025-03-31,ada,0.6608039558052481,23517940928.99464,32448.0,25002.0,1.0357041052794083,35589891256.531525,697923.8783569647,1.2978161747060235,34.0,21766071182.100258
2025-04-01,ada,0.67834814999224,24142803713.466312,28563.0,21454.0,1.068009814824926,35590579429.961586,740003.638699054,1.3313601193250675,34.0,21766071182.100258
2025-04-02,ada,0.6412834194656921,22824515563.118298,27751.0,20631.0,1.0140913703451846,35591931539.62308,719556.6101502447,1.345111725073918,44.0,21766071182.100258
2025-04-03,ada,0.6489483270617031,23097474236.070576,29378.0,21854.0,1.0270604856898113,35592162384.71701,740545.2541293532,1.3442847991214424,25.0,21766071182.100258
2025-04-04,ada,0.6599617437618571,23489977190.81308,29414.0,21544.0,1.0429429299573676,35592937640.47221,766486.0282028328,1.3652989231340513,28.0,21812491878.436516
2025-04-05,ada,0.6537899042997981,23271049904.327316,23580.0,18820.0,1.0336713194050446,35594079613.7719,768915.9799544789,1.252922422954304,30.0,21812491878.436516
2025-04-06,ada,0.570084212787988,20292126229.438774,32032.0,23767.0,0.9070827652200397,35594962593.68497,675776.7007115842,1.347751083435015,34.0,21812491878.436516
2025-04-07,ada,0.5858794791863691,20854921653.175785,47832.0,33808.0,0.9321857639214107,35595924407.759995,691018.7651563088,1.4148130619971604,23.0,21812491878.436516
2025-04-08,ada,0.557418138298021,19843037622.715485,36167.0,23458.0,0.8904176524744203,35598119722.66051,662498.5285130925,1.5417767925654362,24.0,21812491878.436516
2025-04-09,ada,0.633478994211743,22551647819.14498,35288.0,25645.0,1.0078967770843343,35599677377.158615,750963.4784599113,1.3760187170988496,18.0,21839712488.76893
2025-04-10,ada,0.608692403663283,21670516793.578144,31461.0,27047.0,0.971489117223412,35601753304.55719,720493.5733736121,1.1631973971235257,39.0,21839712488.76893
2025-04-11,ada,0.623716595241233,22206299912.390408,30375.0,22965.0,0.9948808382474106,35603189143.62338,736583.2016960909,1.3226649248856956,25.0,21839712488.76893
2025-04-12,ada,0.659050390379814,23464767115.42859,25158.0,18574.0,1.0536439603087389,35603904432.7183,782272.5196183261,1.3544739959082588,43.0,21839712488.76893
2025-04-13,ada,0.6366658996940181,22668353665.932552,24408.0,17530.0,1.0188004370815205,35604786869.890434,759952.5655423616,1.3923559612093555,45.0,21839712488.76893
2025-04-14,ada,0.6353512919525831,22622141828.190937,28815.0,22295.0,1.0174097895016048,35605722558.09508,757529.8788987177,1.292442251625925,31.0,21832860292.651207
2025-04-15,ada,0.608924468405775,21682064036.019634,28056.0,23869.0,0.9790370895886971,35607148605.45092,724647.1560790726,1.1754158113033641,38.0,21832860292.651207
2025-04-16,ada,0.61051739876731,21738955814.851376,26498.0,18773.0,0.9815972047793886,35607430449.556885,728482.4103784749,1.4114952325147818,29.0,21832860292.651207
2025-04-17,ada,0.6178514880206741,22000477790.15763,25504.0,18487.0,0.9927242714425524,35608035614.89759,738482.5928380896,1.3795640179585655,30.0,21832860292.651207
2025-04-18,ada,0.626993468865735,22326157488.495693,27431.0,19191.0,1.0072492260905268,35608277593.20192,754022.8060809365,1.4293679328852067,33.0,21832860292.651207
2025-04-19,ada,0.628358190164203,22375160740.434456,24362.0,19739.0,1.0096570208116498,35608926708.80499,757686.5639882747,1.234206393434318,32.0,21769745271.314167
2025-04-20,ada,0.620149741263791,22083484080.583767,24848.0,21316.0,0.9969789363098135,35609922267.451515,750359.5685437811,1.1656971289172453,37.0,21769745271.314167
2025-04-21,ada,0.621839039778714,22143969048.105762,30313.0,21744.0,1.0006860802902657,35610451630.67577,754977.2828355539,1.3940857247976453,39.0,21769745271.314167
2025-04-22,ada,0.681527395783432,24272348683.41798,32487.0,24015.0,1.1063672166785448,35614633884.99055,827252.2331503086,1.3527795128044973,47.0,21769745271.314167
2025-04-23,ada,0.6984358231100121,24874869675.3586,44666.0,25261.0,1.1278597120654192,35615111442.30142,837155.1610736325,1.7681801987253079,72.0,21769745271.314167
2025-04-24,ada,0.7212233425132251,25687926516.26563,38840.0,23660.0,1.1602253035859977,35617159071.35187,852407.0751936033,1.6415891800507185,63.0,21825006603.82678
2025-04-25,ada,0.713626199859627,25418193807.19282,41493.0,26650.0,1.1457521870728713,35618358479.821335,830426.346699165,1.5569606003752345,60.0,21825006603.82678
2025-04-26,ada,0.707463573616261,25199029003.83081,33510.0,21038.0,1.1358650670265122,35618835998.89646,815077.6838555754,1.5928320182526856,65.0,21825006603.82678
2025-04-27,ada,0.7048844034300791,25107542450.967476,32307.0,19663.0,1.1319096125555779,35619375785.292175,805295.8397075429,1.6430351421451457,61.0,21825006603.82678
2025-04-28,ada,0.704550972155929,25096039164.642838,35899.0,22612.0,1.132185286589021,35619905665.375565,801757.4547485491,1.5876083495489122,54.0,21825006603.82678
2025-04-29,ada,0.6941547046866959,24726909635.914356,35349.0,22890.0,1.116146766029178,35621612111.77666,783895.1812857945,1.5442988204456094,60.0,22049432187.784737
2025-04-30,ada,0.682358797922095,24309009106.959118,32063.0,24105.0,1.097618898936979,35624966192.2502,766902.7383681699,1.3301389753163244,56.0,22049432187.784737
2025-05-01,ada,0.7055533203294181,25135909005.163063,32470.0,22855.0,1.1328709770540377,35625810666.48128,790236.813370108,1.4206956902209582,53.0,22049432187.784737
2025-05-02,ada,0.6973282973679431,24843293341.061825,34702.0,21781.0,1.1185980376923368,35626394963.22253,776427.4400776537,1.5932234516321564,67.0,22049432187.784737
2025-05-03,ada,0.701404259953269,24988654318.81134,28860.0,18627.0,1.124765620542819,35626607572.18128,776394.7839496463,1.5493638267031729,65.0,22049432187.784737
2025-05-04,ada,0.675525387375958,24067124311.79545,31638.0,20245.0,1.086197501677208,35627268436.62071,748090.009691688,1.562756236107681,64.0,22054102090.672863
2025-05-05,ada,0.664129564914158,23661908241.87183,32656.0,22534.0,1.0692129927304281,35628451874.342094,748097.8731068842,1.4491878938492944,52.0,22054102090.672863
2025-05-06,ada,0.676374924784291,24098536954.373314,33933.0,21752.0,1.0885538680101103,35628962682.28571,763829.15215528,1.5599944832659065,59.0,22054102090.672863
2025-05-07,ada,0.6713963566602101,23921451030.22228,28323.0,20253.0,1.0809969493548106,35629402502.59474,764241.8105898665,1.3984594874833358,67.0,22054102090.672863
2025-05-08,ada,0.765122693518931,27261344410.61039,38955.0,27387.0,1.2151199190226243,35630029852.11532,863560.624329934,1.422390185124329,65.0,22054102090.672863
2025-05-09,ada,0.7771085763853199,27689640452.41686,43528.0,38775.0,1.2255374857706172,35631623808.88109,864267.2301305492,1.1225789813023856,73.0,22081183126.929264
2025-05-10,ada,0.839621933534312,29918441767.779274,39600.0,28174.0,1.3176474362471307,35633230353.85738,919038.4014922642,1.4055512174345142,70.0,22081183126.929264
2025-05-11,ada,0.805021646351748,28685981945.89557,37047.0,26176.0,1.2632531589509202,35633801992.65033,869128.2660826464,1.4153040953545233,70.0,22081183126.929264
2025-05-12,ada,0.819361946831038,29198838339.172844,41251.0,29196.0,1.2817583018959469,35636068348.18506,872920.2174025528,1.4128990272640087,70.0,22081183126.929264
2025-05-13,ada,0.8310389025387321,29615446477.37722,35705.0,24657.0,1.296250704109541,35636654778.62144,878202.8486107973,1.4480674859066391,70.0,22081183126.929264
2025-05-14,ada,0.7979704367834101,28438728853.371994,47186.0,35691.0,1.2467761710336962,35638825127.41635,825228.4712966755,1.3220699896332408,73.0,22085192251.0009
2025-05-15,ada,0.758737463469786,27041624746.561726,39847.0,29181.0,1.1928488350408628,35640291996.25591,773194.589947939,1.365511805626949,70.0,22085192251.0009
2025-05-16,ada,0.7606811264705561,27111443998.591297,32761.0,22286.0,1.1967271316864052,35641010477.52328,770994.5185406001,1.4700260253073678,71.0,22085192251.0009
2025-05-17,ada,0.7423520788882361,26458437808.396984,31532.0,20282.0,1.1696378717520728,35641360158.94475,746984.6896153394,1.5546790257371068,74.0,22085192251.0009
2025-05-18,ada,0.752988187300638,26837699997.321095,30741.0,19755.0,1.1854639284820676,35641594981.098785,753216.620383447,1.5561123766135156,74.0,22085192251.0009
2025-05-19,ada,0.742437672663386,26462565653.65822,37635.0,23288.0,1.1715584144553222,35642811010.286766,737277.2484959264,1.6160683613878393,74.0,22080315873.734356
2025-05-20,ada,0.7463183111267631,26602708659.451164,34934.0,26758.0,1.1795418685108645,35645257878.35408,739381.4985489156,1.3055534793332835,71.0,22080315873.734356
2025-05-21,ada,0.772222313583226,27527110376.061977,34500.0,23642.0,1.2181277812747475,35646613535.85097,772872.8979055069,1.4592674054648507,70.0,22080315873.734356
2025-05-22,ada,0.8074953169801561,28787573847.266064,35830.0,26659.0,1.2660906929648372,35650453001.91321,810709.59434295,1.3440114032784425,72.0,22080315873.734356
2025-05-23,ada,0.7484654976038501,26684575241.893856,40642.0,60561.0,1.18403627247067,35652378536.24823,752129.1506507202,0.6710919568699328,78.0,22080315873.734356
2025-05-24,ada,0.746075217748868,26599977292.993725,32688.0,22936.0,1.1804072065599747,35653211177.89411,750365.5760469404,1.425183118242065,66.0,22086101194.918575
2025-05-25,ada,0.7586805654069,27050128830.943893,33963.0,24365.0,1.1997225004389613,35654173922.90286,761793.0588716475,1.393925713113072,74.0,22086101194.918575
2025-05-26,ada,0.757863205866506,27021334807.621746,31825.0,23370.0,1.1979660290123437,35654633446.31805,764113.191969622,1.3617886178861789,73.0,22086101194.918575
2025-05-27,ada,0.7579166761323911,27023636626.413773,30827.0,22174.0,1.198033165129596,35655155081.577,767684.2357971612,1.3902318030125371,74.0,22086101194.918575
2025-05-28,ada,0.746095807501275,26602552525.656002,29521.0,21384.0,1.1805115179477843,35655678879.56607,757676.1984725543,1.3805181444070334,71.0,22086101194.918575
2025-05-29,ada,0.724284308696799,25825409091.493176,33480.0,22831.0,1.1483150989896211,35656452557.91983,734787.2235439217,1.4664272261398974,74.0,22109408030.98113
2025-05-30,ada,0.6892403368833121,24576996643.39428,36916.0,25226.0,1.0969271140971104,35658093887.14745,697697.6186476653,1.4634107666693095,60.0,22109408030.98113
2025-05-31,ada,0.6866026944271911,24483243822.54179,36272.0,21914.0,1.0938238513015877,35658531522.31993,689852.0603371218,1.6551975905813636,50.0,22109408030.98113
2025-06-01,ada,0.685521502357843,24445170076.88038,27666.0,19318.0,1.0923978891915287,35659231683.91,691543.4003991362,1.4321358318666528,56.0,22109408030.98113
2025-06-02,ada,0.6898753768965681,24600844669.11033,32075.0,21341.0,1.1013964698043726,35659838708.51894,696356.1350479025,1.5029754931821377,64.0,22109408030.98113
2025-06-03,ada,0.6852161745233031,24435349343.532074,31397.0,23273.0,1.0935846542546355,35660788889.77112,693449.4116121553,1.3490740342886607,64.0,22055740205.17175
2025-06-04,ada,0.6657307370019431,23741045243.208385,31607.0,23022.0,1.0657752430105265,35661633035.18776,671510.7081299957,1.3729041786117626,62.0,22055740205.17175
2025-06-05,ada,0.6279262350975011,22394297101.543686,32785.0,22874.0,1.010497356252208,35663897843.13825,637390.9098279187,1.4332867010579697,57.0,22055740205.17175
2025-06-06,ada,0.6560274337657671,23396949356.847267,34500.0,21565.0,1.059683220526282,35664589851.894966,672096.4428122609,1.5998145142592164,45.0,22055740205.17175
2025-06-07,ada,0.6651513231042651,23722538548.85234,25791.0,17047.0,1.0739632487052666,35664874630.54139,691242.0538646819,1.51293482724233,52.0,22055740205.17175
2025-06-08,ada,0.669682216047894,23884646816.222046,27744.0,19124.0,1.0843686736337155,35665642962.980934,702769.3912326624,1.4507425224848358,62.0,21959294096.131462
2025-06-09,ada,0.7042944103174951,25119910388.28759,36538.0,24919.0,1.138251746562212,35666775172.84791,742793.9048693776,1.4662707171234801,62.0,21959294096.131462
2025-06-10,ada,0.7162701817488051,25548323018.699657,35464.0,24074.0,1.1534566511202524,35668555902.07917,755654.358421272,1.4731245326908697,71.0,21959294096.131462
2025-06-11,ada,0.6973764463275901,24874930087.84435,35912.0,25949.0,1.1242651989692058,35669300589.13897,744604.7195773774,1.3839454314231763,72.0,21959294096.131462
2025-06-12,ada,0.663942548807217,23683510746.883377,28537.0,20574.0,1.074901521399371,35671024231.58625,717617.6825163265,1.3870418975405852,71.0,21959294096.131462
2025-06-13,ada,0.641456215669347,22884130613.18172,32885.0,23009.0,1.0418917583194776,35675280797.30676,693303.1855083203,1.4292233473858056,61.0,21922356837.24512
2025-06-14,ada,0.6248491757840681,22292896081.438778,25634.0,19838.0,1.0164650680669347,35677243317.90211,679728.817076045,1.292166549047283,63.0,21922356837.24512
2025-06-15,ada,0.6335365280071011,22603064315.396812,22184.0,18947.0,1.0306453872568984,35677602342.04438,695668.490787721,1.1708449886525572,60.0,21922356837.24512
2025-06-16,ada,0.636908184074059,22725377891.74744,30652.0,23362.0,1.0386303614127828,35680775439.84732,704843.1890870514,1.3120452016094513,61.0,21922356837.24512
2025-06-17,ada,0.610781359732615,21794264937.54083,33261.0,22979.0,1.0004379141426762,35682596710.354454,677219.095691406,1.4474520214108535,68.0,21922356837.24512
2025-06-18,ada,0.6039716962939221,21551776844.636284,31657.0,21937.0,0.9942519969125071,35683421883.644264,671803.76981743,1.4430870219264256,52.0,21958011810.68476
2025-06-19,ada,0.602210261430635,21490256120.80112,26018.0,21988.0,0.9928082136690523,35685635893.59637,677284.334449256,1.1832817900673094,57.0,21958011810.68476
2025-06-20,ada,0.5763751313798201,20569411372.789326,31691.0,24015.0,0.952908580055326,35687541416.90143,654860.7925480689,1.3196335623568602,54.0,21958011810.68476
2025-06-21,ada,0.55148885314172,19681708725.379547,25104.0,17899.0,0.9140050645306455,35688316478.668335,632049.606621158,1.4025364545505334,49.0,21958011810.68476
2025-06-22,ada,0.540710897407071,19297449310.65624,37319.0,23030.0,0.8974850127253906,35689033461.68048,617333.530643824,1.6204515848892749,42.0,21958011810.68476
2025-06-23,ada,0.5830296614734951,20808795404.332767,34367.0,23655.0,0.9682500854224684,35690800621.94872,663754.4045382767,1.45284295075037,47.0,21909218295.498913
2025-06-24,ada,0.58649573345035,20933452228.434563,31155.0,23024.0,0.9744912816758243,35692420310.17552,667481.269781955,1.353153231410702,65.0,21909218295.498913
2025-06-25,ada,0.5664852406444111,20219600170.622837,29748.0,23023.0,0.9439725041550538,35693074982.18635,644552.8591127767,1.2920992051426834,66.0,21909218295.498913
2025-06-26,ada,0.554151002716592,19779646719.172688,27497.0,20574.0,0.9366579394117993,35693604490.84767,634852.5270489276,1.3364926606396423,74.0,21909218295.498913
2025-06-27,ada,0.558268367730257,19926836878.24591,27560.0,19858.0,0.9445006941581359,35694010318.482025,646510.4314973992,1.3878537617081277,65.0,21909218295.498913
2025-06-28,ada,0.5657033213569721,20192737886.812542,27521.0,20597.0,0.9569924603222861,35694925457.350204,661848.5053662853,1.3361654609894644,65.0,21911352429.418808
2025-06-29,ada,0.578386305287129,20647315118.733646,30891.0,22524.0,0.9795090435576234,35698139686.21487,674202.7621470728,1.371470431539691,68.0,21911352429.418808
2025-06-30,ada,0.572654319638484,20443809717.086678,34428.0,25233.0,0.9712197557578547,35700088196.301094,665730.8475559338,1.3644037569849008,66.0,21911352429.418808
2025-07-01,ada,0.541557469498819,19334079732.6189,34355.0,21305.0,0.9214423504119085,35700882771.52101,627435.2055369744,1.612532269420324,64.0,21911352429.418808
2025-07-02,ada,0.586161648228104,20927135531.233334,37432.0,22188.0,0.9923560641996695,35701986976.619064,674579.274115024,1.6870380385794124,63.0,21911352429.418808
2025-07-03,ada,0.599313016490992,21397133029.19864,31239.0,21685.0,1.0119937485827137,35702767069.00166,690959.2667118317,1.4405810468065483,73.0,22022928316.83455
2025-07-04,ada,0.5730991935717741,20461980372.127415,27038.0,20781.0,0.970869895194146,35704081599.90682,666496.960779933,1.3010923439680477,73.0,22022928316.83455
2025-07-05,ada,0.5760156835711161,20566236165.309788,20609.0,16096.0,0.9758944685414256,35704298948.60778,673955.5880210126,1.2803802186878728,67.0,22022928316.83455
2025-07-06,ada,0.585600703851914,20908768375.552994,21859.0,17358.0,0.991888295491968,35704821114.49165,689932.3137751635,1.2593040672888582,66.0,22022928316.83455
2025-07-07,ada,0.579117588757987,20677594575.104908,29773.0,20874.0,0.9810656284963637,35705347198.05595,687787.5100713212,1.4263198237041295,73.0,22022928316.83455
2025-07-08,ada,0.5882989694209171,21006363186.66097,31345.0,22782.0,0.9965773455484747,35706952210.605194,702158.925433144,1.3758669124747607,65.0,22035038886.51617
2025-07-09,ada,0.624771314723504,22310306826.445957,35478.0,26319.0,1.0540149293794854,35709556922.1508,746131.1326906083,1.3479995440556252,66.0,22035038886.51617
2025-07-10,ada,0.6759390543528181,24138607855.250805,38022.0,26986.0,1.1334904541723252,35711219376.66772,798232.5012778959,1.4089527903357297,71.0,22035038886.51617
2025-07-11,ada,0.710666587597041,25379574510.894684,57376.0,38640.0,1.1790463637216146,35712350846.1401,815676.6328154552,1.4848861283643893,71.0,22035038886.51617
2025-07-12,ada,0.7073914584818091,25262986807.80711,31095.0,24566.0,1.1733168730551462,35712880760.57079,806871.9166059437,1.2657738337539688,79.0,22035038886.51617
2025-07-13,ada,0.736711426501348,26310962194.62127,35795.0,27224.0,1.216271102990978,35714068288.00303,827495.6238164133,1.314832500734646,74.0,22056635838.406807
2025-07-14,ada,0.7339901689347581,26215129545.63568,45143.0,35902.0,1.209416455447983,35715913720.86328,811276.6334184362,1.257395131190463,74.0,22056635838.406807
2025-07-15,ada,0.7464049978894471,26659321392.5023,36216.0,26871.0,1.2273969160664264,35716965277.409515,822337.2331561492,1.3477726917494697,73.0,22056635838.406807
2025-07-16,ada,0.763891879317913,27284622113.723755,41194.0,30719.0,1.2525513730084217,35717910940.598656,832874.8186835964,1.340994172987402,70.0,22056635838.406807
2025-07-17,ada,0.8285759526278201,29596037388.871296,46917.0,35106.0,1.3471274600156686,35719160440.280426,883306.5401878305,1.3364382156896257,74.0,22056635838.406807
2025-07-18,ada,0.814183776979583,29080429043.480698,51266.0,39586.0,1.3191273679287359,35717278906.44269,850178.8719900135,1.29505380690143,73.0,22028539050.854706
2025-07-19,ada,0.8294805279077091,29628802390.74995,33472.0,26505.0,1.3394204607094762,35719708171.43348,858708.0839045228,1.2628560648934164,74.0,22028539050.854706
2025-07-20,ada,0.8578107703918741,30641416660.350307,42698.0,33545.0,1.3729196471975254,35720484887.7712,883138.8378970926,1.2728573557907288,72.0,22028539050.854706
2025-07-21,ada,0.8893092528648691,31769595575.037106,52450.0,39564.0,1.4090759924735856,35723900850.79269,898922.6414056167,1.3257001314326156,71.0,22028539050.854706
2025-07-22,ada,0.902571972655097,32245238326.35469,39756.0,30380.0,1.415869641158814,35725946853.30061,904519.2297707223,1.30862409479921,72.0,22028539050.854706
2025-07-23,ada,0.8172117886205831,29196748585.377464,37385.0,28994.0,1.2893084279057827,35727272895.39016,812786.6698388055,1.2894047044216044,74.0,21928035208.02516
2025-07-24,ada,0.805363457881892,28774468484.27823,38403.0,27599.0,1.2781494037322212,35728549889.70465,792438.7120491763,1.3914634588209718,71.0,21928035208.02516
2025-07-25,ada,0.8152124222301621,29126807704.43621,39855.0,28248.0,1.305084022686237,35729101900.52615,792557.7236047175,1.41089634664401,70.0,21928035208.02516
2025-07-26,ada,0.821220504033641,29341936844.734695,30264.0,21728.0,1.3145899170762994,35729669072.57434,796288.8747245675,1.3928571428571428,72.0,21928035208.02516
2025-07-27,ada,0.8301501624222581,29661446206.561108,27514.0,21363.0,1.3284119396696552,35730217916.25421,807603.1394942817,1.2879277255067172,73.0,21928035208.02516
2025-07-28,ada,0.792348034679856,28311969618.358784,33977.0,26405.0,1.2717807287858789,35731734514.61652,771198.6556561912,1.286763870479076,75.0,21889641633.435158
2025-07-29,ada,0.7825645653238101,27963660513.599636,39217.0,26763.0,1.2566615558583398,35733358949.14794,758125.0889638433,1.4653439449986922,73.0,21889641633.435158
2025-07-30,ada,0.762817527632474,27258685344.74817,36356.0,24353.0,1.2269075186506182,35734214746.41498,739783.1852813079,1.4928756210733791,74.0,21889641633.435158
2025-07-31,ada,0.74047053949835,26461258071.170097,43854.0,27719.0,1.1955737855457889,35735733779.62738,709466.6957693929,1.5820917060500017,72.0,21889641633.435158
2025-08-01,ada,0.713703743483018,25505185211.043797,41525.0,27136.0,1.1566514064160924,35736375833.72249,674476.5236474265,1.530255011792453,65.0,21889641633.435158
2025-08-02,ada,0.6966472733705451,24896037405.530663,32775.0,25246.0,1.1370269751917768,35736933678.18368,650888.949704811,1.298225461459241,55.0,21898643146.872253
2025-08-03,ada,0.727233806759187,25990103209.230213,32964.0,23356.0,1.184770919532477,35738304473.290886,672519.1550187332,1.4113718102414796,53.0,21898643146.872253
2025-08-04,ada,0.755228184713827,26991605108.38354,38291.0,25463.0,1.2270237909950028,35739668691.80243,692978.9694643597,1.5037898126693634,64.0,21898643146.872253
2025-08-05,ada,0.7263320509763,25960144205.118153,44620.0,30915.0,1.181829593453741,35741427313.06404,658482.2215347242,1.443312307941129,60.0,21898643146.872253
2025-08-06,ada,0.741962387030905,26520744315.97524,39988.0,27377.0,1.2067771156654303,35744054927.23524,669964.7062646894,1.4606421448661284,54.0,21898643146.872253
2025-08-07,ada,0.78585466011668,28091992055.430466,41577.0,29642.0,1.2675833811670403,35747057924.50159,707388.5779685227,1.4026381485729709,62.0,21895552138.158466
2025-08-08,ada,0.792167109628448,28453104916.008633,48588.0,34982.0,1.2799769847696405,35918058917.33382,722189.4816668933,1.3889428849122405,74.0,21895552138.158466
2025-08-09,ada,0.803673650789315,28867152026.811607,38164.0,28495.0,1.2973760205172093,35918997715.62774,728033.4930164769,1.3393226881909106,67.0,21895552138.158466
2025-08-10,ada,0.8010024877250771,28772008670.248264,38145.0,25803.0,1.2926751342887004,35919999140.032005,724101.2667624368,1.4783164748285083,69.0,21895552138.158466
2025-08-11,ada,0.774113115475208,27807256045.032196,42037.0,29284.0,1.2516066181093446,35921437693.200745,701780.6455534558,1.4354937850020488,70.0,21895552138.158466
2025-08-12,ada,0.841113159479401,30220827235.96575,45304.0,33050.0,1.3499306887339286,35929561790.08143,756496.0204111739,1.3707715582450832,68.0,21879134170.3049
2025-08-13,ada,0.909940103610883,32695620959.762363,58373.0,42309.0,1.4400871118768825,35931618828.5553,806066.0161686892,1.3796828098040606,73.0,21879134170.3049
2025-08-14,ada,0.9266013219198721,33296316419.933247,69615.0,55198.0,1.4545747810116667,35933810617.65046,804791.3515569143,1.2611869995289684,75.0,21879134170.3049
2025-08-15,ada,0.942398009328641,33939496593.24643,42397.0,35185.0,1.4702482414954698,36013973137.97887,826666.3749133585,1.2049737103879494,60.0,21879134170.3049
2025-08-16,ada,0.920485233615715,33151225341.63387,35485.0,27959.0,1.4353361231502788,36014945303.80905,806054.9225677035,1.2691798705246968,56.0,21879134170.3049
2025-08-17,ada,0.963325836266798,34696211478.967255,38158.0,30830.0,1.492239877458296,36017108825.21992,846959.5326141032,1.237690561141745,64.0,21897320121.8066
2025-08-18,ada,0.9248204407024541,33328997048.212807,39296.0,29545.0,1.432294532823052,36038343857.21138,823023.1138044742,1.3300389236757488,60.0,21897320121.8066
2025-08-19,ada,0.847724821666089,30551884812.071648,40855.0,28222.0,1.3278679321190239,36039861086.08455,753714.8384185883,1.4476295088937707,56.0,21897320121.8066
2025-08-20,ada,0.882952670874069,31822274976.87659,32750.0,27113.0,1.3793512139618946,36040748305.76648,788274.485049763,1.2079076457787776,44.0,21897320121.8066
2025-08-21,ada,0.850006464443813,30636150088.791878,25539.0,22795.0,1.3302253415034824,36042255406.65518,767628.8610083308,1.1203772757183592,50.0,21897320121.8066
2025-08-22,ada,0.9299598890910671,33519122476.692093,38453.0,29207.0,1.443383705709455,36043621740.99071,840920.5329607605,1.3165679460403328,50.0,21857567223.311737
2025-08-23,ada,0.9138649425608091,32941205032.076504,30702.0,26113.0,1.4179166451862688,36046032075.34092,826097.6668539828,1.1757362233370352,60.0,21857567223.311737
2025-08-24,ada,0.9126402793941621,32898555498.51125,29705.0,24615.0,1.4155791229937722,36047669866.54402,823412.2819661172,1.2067844810075157,53.0,21857567223.311737
2025-08-25,ada,0.8367825575280471,30164749809.91438,32037.0,24570.0,1.309386866159395,36048492572.58009,756299.8600227465,1.303907203907204,47.0,21857567223.311737
2025-08-26,ada,0.867363184217017,31267696515.791035,30522.0,24844.0,1.3549969441955703,36049139604.67079,790104.9138750978,1.2285461278377072,48.0,21857567223.311737
2025-08-27,ada,0.8516214467859421,30701428556.623272,29459.0,25334.0,1.3357019273304893,36050558229.23654,780654.898286609,1.1628246625088814,51.0,21898391706.924885
2025-08-28,ada,0.85859714993775,30956217295.08778,30074.0,25983.0,1.344827354617912,36054414223.63464,797108.403972104,1.1574491013354886,48.0,21898391706.924885
2025-08-29,ada,0.8274701031525141,29835132952.298183,29075.0,24247.0,1.299039533720917,36055843998.026794,777138.7291890855,1.199117416587619,50.0,21898391706.924885
2025-08-30,ada,0.822403174549412,29652949078.914146,28924.0,21289.0,1.291843116602558,36056462324.77246,775170.2919619756,1.3586359152614027,39.0,21898391706.924885
2025-08-31,ada,0.812472680597729,29295396838.886852,27633.0,20928.0,1.2769807128123032,36057085411.578995,769654.0436538901,1.3203841743119267,48.0,21898391706.924885
2025-09-01,ada,0.7976720073600821,28763824194.488197,34297.0,26142.0,1.260611077845826,36059713678.16063,758531.0946659636,1.311950118583123,46.0,21887150568.893726
2025-09-02,ada,0.833990958929493,30075981273.323532,33693.0,25849.0,1.3134678500323456,36062718607.79993,801381.2461905028,1.3034546790978374,49.0,21887150568.893726
2025-09-03,ada,0.8370251234735631,30186175683.29118,34037.0,25194.0,1.3149452837352205,36063643535.59884,808898.2414791865,1.3509962689529253,55.0,21887150568.893726
2025-09-04,ada,0.8116401201362959,29276287224.084976,42905.0,24955.0,1.2780552730557106,36070527439.14225,783520.1728451317,1.7192947305149269,51.0,21887150568.893726
2025-09-05,ada,0.8315821257960772,30007549488.974297,37617.0,24324.0,1.30756070710271,36084889944.27092,811601.6170873346,1.5464972866304885,48.0,21887150568.893726
2025-09-06,ada,0.8190587277114051,29556612783.19511,27796.0,21419.0,1.2897620791082614,36086072687.0972,807492.3263723402,1.297726317755264,48.0,21887105805.085033
2025-09-07,ada,0.836794181567705,30199329853.58728,36719.0,24097.0,1.3164491290098375,36089316248.60235,826201.0381485922,1.5237996431091008,44.0,21887105805.085033
2025-09-08,ada,0.8649012282207921,31215797958.3645,38897.0,27145.0,1.3534840317859214,36091748907.07373,856638.0280189451,1.4329342420335236,51.0,21887105805.085033
2025-09-09,ada,0.864962166137919,31218784875.56669,33986.0,23449.0,1.353867780038926,36092659422.27215,866329.8739799219,1.4493581815855687,48.0,21887105805.085033
2025-09-10,ada,0.884221134497491,31917710151.247627,33310.0,24682.0,1.3799240571752855,36096977222.09126,908286.6001802288,1.3495664856980796,49.0,21887105805.085033
2025-09-11,ada,0.8942228276495411,32280850289.86526,35622.0,25403.0,1.3893375790710756,36099335972.79693,951492.6770513885,1.4022753218123845,54.0,21932976973.70457
2025-09-12,ada,0.915960391191567,33072084908.320614,41238.0,29405.0,1.4177182305099223,36106457469.51716,976005.4737779908,1.40241455534773,57.0,21932976973.70457
2025-09-13,ada,0.9294131809227111,33558839601.79103,40985.0,32887.0,1.4337803448890374,36107557209.888275,984662.3320208123,1.246237114969441,52.0,21932976973.70457
2025-09-14,ada,0.888546616765695,32084035003.405266,29690.0,22801.0,1.3726740883967898,36108443156.523384,949817.9139445173,1.3021358712337179,55.0,21932976973.70457
2025-09-15,ada,0.8629899680052111,31161975056.056187,38523.0,27275.0,1.3362533766913998,36109313214.94576,923275.7679487315,1.4123923006416133,53.0,21932976973.70457
2025-09-16,ada,0.8808448532852281,31808002766.27444,30690.0,23821.0,1.3632745861184068,36110789144.81054,952663.4250198255,1.288359010956719,52.0,21822469474.53603
2025-09-17,ada,0.9119917302729301,32934922070.040565,32038.0,24881.0,1.407317387126328,36113180609.85509,987166.968141782,1.287649210240746,53.0,21822469474.53603
2025-09-18,ada,0.9238380367237231,33366124118.99674,36107.0,28684.0,1.4202538426232907,36116854678.68974,988904.258057727,1.2587853855808115,52.0,21822469474.53603
2025-09-19,ada,0.8897105834541661,32134093610.691013,32380.0,24002.0,1.3717692278720073,36117468093.87754,958551.1927089208,1.3490542454795433,53.0,21822469474.53603
2025-09-20,ada,0.8934205243199831,32268647661.42245,28607.0,22449.0,1.37709804350692,36118095323.56934,964718.0599336603,1.2743106597175822,48.0,21822469474.53603
2025-09-21,ada,0.8851326780507951,31970263107.019894,28584.0,26943.0,1.3640847129975398,36119176141.39337,956942.8101027394,1.0609063578666074,49.0,21798391155.20464
2025-09-22,ada,0.8255694576894841,29820767226.2827,33971.0,29254.0,1.253114927147856,36121451621.69867,890761.8821585672,1.1612429069528953,45.0,21798391155.20464
2025-09-23,ada,0.808287899178,29200815537.37724,30735.0,23538.0,1.235202961153938,36126750836.02443,872045.4473231029,1.3057608972724954,43.0,21798391155.20464
2025-09-24,ada,0.8133156929562501,29383617740.066,29535.0,23007.0,1.2414445938064809,36128182444.460236,877433.4804236128,1.2837397313860999,44.0,21798391155.20464
2025-09-25,ada,0.763741966708748,27595097196.791267,36467.0,25826.0,1.170134322031264,36131440197.93615,818445.7588123601,1.412026639820336,44.0,21798391155.20464
2025-09-26,ada,0.7914587604304021,28597289448.864223,31763.0,24195.0,1.2172523481354687,36132380963.61809,845761.764277753,1.3127918991527174,28.0,21808768736.06572
2025-09-27,ada,0.781839290241872,28250836010.55845,25481.0,20706.0,1.2041013427709317,36133814663.90451,838565.0131512325,1.2306094851733798,33.0,21808768736.06572
2025-09-28,ada,0.808091577650574,29199718960.88723,25329.0,19837.0,1.2412583929325682,36134170641.62677,868852.7026561501,1.276856379492867,37.0,21808768736.06572
2025-09-29,ada,0.80722266103043,29169365671.129597,30508.0,23034.0,1.2376407846833202,36135464326.40349,871458.50387439,1.324476860293479,50.0,21808768736.06572
2025-09-30,ada,0.8056893262563761,29114673718.672226,30600.0,24379.0,1.2337412579467617,36136352772.542175,872704.6462154994,1.2551786373518192,50.0,21808768736.06572
2025-10-01,ada,0.848479057557817,30662081568.224865,33165.0,26972.0,1.2915391536519323,36137699917.40249,919946.5564461923,1.2296084828711256,49.0,21732932915.137047
2025-10-02,ada,0.869464513445758,31421754196.580032,34448.0,28594.0,1.3190105629308948,36139202590.40025,951359.9478198219,1.2047282646709099,64.0,21732932915.137047
2025-10-03,ada,0.867586213935796,31355947415.304497,31495.0,25407.0,1.3136935699790937,36141592514.54511,955694.0831012322,1.2396190026370686,63.0,21732932915.137047
2025-10-04,ada,0.8402614574156321,30369565583.1899,28768.0,23456.0,1.2741206270607772,36142994915.65006,924651.9417134699,1.2264665757162347,71.0,21732932915.137047
2025-10-05,ada,0.8381886998524051,30296228679.042675,27322.0,23114.0,1.2704485487965456,36144878455.623985,931941.7683755069,1.1820541663061348,74.0,21732932915.137047
2025-10-06,ada,0.8722524007232001,31528456909.925446,29546.0,29306.0,1.3178312269369896,36146024801.74848,979913.0345977963,1.0081894492595374,71.0,21741130576.69624
2025-10-07,ada,0.821119209309209,29681553420.058636,29528.0,26521.0,1.2477744296117332,36147678782.26735,927098.4463587899,1.1133818483465934,70.0,21741130576.69624
2025-10-08,ada,0.8390736237233621,30331243901.800133,25568.0,22560.0,1.2727652156382145,36148489291.32848,955644.7831257855,1.1333333333333333,60.0,21741130576.69624
2025-10-09,ada,0.815045740033855,29465250780.828575,23659.0,20342.0,1.235945989144839,36151653009.81103,941027.4792275844,1.1630616458558647,70.0,21741130576.69624
2025-10-10,ada,0.640710319929044,23163037486.22165,42214.0,28412.0,0.9881224053546013,36152121740.11316,738931.9995695667,1.4857806560608193,64.0,21741130576.69624
2025-10-11,ada,0.632600237661312,22870556365.401474,47708.0,32115.0,0.988296849989198,36153252882.029655,724055.3828868584,1.4855363537287871,27.0,21752023558.94231
2025-10-12,ada,0.6995489037996341,25291907989.589035,34347.0,25973.0,1.0902551397449758,36154595986.37751,796518.4737005115,1.322411735263543,24.0,21752023558.94231
2025-10-13,ada,0.7306747411404271,26418621886.228092,30720.0,24146.0,1.139215484046443,36156473460.39945,839368.7530729477,1.27226041580386,38.0,21752023558.94231
2025-10-14,ada,0.6998906462605,25306568117.15754,29898.0,22144.0,1.0941374556235477,36157888739.29086,804759.966064856,1.3501625722543353,38.0,21752023558.94231
2025-10-15,ada,0.668504475926228,24172334393.760212,28979.0,23666.0,1.0443239224735932,36158822063.63525,771370.7307521107,1.2244992816699063,34.0,21752023558.94231
2025-10-16,ada,0.6443112460783651,23298261155.197666,31178.0,24508.0,1.0161878235044277,36159948001.84505,747678.0164028486,1.2721560306838584,28.0,21766293850.80611
2025-10-17,ada,0.6254105205555861,22615794301.371372,37489.0,28594.0,0.9905877341140589,36161518807.32761,721551.4833871898,1.3110792473945583,22.0,21766293850.80611
2025-10-18,ada,0.634044035493267,22928563396.987366,22909.0,21392.0,1.0051571070710459,36162414774.78712,736310.8920325241,1.0709143605086013,23.0,21766293850.80611
2025-10-19,ada,0.653562423178789,23635105251.14148,25530.0,19558.0,1.0360534587827046,36163500857.63092,761668.1019174106,1.3053481951119745,29.0,21766293850.80611
2025-10-20,ada,0.6638554728452201,24008190247.1967,26386.0,23624.0,1.0506850749913725,36164784699.74787,780504.8642088852,1.1169150016931935,29.0,21766293850.80611
2025-10-21,ada,0.644110333804859,23297373662.272243,30994.0,22536.0,1.0244596672838262,36169849231.65425,757168.5650753457,1.3753106141285054,34.0,21834289199.208843
2025-10-22,ada,0.6228033279778841,22527605134.977962,31566.0,22215.0,0.9945302830546812,36171298583.3273,730429.0282484619,1.4209318028359217,25.0,21834289199.208843
2025-10-23,ada,0.641990563441247,23221948945.9946,25759.0,18631.0,1.0226806110782292,36171791718.43045,762395.7714925817,1.3825881595190812,27.0,21834289199.208843
2025-10-24,ada,0.6563794115979911,23742724960.83428,30821.0,23190.0,1.0432399658018918,36172257297.08879,780355.1984685793,1.3290642518326865,30.0,21834289199.208843
2025-10-25,ada,0.654863521499391,23688042700.855907,27999.0,21426.0,1.0394534039767145,36172487737.01611,776263.5521146368,1.306776813217586,37.0,21834289199.208843
2025-10-26,ada,0.682797736673697,24699010415.583572,28792.0,21619.0,1.0817166212477007,36173245880.84716,806126.0241758209,1.3317914797169157,40.0,21737104837.93366
2025-10-27,ada,0.667074913965051,24131505361.33206,36290.0,26596.0,1.0566068280757293,36175105458.389854,782331.0888054317,1.3644909008873516,51.0,21737104837.93366
2025-10-28,ada,0.646087843520494,23372655445.605827,31483.0,21925.0,1.0249944522132874,36175661993.96297,756955.671695766,1.43594070695553,50.0,21737104837.93366
2025-10-29,ada,0.641623146201754,23211558571.35612,30752.0,23794.0,1.021544531432991,36176311139.58817,753842.3101346537,1.2924266621837437,51.0,21737104837.93366
2025-10-30,ada,0.5993857162493451,21684037380.680504,35318.0,24554.0,0.9578833948554809,36177100642.91876,703523.0396805792,1.4383807119003014,34.0,21737104837.93366
2025-10-31,ada,0.609138202200988,22038517486.317207,31845.0,24074.0,0.9774302283099447,36179831451.52583,714734.029541148,1.3227963778350087,29.0,21768154434.483376
2025-11-01,ada,0.6115439838454391,22126192550.177547,28599.0,21429.0,0.9806607534056964,36180868645.04205,717717.9206706348,1.3345933081338373,33.0,21768154434.483376
2025-11-02,ada,0.607677760323016,21986524528.675125,28394.0,24299.0,0.9758094504833069,36181222951.1049,712302.8388120203,1.1685254537223755,37.0,21768154434.483376
2025-11-03,ada,0.551204888683402,19943588929.502895,39645.0,26542.0,0.8910176706625137,36181807053.88841,638654.677111613,1.4936704091628363,42.0,21768154434.483376
2025-11-04,ada,0.521353196908132,18863835376.623898,53255.0,31759.0,0.8481996768986257,36182448843.692245,588118.4221141693,1.6768475077930665,21.0,21768154434.483376
2025-11-05,ada,0.5464251811841521,19772469835.81072,37841.0,25890.0,0.8903330802141872,36185136623.75884,608136.422995815,1.4616067979915026,23.0,21884432047.70324
2025-11-06,ada,0.529640102214869,19165768020.30079,30328.0,23311.0,0.8650859949623803,36186398915.325066,585189.4025972964,1.301016687400798,27.0,21884432047.70324
2025-11-07,ada,0.5774667342681621,20896960410.660496,38726.0,24869.0,0.939121767843834,36187297329.15911,640484.1015974958,1.5571997265672122,24.0,21884432047.70324
2025-11-08,ada,0.568111588147876,20558846541.225338,29291.0,21211.0,0.9246499535179844,36188042930.52722,643085.5080404828,1.380934420819386,20.0,21884432047.70324
2025-11-09,ada,0.5774808272722631,20898200671.95311,25637.0,18809.0,0.9395471398520363,36188561914.10889,660123.8445875642,1.3630177042904992,22.0,21884432047.70324
2025-11-10,ada,0.593720749830158,21486641917.164295,28569.0,21587.0,0.9640026707036699,36189811326.80784,680362.2565436242,1.3234354009357483,29.0,21796543431.606323
2025-11-11,ada,0.557609497898496,20180410484.075047,27850.0,21056.0,0.9077104664333767,36190937493.228584,640484.5629562768,1.3226633738601823,26.0,21796543431.606323
2025-11-12,ada,0.5457898324967121,19753063634.932755,26313.0,19522.0,0.8909259663823641,36191703213.987144,628821.6956203247,1.347863948365946,24.0,21796543431.606323
2025-11-13,ada,0.5314407961680441,19234079184.270576,29574.0,22150.0,0.8701138183972964,36192327203.62829,613418.9305369593,1.3351693002257337,15.0,21796543431.606323
2025-11-14,ada,0.4982072590281901,18032856278.073612,32771.0,23169.0,0.8208776773275657,36195490834.9765,578216.4243911575,1.4144330786827226,16.0,21796543431.606323
2025-11-15,ada,0.5037332729243921,18233372027.38292,24754.0,20838.0,0.837386070038616,36196481367.07392,583413.23072206,1.1879259045973702,10.0,21775051520.89884
2025-11-16,ada,0.48440505067472905,17534243736.705654,41500.0,23681.0,0.806007027234093,36197483309.23091,550987.8487762312,1.7524597778810016,10.0,21775051520.89884
2025-11-17,ada,0.463920592087391,16793222011.705875,36425.0,24300.0,0.7759318385453634,36198483745.12863,521823.2302040133,1.4989711934156378,14.0,21775051520.89884
2025-11-18,ada,0.474831711563784,17188721603.738373,32153.0,22289.0,0.79441529254615,36199607534.90959,533426.6610193122,1.4425501368387994,11.0,21775051520.89884
2025-11-19,ada,0.462695281684538,16752917250.68947,32393.0,23036.0,0.7751948323482134,36207235979.79431,519426.01020655513,1.4061903108178504,15.0,21775051520.89884
2025-11-20,ada,0.43408897392222506,15717736886.885857,33832.0,25812.0,0.7340942972973779,36208560528.1971,483012.2733170213,1.3107081977374864,11.0,21773369871.355614
2025-11-21,ada,0.40805915039636803,14775799416.719467,30697.0,21817.0,0.6943733481884812,36209945059.109695,454127.9652481324,1.4070220470275474,14.0,21773369871.355614
2025-11-22,ada,0.40494484054331303,14663244419.865587,24607.0,18859.0,0.6899513970786123,36210473505.95199,452352.86883946223,1.3047881648019513,11.0,21773369871.355614
2025-11-23,ada,0.4092845997686251,14820595439.413559,25414.0,17164.0,0.6979424697033229,36210977514.89275,458915.0332467572,1.480657189466325,13.0,21773369871.355614
2025-11-24,ada,0.42832977088226604,15510588176.049936,33011.0,20627.0,0.7301679760587614,36211791078.87248,482028.3635757608,1.6003781451495613,19.0,21773369871.355614
2025-11-25,ada,0.42275232319551004,15308999773.090734,28852.0,25508.0,0.720439856845514,36212692238.73855,477156.90129030525,1.1310961267053474,20.0,21430486660.51264
2025-11-26,ada,0.435371307135941,15766863697.584795,30418.0,22090.0,0.7430617672876344,36214751498.68277,491610.56147620996,1.3770031688546853,15.0,21430486660.51264
2025-11-27,ada,0.43348184356884806,15698683731.702188,31253.0,19985.0,0.7403148244752953,36215320121.49625,491710.5202966857,1.5638228671503627,22.0,21430486660.51264
2025-11-28,ada,0.42021616993424504,15218471842.046396,26577.0,19140.0,0.7469528374869391,36215816836.4339,479495.083801124,1.3885579937304076,25.0,21430486660.51264
2025-11-29,ada,0.41532037641238007,15041424512.77682,24403.0,18238.0,0.7397850968531366,36216437639.55825,476165.0437122601,1.3380304857988814,28.0,21430486660.51264
2025-11-30,ada,0.41784536150741197,15133329484.339334,23184.0,18832.0,0.7444129916634028,36217536147.211464,481913.15502864454,1.2310960067969414,28.0,21343208608.377632
2025-12-01,ada,0.38630647645668104,13991603143.884256,39546.0,25976.0,0.6937035930204815,36218919424.33749,445605.6344122542,1.522405297197413,24.0,21343208608.377632
2025-12-02,ada,0.43521998145633706,15763379817.854128,32357.0,23321.0,0.7768912192249826,36219338471.332504,514257.2259971333,1.38746194417049,23.0,21343208608.377632
2025-12-03,ada,0.450896104031322,16331605331.193308,26352.0,19923.0,0.8011020043464601,36220329218.14471,540023.5824043266,1.3226923656075893,28.0,21343208608.377632
2025-12-04,ada,0.43975663338052906,15928313725.061167,24985.0,18191.0,0.7841006809696642,36220746922.259895,530032.6394884421,1.373481391897092,26.0,21343208608.377632
2025-12-05,ada,0.415886660890727,15064009335.700392,28227.0,22188.0,0.7422057815929735,36221429423.67275,507605.51107427204,1.2721741481882098,28.0,21480447664.888184
2025-12-06,ada,0.4129211650163961,14956923956.793877,21163.0,17576.0,0.7378326907207342,36222226478.025116,508975.71487977105,1.2040851160673647,23.0,21480447664.888184
2025-12-07,ada,0.416513399273021,15087953301.120111,23044.0,17027.0,0.7526958447035806,36224412773.885544,515057.7067134869,1.3533799259998824,20.0,21480447664.888184
2025-12-08,ada,0.431796212089021,15642314477.397343,26796.0,21644.0,0.7855553423621926,36226150298.355225,535138.701482588,1.238033635187581,20.0,21480447664.888184
2025-12-09,ada,0.46938232050980305,17004288604.251059,56455.0,34229.0,0.8496645133804069,36226947333.215385,562088.0802674553,1.6493324374068772,22.0,21480447664.888184
2025-12-10,ada,0.45439828816564504,16462544580.478418,74890.0,33967.0,0.8257334442140473,36229327902.91941,514665.32413767214,2.20478699914623,26.0,21398446571.510616
2025-12-11,ada,0.42473940072776806,15388562532.231289,64601.0,34791.0,0.7763359911697032,36230598117.01909,462982.9915355512,1.8568307895720157,29.0,21398446571.510616
2025-12-12,ada,0.40933572070301705,14831148250.631023,42496.0,25350.0,0.7499062054474714,36232235547.77762,441598.016788516,1.676370808678501,29.0,21398446571.510616
2025-12-13,ada,0.41049400081806403,14873419759.56845,30592.0,18708.0,0.7528696340607549,36232977168.79554,440124.31875775225,1.635236262561471,23.0,21398446571.510616
2025-12-14,ada,0.396400869390232,14363109713.48559,45418.0,21219.0,0.7286392300853429,36233799727.98698,423270.9376583018,2.1404401715443706,21.0,21398446571.510616
2025-12-15,ada,0.387458642505619,14041454624.230799,45900.0,26942.0,0.7179344819336654,36239879780.27143,409706.3090636904,1.7036597134585405,16.0,21341397816.188454
2025-12-16,ada,0.38516953034580304,13959071843.388863,44576.0,24679.0,0.7161860739524516,36241370990.214325,402097.04715025646,1.8062320191255723,11.0,21341397816.188454
2025-12-17,ada,0.3664134289009401,13279741079.362366,54034.0,26555.0,0.6847133071691135,36242506501.99982,374197.67955694615,2.0347957070231595,16.0,21341397816.188454
2025-12-18,ada,0.351768632023175,12749207089.89888,44370.0,24884.0,0.6615772326149258,36243160786.0332,355478.3906653422,1.783073460858383,17.0,21341397816.188454
2025-12-19,ada,0.376787434431847,13656175812.482262,40364.0,24411.0,0.7081114664109387,36243713469.570015,377136.3840568736,1.6535168571545615,16.0,21341397816.188454
2025-12-20,ada,0.37314413668620305,13524514953.687315,37384.0,22248.0,0.7023598530083927,36244747334.89061,368852.08442821965,1.6803308162531463,20.0,21451565514.021816
2025-12-21,ada,0.365707634243988,13255376453.085363,55592.0,27057.0,0.6895357692987276,36245829214.0596,351188.96018923406,2.0546254204087666,20.0,21451565514.021816
2025-12-22,ada,0.370873026781143,13443029326.230206,54454.0,33462.0,0.7019591482672591,36246985775.43929,349077.95183124073,1.6273384734923197,25.0,21451565514.021816
2025-12-23,ada,0.362683661183604,13147261544.155323,48667.0,25140.0,0.6879360536521686,36249941619.23299,335237.2222118144,1.9358392999204455,24.0,21451565514.021816
2025-12-24,ada,0.35635354811516107,12917952903.22028,35003.0,20383.0,0.6776297819455598,36250383843.64746,328020.5474194921,1.7172643869891577,24.0,21451565514.021816
2025-12-25,ada,0.343494690056149,12452163002.773165,27507.0,18037.0,0.6546885432143417,36251398822.89792,317270.7480753206,1.5250318789155624,23.0,21475204604.420372
2025-12-26,ada,0.349721500902319,12678289073.525457,33056.0,22077.0,0.6666830373263272,36252529629.47405,321138.91427183326,1.4973048874394166,20.0,21475204604.420372
2025-12-27,ada,0.367480636515775,13322407845.469072,29862.0,19864.0,0.7001725048239907,36253360100.23259,335796.0343631228,1.5033225936367298,23.0,21475204604.420372
2025-12-28,ada,0.366803976985578,13298551681.297611,28058.0,19732.0,0.7015282513302571,36255200367.74433,333730.47798056115,1.4219541860936549,24.0,21475204604.420372
2025-12-29,ada,0.35281868266872907,12793062567.838299,37623.0,25393.0,0.6794520892808918,36259595073.2293,321599.3807825211,1.4816287953372977,24.0,21475204604.420372
2025-12-30,ada,0.35107158697127505,12730746171.628723,34669.0,26624.0,0.6769822397627457,36262536314.766945,319369.91017741914,1.3021709735576923,23.0,21380792173.008965
2025-12-31,ada,0.33267882570178703,12064768333.512287,40813.0,28572.0,0.6450260652568199,36265513165.92399,298791.6258004332,1.4284264314713706,21.0,21380792173.008965
2026-01-01,ada,0.356429464002176,12926338894.96005,32572.0,20936.0,0.69022576659892,36266190650.50451,317995.028105144,1.5557890714558655,20.0,21380792173.008965
2026-01-02,ada,0.394215351824532,14297108162.344341,36946.0,24641.0,0.7583698350878981,36267253662.68355,349042.883713683,1.4993709670873747,28.0,21380792173.008965
2026-01-03,ada,0.389388802544269,14122360648.274904,29156.0,21909.0,0.7496727626299472,36268019408.87696,342390.49522269267,1.3307773061299009,29.0,21380792173.008965
2026-01-04,ada,0.39979290732788203,14500543646.624268,30790.0,22951.0,0.7681448291733785,36270137315.697655,349217.1482461351,1.3415537449348611,25.0,21393258962.888844
2026-01-05,ada,0.42260979694246403,15328724937.850908,39266.0,26806.0,0.8081359459674203,36271579714.31938,365244.81731970294,1.4648213086622397,26.0,21393258962.888844
2026-01-06,ada,0.41960213761678505,15219926744.393192,35402.0,23697.0,0.810852532276422,36272281239.64725,369268.13127123215,1.4939443811452926,44.0,21393258962.888844
2026-01-07,ada,0.40183703672800103,14575878466.53581,26809.0,20051.0,0.780079295750152,36273108584.56798,369016.2544196122,1.3370405466061543,42.0,21393258962.888844
2026-01-08,ada,0.3961658753727161,14370459257.588379,23267.0,18704.0,0.7696873039902088,36273844242.81505,377940.516577787,1.2439585115483318,28.0,21393258962.888844
2026-01-09,ada,0.391059925372719,14186248122.373243,28291.0,19451.0,0.760976737018983,36276404719.43613,378141.13065507804,1.4544753483111408,27.0,21385329421.986637
2026-01-10,ada,0.387631247065063,14062351443.405228,22947.0,17038.0,0.7553663941616356,36277651891.78594,377586.6424644383,1.3468130062213874,25.0,21385329421.986637
2026-01-11,ada,0.38941520407025304,14127265214.174566,18633.0,15155.0,0.7590503240233835,36278155209.43532,389329.8655200464,1.229495216100297,29.0,21385329421.986637
2026-01-12,ada,0.386207578828313,14011092593.221582,22629.0,17281.0,0.753479573082859,36278657802.95875,395179.59648065385,1.3094728314333661,27.0,21385329421.986637
2026-01-13,ada,0.421361416545343,15286606576.130161,25882.0,18833.0,0.8194275955768064,36279084832.83058,439429.94902873633,1.3742898104391228,26.0,21385329421.986637
2026-01-14,ada,0.41409576345736104,15052166580.074884,28560.0,21666.0,0.8057250810028342,36349482193.20478,444310.6735620457,1.3181944059817226,48.0,21404991557.393013
2026-01-15,ada,0.393483319327219,14303404136.728153,28040.0,20371.0,0.7673692638872972,36350725517.880226,429604.45445323025,1.3764665455795002,61.0,21404991557.393013
2026-01-16,ada,0.39553376727515005,14378304438.143633,23724.0,17378.0,0.771087901611269,36351648399.57008,439702.5391687892,1.3651743583841638,49.0,21404991557.393013
2026-01-17,ada,0.396270564205262,14405180970.675213,19527.0,15636.0,0.7728116142664788,36351882455.77977,449286.8990402686,1.248848810437452,50.0,21404991557.393013
2026-01-18,ada,0.381145936252117,13855783420.321539,19606.0,15205.0,0.7443688835170679,36352961169.06869,450197.71858373756,1.2894442617560014,49.0,21404991557.393013
2026-01-19,ada,0.36995027647730705,13449038008.16342,30271.0,20815.0,0.7264597498772883,36353636862.299774,449598.68027328356,1.4542877732404516,44.0,21452877819.651592
2026-01-20,ada,0.35058236505917706,12745689527.175524,28592.0,20066.0,0.6912362085652176,36355763431.010284,436549.07671172835,1.4248978371374463,32.0,21452877819.651592
2026-01-21,ada,0.366562695267575,13326898532.855299,29146.0,17973.0,0.7227229320467746,36356396067.87383,459749.79044993664,1.6216547042786402,24.0,21452877819.651592
2026-01-22,ada,0.35882263467330205,13045881528.669401,22480.0,17509.0,0.7106970632018019,36357465410.58457,452860.13411909644,1.2839111314181277,20.0,21452877819.651592
2026-01-23,ada,0.360242909611422,13097696275.220217,23963.0,17230.0,0.7143255434259302,36357957161.03925,459842.58242531394,1.3907719094602438,24.0,21452877819.651592
2026-01-24,ada,0.358199602698463,13023720958.5301,20375.0,16593.0,0.7114581501438202,36358836973.62343,462750.0825961761,1.2279274392816248,25.0,21514024128.61672
2026-01-25,ada,0.33846955393556905,12306975944.90083,24246.0,18379.0,0.6743612413346091,36360658741.09192,439408.74934772955,1.3192230262799935,25.0,21514024128.61672
2026-01-26,ada,0.35234783937156106,12811743431.142687,25396.0,17600.0,0.7018592602372434,36361067103.44357,464675.8360410199,1.4429545454545454,20.0,21514024128.61672
2026-01-27,ada,0.36086617375272906,13121662786.166496,25409.0,18938.0,0.7186610659994673,36361575954.07559,481694.31444698165,1.3416939486746224,29.0,21514024128.61672
2026-01-28,ada,0.35841607615784504,13032785320.199656,22171.0,18627.0,0.7134970021452391,36362167288.66835,490417.88823698874,1.1902614484350673,29.0,21514024128.61672
2026-01-29,ada,0.333793981944221,12138390523.41312,27814.0,21994.0,0.6683804750569583,36364917224.425934,459701.6988922081,1.2646176229880877,26.0,21570932611.49157
2026-01-30,ada,0.3202213088786,11647452318.34613,34003.0,23975.0,0.6452760369694114,36373133190.71414,442871.91644931276,1.418269030239833,16.0,21570932611.49157
2026-01-31,ada,0.292892617605943,10653610885.843885,51137.0,28597.0,0.5926167589592045,36373777437.35838,393341.9633580556,1.788194565863552,20.0,21570932611.49157
2026-02-01,ada,0.286294928662773,10413776242.426098,33161.0,21871.0,0.5833548298676103,36374295175.49189,383288.70805659535,1.5162086781582917,14.0,21570932611.49157
2026-02-02,ada,0.298994218424091,10876005742.603546,36027.0,24243.0,0.6097260331619808,36375304512.33377,402013.12830082234,1.4860784556366786,14.0,21570932611.49157
2026-02-03,ada,0.291214143345471,10593252350.235031,33480.0,27816.0,0.5962783467046825,36376160266.59846,392557.65168568614,1.2036238136324418,17.0,21556514440.366016
2026-02-04,ada,0.28623664706100604,10412528438.565777,32114.0,21810.0,0.5871626492849883,36377342124.00322,383170.2520858332,1.4724438331040808,14.0,21556514440.366016
2026-02-05,ada,0.247614545888786,9007967484.617224,57441.0,31755.0,0.5123441246747409,36378991598.75316,317235.810366803,1.8088804912612186,12.0,21556514440.366016
2026-02-06,ada,0.27654156046155004,10060528442.401392,48472.0,27570.0,0.5725133861966756,36379806440.70386,345533.490979703,1.7581429089590135,9.0,21556514440.366016
2026-02-07,ada,0.27175753026424804,9886555436.765007,26909.0,19038.0,0.563036288411547,36380060663.45852,337916.0753183809,1.4134362853240887,6.0,21556514440.366016
2026-02-08,ada,0.270406268734736,9837631290.669357,24130.0,17464.0,0.5614511398623165,36380929098.65158,334002.67506410414,1.3816994961062758,7.0,21333861050.004227
2026-02-09,ada,0.270033971398976,9824513786.435026,28104.0,19051.0,0.5610525716171604,36382510450.58059,331357.52008020034,1.4751981523279618,14.0,21333861050.004227
2026-02-10,ada,0.261530123688939,9515173926.500555,24771.0,17283.0,0.5442543107810347,36382707247.20719,321354.27804201527,1.4332581149106058,9.0,21333861050.004227
2026-02-11,ada,0.255328182124001,9289618524.17827,27175.0,17889.0,0.5326133165791521,36383051987.84025,314261.62481936533,1.5190899435407232,11.0,21333861050.004227
2026-02-12,ada,0.263729726744503,9595552294.311338,28807.0,19775.0,0.5651024187923492,36384037600.76448,324310.62819734355,1.4567383059418457,5.0,21333861050.004227
2026-02-13,ada,0.27230988660209404,9907976504.019289,30664.0,22334.0,0.5835404056302214,36384931254.79896,332088.0187990295,1.3729739410763857,9.0,21331595884.01636
2026-02-14,ada,0.295259374234663,10743321036.246868,27109.0,18946.0,0.6304806762557077,36386045537.40065,356847.71518768964,1.4308561173862557,9.0,21331595884.01636
2026-02-15,ada,0.281149427884238,10229982376.325853,23006.0,17691.0,0.601767260281368,36386282032.691895,338431.7629899866,1.3004352495619242,8.0,21331595884.01636
2026-02-16,ada,0.285474965935064,10387524782.667852,23200.0,16211.0,0.6117642355288624,36386815035.23033,346538.7833160172,1.4311270125223614,12.0,21331595884.01636
2026-02-17,ada,0.28086098560050005,10219741282.756771,21322.0,17231.0,0.6027242816390848,36387187280.23497,343920.3731553469,1.2374209273982937,10.0,21331595884.01636
2026-02-18,ada,0.273089176387935,9937363977.941328,24208.0,17341.0,0.5886307847409499,36388714153.30234,336414.2302838096,1.395997923995156,8.0,21513392623.540977
2026-02-19,ada,0.27254334019278503,9918009220.692099,24682.0,17595.0,0.5880437785828234,36390576315.959656,334867.4757618254,1.4027848820687696,9.0,21513392623.540977
2026-02-20,ada,0.284872244056729,10366845011.632412,27647.0,17261.0,0.6135215969538184,36391207735.80165,348473.7452588388,1.6017032616881988,7.0,21513392623.540977
2026-02-21,ada,0.280215574135538,10197522791.597258,23100.0,17240.0,0.6041409438985672,36391706003.695564,341664.3889467255,1.339907192575406,8.0,21513392623.540977
2026-02-22,ada,0.270883155032349,9857968970.095804,18805.0,14115.0,0.5847679442640948,36391960101.46353,332452.24550586625,1.3322706340772228,9.0,21513392623.540977
2026-02-23,ada,0.262843728217439,9565653111.318472,24614.0,19391.0,0.5699229419372476,36392928894.25625,322898.2510975732,1.2693517611262957,5.0,21523562757.69697
2026-02-24,ada,0.258943097686649,9424022544.508612,24259.0,20137.0,0.563896354656317,36394183234.46785,318559.0213178304,1.204697819933456,8.0,21523562757.69697
2026-02-25,ada,0.297659648881567,10833419557.95171,32348.0,20466.0,0.6443333382743228,36395324655.71818,361756.10234672244,1.5805726570898075,11.0,21523562757.69697
2026-02-26,ada,0.28706096309894,10447912822.947145,24577.0,18218.0,0.6236825032448862,36396146345.21417,350235.0839517188,1.3490503897244484,11.0,21523562757.69697
2026-02-27,ada,0.277474432369381,10099171548.285908,25390.0,18587.0,0.6039320162467446,36396764422.75458,342071.88617314445,1.366008500564911,13.0,21523562757.69697
2026-02-28,ada,0.28140753425033904,10242584761.284492,28002.0,19036.0,0.6124548251056172,36397692011.233536,356918.2417898729,1.4710023114099602,11.0,21571947707.756783
2026-03-01,ada,0.27360069078667604,9958678622.586704,23655.0,16826.0,0.5961817342037888,36398587276.78212,351179.6979821965,1.4058599786045405,14.0,21571947707.756783
2026-03-02,ada,0.27723246913917104,10090995795.6566,24708.0,18257.0,0.6048748092643071,36399040224.220314,360991.7506964808,1.3533439228788957,10.0,21571947707.756783
2026-03-03,ada,0.262880095010649,9569159195.672543,22610.0,16024.0,0.5760456701449277,36401231501.703865,347144.84358430584,1.4110084872690964,14.0,21571947707.756783
2026-03-04,ada,0.275903794981113,10043656966.152124,23016.0,17053.0,0.6043798644772905,36402750338.53616,368704.5564586459,1.3496745440684923,10.0,21571947707.756783
2026-03-05,ada,0.269130400890581,9797378302.633757,23246.0,17208.0,0.5929187285845136,36403833495.63332,376545.00597601925,1.350883310088331,22.0,21750394647.28217
2026-03-06,ada,0.259237474094877,9437482452.09556,21077.0,17202.0,0.5720896577949537,36404777068.000534,376884.97557363735,1.225264504127427,18.0,21750394647.28217
2026-03-07,ada,0.254594797051777,9268498317.465721,17915.0,13876.0,0.562972407708338,36404900747.36596,374946.29448518914,1.2910781204958202,12.0,21750394647.28217
2026-03-08,ada,0.24982815625517701,9095037629.200754,19241.0,13462.0,0.5531539752740151,36405174522.8868,370546.5103609141,1.429282424602585,12.0,21750394647.28217
2026-03-09,ada,0.25524634869262003,9292372390.416437,20195.0,14671.0,0.5653292700901092,36405505653.703835,382993.75863018894,1.376525117578897,8.0,21750394647.28217
2026-03-10,ada,0.26192346777152403,9535664503.203922,22363.0,16232.0,0.5799534167435529,36406300605.03738,394419.31584836764,1.3777106949236078,13.0,21787927325.33721
2026-03-11,ada,0.26298887942333404,9574749617.433836,33043.0,19427.0,0.5832651039241177,36407431517.36592,392632.4774397341,1.700880218252947,15.0,21787927325.33721
2026-03-12,ada,0.263634893525522,9598457646.492773,24147.0,16078.0,0.5862559335676079,36408145819.14804,396309.38643542596,1.501865903719368,18.0,21787927325.33721
2026-03-13,ada,0.265635761150872,9671375299.81334,27750.0,16961.0,0.5922067469156568,36408408483.52617,401043.35289902554,1.6361063616532043,15.0,21787927325.33721
2026-03-14,ada,0.26269394727946305,9564319754.424496,20696.0,13827.0,0.5864969989643997,36408603446.99773,400406.91413243866,1.4967816590728285,16.0,21787927325.33721
2026-03-15,ada,0.26962861569307006,9817073697.543144,20861.0,16008.0,0.6015694064477431,36409613543.09049,412310.7044808926,1.3031609195402298,15.0,21849668855.03669
2026-03-16,ada,0.290483323030341,10576834903.630142,28307.0,20850.0,0.645218966366707,36411160521.34047,440843.15390310576,1.3576498800959234,23.0,21849668855.03669
2026-03-17,ada,0.289588715431693,10544480245.903522,22702.0,17392.0,0.6441193481418311,36411916915.287094,438593.6367442386,1.3053127874885004,28.0,21849668855.03669
2026-03-18,ada,0.274175393830951,9983593706.330402,24182.0,15942.0,0.611730974916607,36413164459.55763,415279.81450646266,1.516873667043031,26.0,21849668855.03669
2026-03-19,ada,0.26715735875102203,9728317805.34388,21406.0,14886.0,0.5979672314957166,36414186196.571175,406640.32076700666,1.4379954319494828,23.0,21849668855.03669
2026-03-20,ada,0.265967487914667,9685274697.930794,21676.0,15809.0,0.5958971051225901,36415258022.2069,408482.253174184,1.3711177177557088,11.0,21839820414.776833
2026-03-21,ada,0.262192493109263,9548023617.674059,21107.0,15104.0,0.5879839504390432,36416083101.5674,403906.1325081412,1.3974443855932204,12.0,21839820414.776833
2026-03-22,ada,0.251246838040706,9149487723.289322,19975.0,14322.0,0.5641993270701189,36416329831.8085,386364.077669411,1.3947074430945399,10.0,21839820414.776833
2026-03-23,ada,0.26123103413842,9513180507.02668,24248.0,16478.0,0.5866880279552972,36416731796.06171,401943.9419177051,1.471537807986406,8.0,21839820414.776833
2026-03-24,ada,0.266142823112459,9692200304.825588,22063.0,15034.0,0.5976244351642469,36417289752.465485,410869.2555936153,1.4675402421178663,11.0,21839820414.776833
2026-03-25,ada,0.270120932446826,9837344062.494684,25478.0,19250.0,0.6073685421538626,36418295958.722824,421405.2373948974,1.3235324675324676,14.0,21726675466.81441
2026-03-26,ada,0.254298394455938,9261661384.241827,26337.0,19887.0,0.5743394753029637,36420447734.46883,395679.12950150925,1.324332478503545,10.0,21726675466.81441
2026-03-27,ada,0.24577443635672802,8951288595.503769,23461.0,18049.0,0.55732823630069,36420747121.60653,383548.1832657281,1.299850407224777,13.0,21726675466.81441
2026-03-28,ada,0.24593410093182003,8957183398.843342,22334.0,15570.0,0.5576544815023732,36421071193.077576,387158.87978773285,1.4344251766217084,12.0,21726675466.81441
2026-03-29,ada,0.239400060473033,8719286046.189833,21413.0,14608.0,0.5436929658476707,36421402855.79422,378185.054601399,1.4658406352683462,9.0,21726675466.81441
2026-03-30,ada,0.243175131016562,8857224539.534815,27232.0,18885.0,0.5547155693500105,36423233340.13779,382671.7449006757,1.4419909981466772,8.0,21693633140.19533
2026-03-31,ada,0.24125248989775802,8787928334.13061,32194.0,22259.0,0.5526151490616229,36426269995.61706,374144.8812931463,1.4463363134013207,11.0,21693633140.19533
2026-04-01,ada,0.24789100597268302,9030017625.81379,28654.0,21483.0,0.5675413323280265,36427370934.17934,381184.0041772555,1.3337988176697855,8.0,21693633140.19533
2026-04-02,ada,0.23929994907885102,8717145410.122347,25224.0,16649.0,0.5491158394405201,36427694379.70079,366882.6728606795,1.515045948705628,12.0,21693633140.19533
2026-04-03,ada,0.245815396467881,8954576695.81715,21640.0,15661.0,0.5636252845332639,36428054647.85922,376556.89242957835,1.3817763872038822,9.0,21693633140.19533
2026-04-04,ada,0.247822808818938,9027804783.852657,20927.0,15575.0,0.5681280423083217,36428466075.72941,377926.6896729257,1.3436276083467096,11.0,21754686921.728844
2026-04-05,ada,0.250057022688773,9109495430.269663,20395.0,14595.0,0.5734036764771396,36429672449.58187,380689.6494791877,1.3973963686193902,12.0,21754686921.728844
2026-04-06,ada,0.24591464445069103,8958816267.980545,21296.0,16624.0,0.5649639685331879,36430592769.26024,373778.4889585408,1.2810394610202118,13.0,21754686921.728844
2026-04-07,ada,0.264633061678752,9640861020.255354,22732.0,15237.0,0.6063979740654047,36431052715.39638,402013.62448196503,1.491894729933714,11.0,21754686921.728844
2026-04-08,ada,0.25070236852466404,9133472312.330708,22460.0,15626.0,0.5754841800980554,36431535793.13775,386954.7368882894,1.4373480097273774,17.0,21754686921.728844
2026-04-09,ada,0.254305521496247,9277600169.49489,19404.0,15603.0,0.5841390847694162,36482102767.20951,395902.18873291474,1.243606998654105,14.0,21747605508.697433
2026-04-10,ada,0.25421706828359103,9274627397.7207,21033.0,16355.0,0.5842445701973238,36483102650.58371,399868.7588421657,1.2860287373891777,16.0,21747605508.697433
2026-04-11,ada,0.24965155425684604,9108109268.868542,18586.0,14172.0,0.5743253742666925,36483286859.483986,393969.44593431015,1.3114592153542195,15.0,21747605508.697433
2026-04-12,ada,0.23623668241117,8618803342.770279,18938.0,13749.0,0.5444105058160131,36483763887.98607,373915.3981034636,1.3774092661284456,16.0,21747605508.697433
2026-04-13,ada,0.24826824106074902,9057861253.030127,19934.0,16522.0,0.5719443252770003,36484172177.35775,398128.3722218284,1.206512528749546,12.0,21747605508.697433
2026-04-14,ada,0.239789939484908,8748781734.259731,24804.0,17461.0,0.5567118446366289,36485190967.78188,383278.4233630128,1.420537197182292,21.0,21816649876.64149
2026-04-15,ada,0.24593261024365504,8973374835.42064,21718.0,17220.0,0.5714694343760627,36487128837.9787,394639.1223567944,1.2612078977932637,23.0,21816649876.64149
2026-04-16,ada,0.25948019399262,9467853230.288067,22939.0,16362.0,0.6013697604166917,36487768428.8973,415385.55261197215,1.4019679745752354,23.0,21816649876.64149
2026-04-17,ada,0.258780581047805,9445340674.741774,25591.0,17218.0,0.5999582343004037,36499418296.75743,411871.26161240035,1.4862934138692065,21.0,21816649876.64149
2026-04-18,ada,0.24978436879072302,9117069283.1337,20835.0,14438.0,0.580110374845332,36499759081.29087,397725.21391884895,1.4430669067737913,26.0,21816649876.64149
2026-04-19,ada,0.242291206960999,8843754994.559126,18694.0,13474.0,0.564113428659061,36500519789.736664,386573.61301549186,1.387412795012617,27.0,21810621787.64408
2026-04-20,ada,0.248164771271642,9058429060.061073,20533.0,15188.0,0.5782237226182436,36501671907.918335,398267.1146248327,1.3519225704503555,29.0,21810621787.64408
2026-04-21,ada,0.24929269689984704,9099696316.779282,19724.0,15581.0,0.5810563095912215,36502057340.39242,401556.3141161209,1.2659007765868686,33.0,21810621787.64408
2026-04-22,ada,0.24906120686119101,9091109005.46896,20654.0,15569.0,0.5802541770128751,36501505473.45455,404250.77285048563,1.3266105722910913,32.0,21810621787.64408
2026-04-23,ada,0.249772182285077,9117201982.43498,24699.0,15818.0,0.5821161238632863,36502071203.54612,406468.3837989763,1.5614489821722088,46.0,21810621787.64408
2026-04-24,ada,0.250457025473995,9142402689.101292,34955.0,18105.0,0.5837880858353915,36502879772.684,400266.5584040394,1.9306821320077328,39.0,21800628669.22751
2026-04-25,ada,0.25019125858949604,9132912827.480768,24316.0,15422.0,0.5833985164435628,36503724706.32834,398615.7324892935,1.576708598106601,31.0,21800628669.22751
2026-04-26,ada,0.25215307422196503,9204636760.051254,23720.0,15090.0,0.5879987685644684,36504162356.34949,400306.64767840493,1.5719019218025183,33.0,21800628669.22751
2026-04-27,ada,0.247812278670924,9046295540.822308,22646.0,15553.0,0.5785463128279167,36504629993.87978,396242.8726748345,1.4560534945026682,47.0,21800628669.22751
2026-04-28,ada,0.246655734157706,9004434706.629917,22254.0,17657.0,0.5764223693499737,36506083012.33609,400639.0729227285,1.260350002831738,33.0,21800628669.22751
2026-04-29,ada,0.24421528230210204,8915574572.457079,24798.0,16336.0,0.571506325345742,36507029733.82407,399131.0051319903,1.5179970617042116,26.0,21810173265.621937
2026-04-30,ada,0.24599176589409302,8980863423.51448,23781.0,18213.0,0.5758441132290957,36508796913.88133,402983.5864693696,1.3057156975786526,29.0,21810173265.621937
2026-05-01,ada,0.24803867211348102,9055678244.647196,20728.0,16424.0,0.5807038015616437,36509138544.751205,406935.37548126205,1.2620555284948856,26.0,21810173265.621937
2026-05-02,ada,0.250356879738053,9140400284.750456,16929.0,13939.0,0.5860017077403263,36509483159.85567,413395.02754502173,1.2145060621278427,39.0,21810173265.621937
2026-05-03,ada,0.24980320842181,9120233109.89225,18985.0,13234.0,0.5848252382483516,36509671623.16068,413424.5022179279,1.434562490554632,47.0,21810173265.621937
2026-05-04,ada,0.249923737004373,9125278011.391993,24165.0,16554.0,0.5853939018303496,36512250179.87116,411740.7551610668,1.4597680318956143,40.0,21767630938.51828
2026-05-05,ada,0.262179381183037,9573271286.05042,29524.0,19227.0,0.612776778706952,36514203530.623825,427278.03912254586,1.535548967597649,50.0,21767630938.51828
2026-05-06,ada,0.26660394835343104,9734983596.963602,25870.0,17436.0,0.6224642260001887,36514776533.084755,432146.6756849006,1.4837118605184676,46.0,21767630938.51828
2026-05-07,ada,0.262490255607475,9585518299.969202,22687.0,15284.0,0.613580294241612,36517615778.86259,423308.48589858314,1.4843627322690396,47.0,21767630938.51828
2026-05-08,ada,0.273445955040029,9985666389.77494,24700.0,15560.0,0.6383919894598118,36517879331.267365,438443.76635931287,1.5874035989717223,38.0,21767630938.51828
2026-05-09,ada,0.270854494910674,9891541233.33082,21954.0,15346.0,0.6321250721479825,36519760311.13305,432029.2548192692,1.4306008080281507,38.0,21724901907.164543
2026-05-10,ada,0.28280569367004,10328259713.309177,23702.0,15717.0,0.6590527314832604,36520692279.1291,447776.1051479656,1.5080486097855825,47.0,21724901907.164543
2026-05-11,ada,0.28032990677044,10238058937.911777,25463.0,17354.0,0.6528199322770855,36521465211.685905,440097.8406392849,1.4672697937075025,48.0,21724901907.164543
2026-05-12,ada,0.271298893279778,9910274248.127594,22045.0,15277.0,0.6328923746423823,36528988851.818085,427819.6555206182,1.4430189173267003,49.0,21724901907.164543
2026-05-13,ada,0.264704333790716,9669477511.882524,21026.0,14939.0,0.6186720999271285,36529350968.34316,417870.4530560406,1.4074569917665172,42.0,21724901907.164543
2026-05-14,ada,0.271293869137536,9910422946.51941,24446.0,15975.0,0.6337365710503368,36530213447.23123,427289.1708691755,1.530266040688576,34.0,21635165740.906967
2026-05-15,ada,0.26134363162378405,9547140116.77444,23485.0,16485.0,0.6118996211924548,36530984349.8233,412965.37910220993,1.424628450106157,43.0,21635165740.906967
2026-05-16,ada,0.254970335064573,9314381772.88339,19850.0,13133.0,0.5976661958258176,36531237135.97685,403511.3318378219,1.51145968171781,31.0,21635165740.906967
2026-05-17,ada,0.25141090519033105,9184395041.477049,18659.0,12400.0,0.5897377690796596,36531410737.827736,397901.6818268931,1.504758064516129,27.0,21635165740.906967
2026-05-18,ada,0.25149510070680103,9187642046.405308,22949.0,15933.0,0.5903474863534786,36532091561.9604,396559.92825705727,1.440343940249796,28.0,21635165740.906967
2026-05-19,ada,0.248552244075074,9080543159.871803,27163.0,16922.0,0.584244333611239,36533740395.959045,387493.78342613764,1.605188511996218,25.0,21739147656.775425
2026-05-20,ada,0.24880143758040604,9089900964.151062,27726.0,17396.0,0.5857730034808617,36534760620.96083,383756.9859342301,1.5938146700390894,27.0,21739147656.775425
2026-05-21,ada,0.25043780653666103,9149769480.651596,26388.0,16368.0,0.5903769059131821,36535096705.984695,385303.2805118326,1.6121700879765395,29.0,21739147656.775425
2026-05-22,ada,0.24347106663873902,8895352181.504675,30123.0,16523.0,0.575394133750898,36535561717.0871,377331.69679241505,1.8230950795860317,28.0,21739147656.775425
2026-05-23,ada,0.245818490801265,8981193769.41899,27828.0,15741.0,0.5810170133190979,36535875475.20966,378956.74997623806,1.767867352773013,28.0,21739147656.775425
2026-05-24,ada,0.24191770982923802,8838911315.709805,21633.0,14369.0,0.5724586325453392,36536850989.325714,374129.85325911065,1.505532744101886,25.0,21736625520.210224
2026-05-25,ada,0.24337468635719603,8892403534.073458,21386.0,15721.0,0.5767387937085542,36537914715.67532,377112.35182296444,1.3603460339673048,30.0,21736625520.210224
2026-05-26,ada,0.23991535300347203,8766156759.824713,24742.0,16479.0,0.5691971795619044,36538540156.27692,370362.7985168913,1.501426057406396,34.0,21736625520.210224
2026-05-27,ada,0.236682161131667,8648159400.188875,24316.0,16986.0,0.5623980244886216,36539126391.43884,365643.4371838081,1.4315318497586247,25.0,21736625520.210224
2026-05-28,ada,0.23454889639733104,8570282640.771514,36895.0,19740.0,0.5582837785113057,36539428547.35614,355314.83466263884,1.869047619047619,22.0,21736625520.210224
2026-05-29,ada,0.232251005317988,8486683994.0196295,29100.0,17475.0,0.5536578137580389,36541000037.43807,347540.7309405338,1.6652360515021458,23.0,21747170027.817802
2026-05-30,ada,0.23542096108767102,8602782157.56664,25691.0,16420.0,0.5621256435256767,36542124872.06251,347837.621045841,1.5646163215590743,23.0,21747170027.817802
2026-05-31,ada,0.234977268030392,8586644475.772789,22138.0,15347.0,0.5613429217152461,36542447479.05653,345611.5329195809,1.4424969049325602,28.0,21747170027.817802
2026-06-01,ada,0.23067828197029203,8430029556.339187,31121.0,17225.0,0.5525789002424898,36544530695.89296,335948.5739990852,1.8067343976777939,29.0,21747170027.817802
